year,month,section,division,noofbookings,delivered,applied,approved,collection,demand,noofcans,latitude,longitude,gwl_mean,gwl_min,gwl_max
2022,1,ADARSHNAGAR,12,6,6,1.0,0.0,11299865.84,18869368.12,5883.0,17.404546984247553,78.47358389715174,-4.225103036755199,-6.03,25.278
2022,1,ADIKMET,5,81,81,3.0,0.0,806258.06,9867096.65,2931.0,17.4095495,78.5130943,-6.672931671786576,-12.052,1.0
2022,1,AHMED NAGAR,3,7,7,4.0,0.0,11081.0,2868716.6,2906.0,17.404066,78.4442286,-1.2240510318391513,-3.314,1.0
2022,1,ALIABAD,33,1,1,8.0,3.0,104191.4,7206657.5,6411.0,17.34563,78.4726799,-4.981351632256168,-19.652,1.0
2022,1,ALKAPURI,10,115,115,16.0,1.0,1088264.39,24713771.15,8320.0,17.3662342,78.5549781,-15.115934266731193,-24.0,38.681
2022,1,ALLABANDA,4,6,6,4.0,1.0,92972.0,13062532.55,7805.0,17.3803134,78.4577022,-5.100407564636875,-8.085,-1.774
2022,1,ALWAL,13,41,41,31.0,2.0,34859162.42,48249116.8,8822.0,17.5022292,78.5088584,-4.221987933535047,-6.62,-1.252
2022,1,ASIF NAGAR,3,10,10,14.0,6.0,126611.0,13887638.6,5405.0,17.3857483,78.4505083,-5.100407564636875,-8.085,-1.774
2022,1,ASMANGARH,2,24,24,2.0,0.0,1020495.5,15722247.2,5575.0,17.36850992532914,78.51429549554615,-9.772093976293876,-15.772,8.35
2022,1,ATTAPUR,16,37,37,42.0,19.0,267184.1,18364476.65,8743.0,17.3672244,78.4307278,-7.357040143594367,-8.99,1.0
2022,1,AUTONAGAR,34,28,28,59.0,25.0,3797607.0,13276616.05,10141.0,17.3356141,78.5792031,-18.449006726509495,-54.592,-0.173
2022,1,AZAMABAD,5,106,106,2.0,0.0,829246.4,29630378.1,11028.0,17.4040194,78.5043767,-2.1866529029494384,-4.994,1.0
2022,1,B.N.REDDY NAGAR,34,13,13,23.0,5.0,162387.59,14978497.8,7039.0,17.321914,78.5597937,-8.534793235350607,-12.209,-3.889
2022,1,BACHUPALLY,23,9,9,45.0,15.0,7184762.26,10166219.3,3796.0,17.536648,78.3644736,-77.33563988117173,-83.42,20.074
2022,1,BADANGPET,20,6,6,84.0,24.0,4262911.18,5591706.4,20319.0,17.3383467,78.5222127,-13.665723696483987,-15.8,-7.95
2022,1,BAGH LINGAMPALLY,5,69,69,1.0,0.0,517861.29,7632832.65,6107.0,17.3974359,78.4979706,-2.1866529029494384,-4.994,1.0
2022,1,BAHADURPURA,1,2,2,7.0,0.0,4711396.39,13297529.03,5922.0,17.3570672,78.4545419,-4.981351632256168,-19.652,1.0
2022,1,BALAJINAGAR,9,427,427,7.0,0.0,1909397.22,21714097.9,7806.0,17.5149256,78.560679,-7.086502418049685,-10.359,1.0
2022,1,BALANAGAR,9,19,19,15.0,3.0,1534225.93,28170095.93,10809.0,17.4768224,78.4219645,-40.21863524752012,-59.528,-11.334
2022,1,BANJARA HILLS,6,1205,1205,17.0,2.0,16555549.68,58109719.2,10851.0,17.4177464,78.4399014,-6.267983222411594,-34.86,-1.588
2022,1,BARKATPURA,5,64,64,3.0,0.0,1008671.18,14980531.95,6439.0,17.3926121,78.4969683,-2.1866529029494384,-4.994,1.0
2022,1,BEERAMGUDA,24,4,4,36.0,16.0,3062822.3,2575255.4,9459.0,17.5091218,78.3004614,-10.108599999483703,-48.466,12.475
2022,1,BHAGATSINGH NAGAR,12,8,8,5.0,0.0,219587.14,8004347.01,5309.0,17.49324711103568,78.38735077021973,-21.42419514433048,-104.503,-11.263
2022,1,BHAGYANAGAR,9,229,229,18.0,1.0,2702140.18,49237821.53,6136.0,17.4076662,78.4957155,-2.1866529029494384,-4.994,1.0
2022,1,BHARATHNAGAR,9,156,156,4.0,0.0,342096.52,11802777.4,6549.0,17.3478913,78.55648,-11.76366817945535,-19.847,-2.831
2022,1,BODUPPAL,19,40,40,99.0,45.0,3902646.73,6130709.35,24375.0,17.3988408,78.5366218,-17.80370829758031,-23.95,-4.554
2022,1,BOGULKUNTA,4,1,1,,,,,,17.3920372,78.4801852,-3.3423306430785304,-5.452,1.0
2022,1,BOIGUDA,7,39,39,3.0,1.0,257361.0,13906174.4,5641.0,17.4286363,78.4969962,-6.740992341257842,-8.752,-0.051
2022,1,BORABANDA,6,57,57,12.0,5.0,100427.0,12033617.4,7113.0,17.4590687,78.4078664,-5.390432301805981,-9.201,-1.035
2022,1,BOUDHANAGAR,7,18,18,2.0,0.0,124352.69,8105340.15,6418.0,17.4160319,78.517419,-6.672931671786576,-12.052,1.0
2022,1,BUDVEL,16,30,30,23.0,7.0,3207412.28,27919917.03,7311.0,17.33298,78.406191,-8.60961196694741,-20.379,1.0
2022,1,CHANCHALGUDA,2,1,1,2.0,1.0,86121.6,12992988.85,5459.0,17.3673732,78.4965799,-9.772093976293876,-15.772,8.35
2022,1,CHANDA NAGAR,15,201,201,27.0,2.0,580226.64,27447768.6,8790.0,17.4534764,78.3943669,-5.798614192233966,-10.565,-3.21
2022,1,CHANUKYAPURI,13,82,82,13.0,0.0,355990.8,18410336.71,11820.0,17.35903320948377,78.5617337593459,-11.76366817945535,-19.847,-2.831
2022,1,CHERLAPALLY,14,7,7,12.0,2.0,249181.18,11135696.55,8202.0,17.4687455,78.6024858,-3.9776102214750892,-28.936,-0.751
2022,1,CHINTAL,12,31,31,23.0,5.0,8099773.22,31363524.1,9602.0,17.5021756,78.440609,-6.350885176856137,-10.305,-2.767
2022,1,CHINTAL BASTHI,3,67,67,3.0,0.0,918129.0,14179549.95,5178.0,17.4073576,78.4567152,-1.2240510318391513,-3.314,1.0
2022,1,DARUL SHIFA,1,2,2,,,471220.15,11548865.25,6264.0,17.366904,78.481078,-3.423985738728608,-11.371,1.0
2022,1,DEEPTHISRI NAGAR,15,178,178,26.0,10.0,1348747.33,30477375.75,4998.0,17.50066559761306,78.33937200961574,-1.7808493513536299,-2.91,-0.787
2022,1,DEFENCE COLONY,13,145,145,16.0,9.0,249822.81,14109919.2,11573.0,17.3176682,78.6117136,-9.552658212982246,-46.221,1.0
2022,1,DHAMMAIGUDA,19,1,1,243.0,5.0,361954.87,3347197.05,10517.0,17.4989069255254,78.59838586027956,-19.770034480776104,-59.541,14.483
2022,1,DHOOD BOWLI,1,1,1,5.0,2.0,327820.0,12731760.8,6088.0,17.358865699843125,78.46540079693314,-4.981351632256168,-19.652,1.0
2022,1,DILSHUKNAGAR,10,22,22,6.0,1.0,730671.92,16327642.3,6069.0,17.3710329,78.5254623,-36.09192193271679,-58.971,1.0
2022,1,DOMALGUDA,5,15,15,3.0,0.0,569446.56,15167441.6,5458.0,17.4078455,78.4850003,-4.225103036755199,-6.03,25.278
2022,1,ERRAGADDA,6,70,70,17.0,7.0,773300.3,31932930.05,6676.0,17.4487999,78.4356074,-4.2143448867979,-7.86,1.0
2022,1,FATHENAGAR,6,107,107,8.0,0.0,4005926.62,33923651.25,7680.0,17.4598339,78.4525504,-4.2143448867979,-7.86,1.0
2022,1,FATHER BALAIAHNAGAR,13,422,422,32.0,14.0,161085.28,14074495.35,5926.0,17.50818327428803,78.4937064516262,-16.764837433599137,-24.574,36.118
2022,1,FILM NAGAR,6,107,107,2.0,0.0,6731020.72,43548171.7,7940.0,17.4140574,78.4105031,-6.043137507893525,-6.746,-0.009
2022,1,GACHIBOWLI,15,439,439,40.0,14.0,31042552.29,71966589.53,6498.0,17.4436222,78.3519638,-7.851808252285321,-13.636,1.0
2022,1,GAJULARAMARAM,12,83,83,74.0,24.0,556369.5,9264478.0,7949.0,17.5271759,78.4200077,-5.1367885188728355,-18.138,-0.624
2022,1,GANDHINAGAR,5,64,64,1.0,0.0,961906.45,22620126.95,5999.0,17.4077928,78.4925707,-4.225103036755199,-6.03,25.278
2022,1,GAYATRI NAGAR,9,132,132,18.0,1.0,366151.04,15942137.45,6816.0,17.4566764,78.4035867,-5.798614192233966,-10.565,-3.21
2022,1,GODE-KI-KABAR,4,14,14,2.0,0.0,250822.1,15224372.0,7862.0,17.376976148401162,78.46196399554636,-5.100407564636875,-8.085,-1.774
2022,1,GOLCONDA,3,4,4,4.0,1.0,7223059.0,13171605.4,5885.0,17.3873294,78.4057336,-6.272660829945958,-16.898,-0.04
2022,1,GOWLIGUDA,4,46,46,,,880828.8,10393594.0,4791.0,17.377643,78.4787716,-3.423985738728608,-11.371,1.0
2022,1,GOWTHAM NAGAR,13,36,36,9.0,3.0,475300.89,19239286.7,8014.0,17.4539263,78.527344,-4.236881728429952,-6.098,1.0
2022,1,GUNFOUNDRY,4,216,216,4.0,0.0,3886340.32,9027509.2,3780.0,17.3936441,78.4756654,-3.3423306430785304,-5.452,1.0
2022,1,HAFEEZPET,15,1919,1919,31.0,15.0,3121942.44,25054811.05,6578.0,17.4834409,78.3611316,-17.663445787684253,-26.918,1.0
2022,1,HAKEEMPET,3,22,22,5.0,1.0,175114.01,48070438.5,4478.0,17.4056403,78.4178824,-6.043137507893525,-6.746,-0.009
2022,1,HASMATHPET,9,123,123,23.0,2.0,654463.89,35049261.5,10051.0,17.4758254,78.4847371,-1.3120815705640303,-1.67,1.0
2022,1,HASSAN NAGAR,1,1,1,2.0,0.0,55645.62,8156757.25,4465.0,17.336155,78.44363,-28.06282154849126,-35.473,1.0
2022,1,HOUSING BOARD,14,14,14,12.0,4.0,190856.5,14665319.75,9338.0,17.4922068,78.3973638,-21.42419514433048,-104.503,-11.263
2022,1,HUBSIGUDA,14,108,108,19.0,4.0,7598783.36,43424939.07,6965.0,17.412012724821263,78.54561665602095,-7.538105379814497,-8.769,-2.539
2022,1,HYDERGUDA,16,44,44,39.0,11.0,473113.97,35234845.95,6414.0,17.4012791,78.4804894,-4.225103036755199,-6.03,25.278
2022,1,JAGATHGIRIGUTTA,12,10,10,58.0,38.0,142538.67,14945607.15,11396.0,17.4993176,78.4226016,-5.1367885188728355,-18.138,-0.624
2022,1,JALPALLY,20,1,1,256.0,71.0,73778.0,131199.4,13942.0,17.3061541,78.4738589,-7.546780559786242,-12.3,-1.008
2022,1,JAWAHARNAGAR,25,2,2,905.0,493.0,3081756.21,4251587.95,15303.0,17.437754,78.4845463,-1.9424732071532318,-2.693,-0.068
2022,1,JEEDIMETLA,12,27,27,24.0,4.0,4755899.05,16065291.1,8413.0,17.519687,78.4468876,-6.350885176856137,-10.305,-2.767
2022,1,JILLELAGUDA,20,2,2,38.0,2.0,1099553.06,1371384.95,4930.0,17.3376801,78.5322366,-13.665723696483987,-15.8,-7.95
2022,1,JUBILEE HILLS,6,747,747,14.0,0.0,3469511.63,38547882.35,6632.0,17.4308362,78.4102882,-6.043137507893525,-6.746,-0.009
2022,1,KAKATIYA NAGAR,3,21,21,2.0,0.0,369614.01,13180180.15,3997.0,17.4785837,78.5406026,-12.484480768704271,-19.217,1.0
2022,1,KAMALANAGAR,34,26,26,18.0,6.0,325800.76,7728604.65,7910.0,17.4728043,78.566675,-9.045252142363507,-29.864,-0.004
2022,1,KARWAN,3,3,3,5.0,1.0,130089.26,11458094.15,6685.0,17.376013,78.4331894,-7.357040143594367,-8.99,1.0
2022,1,KATEDAN,16,2,2,45.0,32.0,285268.3,19201289.15,7015.0,17.3026835,78.4398207,-1.2653078280464742,-3.218,-0.732
2022,1,KISMATHPUR,18,58,58,158.0,46.0,2127112.79,4597255.35,13684.0,17.3343045,78.3936455,-14.163095030058026,-19.578,-7.69
2022,1,KOMPALLY,25,1,1,14.0,2.0,1252377.29,910701.95,4183.0,17.5354868,78.5096979,-4.171070941747054,-7.296,1.0
2022,1,KONDAPUR,15,2050,2050,73.0,26.0,3684961.88,25666819.12,7906.0,17.4587912,78.3730556,-9.15338763082218,-13.794,-3.253
2022,1,KOTHAPETA,10,41,41,9.0,2.0,380908.45,16595343.6,7233.0,17.367222832295177,78.545668383567,-15.115934266731193,-24.0,38.681
2022,1,KPHB,9,595,595,14.0,2.0,6457836.91,5023686677.0,9511.0,17.4939602,78.4008412,-46.34703747538678,-48.923,38.884
2022,1,KUKATPALLY,9,93,93,25.0,4.0,1342802.03,25921793.65,6772.0,17.4930841,78.4054408,-46.34703747538678,-48.923,38.884
2022,1,L.B.NAGAR,34,12,12,8.0,2.0,757575.95,12535155.2,6199.0,17.349846,78.5479412,-36.09192193271679,-58.971,1.0
2022,1,LALAPET,7,52,52,5.0,1.0,3929421.67,12478750.35,6284.0,17.4388301,78.54187,-2.2643061664055764,-6.6,31.337
2022,1,LANGER HOUSE,3,11,11,5.0,1.0,233339.2,13102725.5,7644.0,17.37331,78.41387,-6.272660829945958,-16.898,-0.04
2022,1,LINGOJIGUDA,10,14,14,6.0,0.0,515741.57,18687776.9,7815.0,17.3478809,78.5364577,-36.09192193271679,-58.971,1.0
2022,1,MACHABOLLARAM,13,26,26,50.0,23.0,30641.8,5839530.45,6267.0,17.513866,78.5137342,-4.221987933535047,-6.62,-1.252
2022,1,MADANNAPET,2,4,4,2.0,1.0,102487.0,10262891.2,5891.0,17.3585578,78.4971064,-9.772093976293876,-15.772,8.35
2022,1,MADHAPUR,15,1837,1837,126.0,31.0,48844615.02,96163057.97,12962.0,17.4408924,78.3916304,-5.798614192233966,-10.565,-3.21
2022,1,MAILERDEV PALLY,16,20,20,15.0,7.0,110316.0,14742545.35,7055.0,17.31916516561942,78.44588448683878,-7.546780559786242,-12.3,-1.008
2022,1,MALAKPET,2,29,29,4.0,1.0,678075.42,11952235.05,5147.0,17.3736706,78.4996484,-9.772093976293876,-15.772,8.35
2022,1,MANIKONDA,18,662,662,109.0,18.0,6652779.67,9043375.75,8514.0,17.3999951,78.3861689,-8.64049553514247,-16.362,1.0
2022,1,MANSOORABAD,34,25,25,17.0,1.0,524109.69,13369875.9,5773.0,17.3541765,78.5652906,-11.76366817945535,-19.847,-2.831
2022,1,MARREDPALLY,7,108,108,10.0,0.0,204407.5,11663872.3,9196.0,17.4507936,78.5048972,-12.47414140833292,-21.362,12.404
2022,1,MARUTHINAGAR,10,115,115,1.0,1.0,772512.48,12033690.05,7237.0,17.373499742570825,78.54268265383173,-15.115934266731193,-24.0,38.681
2022,1,MEERPET,20,21,21,17.0,6.0,2099427.15,2834703.55,9864.0,17.4546432,78.5715499,-6.441468392795172,-59.023,1.0
2022,1,MEHIDIPATNAM,3,35,35,10.0,0.0,404196.32,15874853.1,6575.0,17.399943921854806,78.43451065196552,-1.2240510318391513,-3.314,1.0
2022,1,METTUGUDA,7,51,51,4.0,0.0,93039.33,7663819.75,4460.0,17.4355036,78.5195573,-12.47414140833292,-21.362,12.404
2022,1,MIYAPUR,15,175,175,26.0,5.0,739709.08,19080865.95,7369.0,17.4981608,78.3567628,-7.088238213409196,-15.663,-1.104
2022,1,MOGHULPURA,1,6,6,8.0,0.0,580779.16,11635404.85,6259.0,17.3595023,78.4767749,-4.981351632256168,-19.652,1.0
2022,1,MOOSAPET,9,300,300,10.0,0.0,2280699.0,14565930.35,5669.0,17.4685307,78.4206695,-5.390432301805981,-9.201,-1.035
2022,1,MOOSARAMBAGH,2,109,109,9.0,1.0,682775.6,22190665.65,7827.0,17.3743532,78.5160835,-9.772093976293876,-15.772,8.35
2022,1,MOTI NAGAR,9,136,136,7.0,1.0,252859.01,10145352.8,5785.0,17.4508069,78.422242,-4.2143448867979,-7.86,1.0
2022,1,MUSHEERABAD,5,17,17,5.0,0.0,269991.8,16435817.55,5315.0,17.4191423,78.4985732,-6.740992341257842,-8.752,-0.051
2022,1,MYSARAM,33,2,2,8.0,1.0,19533534.3,27078935.1,5969.0,17.318186408097194,78.48361779724075,-12.123256123445776,-15.781,1.0
2022,1,NACHARAM,14,104,104,20.0,9.0,7185091.67,28750626.08,10927.0,17.4284936,78.5528098,-2.2643061664055764,-6.6,31.337
2022,1,NAGARAM,19,3,3,47.0,11.0,1518503.47,2852622.0,10243.0,17.4910113,78.613677,-3.9776102214750892,-28.936,-0.751
2022,1,NAGOLE,34,7,7,12.0,5.0,266561.6,14784778.2,7692.0,17.3775306,78.5601231,-8.68556577870009,-15.552,1.0
2022,1,NALLAGANDLA,15,5,5,40.0,14.0,2263245.12,34657970.79,8557.0,17.4774828,78.3060359,-29.150105105964958,-58.481,-4.338
2022,1,NALLAGUTTA,7,20,20,4.0,0.0,1289977.3,12250862.75,4753.0,17.4384334,78.4825328,-1.9424732071532318,-2.693,-0.068
2022,1,NARAYANGUDA,5,133,133,3.0,0.0,3453352.98,24547242.55,7167.0,17.3981159,78.4885006,-2.1866529029494384,-4.994,1.0
2022,1,NGO COLONY,34,10,10,4.0,0.0,237130.07,14475453.05,5599.0,17.327964,78.5657291,-8.534793235350607,-12.209,-3.889
2022,1,NIZAMPET,23,1037,1037,19.0,2.0,4225168.75,5038168.0,4371.0,17.4945061,78.4000017,-46.34703747538678,-48.923,38.884
2022,1,OLD MALLEPALLY,3,15,15,9.0,7.0,50082.0,4273048.85,3831.0,17.386722270354426,78.45715718205514,-5.100407564636875,-8.085,-1.774
2022,1,PEDDA AMBERPET,22,1,1,33.0,12.0,1006203.58,6543331.4,9408.0,17.3172848,78.6384505,-13.164451668738684,-102.918,-4.079
2022,1,PEERJADIGUDA,19,90,90,79.0,16.0,1726252.52,3398227.2,15920.0,17.4078747,78.6022666,-11.641342145249197,-19.598,24.579
2022,1,PRAGATHINAGAR,23,1221,1221,8.0,1.0,1541732.95,1775264.05,6047.0,17.3985199,78.5411934,-17.80370829758031,-23.95,-4.554
2022,1,PRAKASHNAGAR,7,34,34,9.0,0.0,3564722.44,29518450.05,9511.0,17.4426888,78.4705479,-1.9424732071532318,-2.693,-0.068
2022,1,RADHIKA,14,36,36,28.0,15.0,436119.23,14522871.7,9816.0,17.4771342,78.563299,-11.611257318416774,-13.556,-0.07
2022,1,RAMACHANDRAPURAM,15,6,6,7.0,1.0,334878.95,14501080.35,7815.0,17.5086345,78.3018685,-10.108599999483703,-48.466,12.475
2022,1,RAMANTHAPUR,5,107,107,33.0,7.0,1046449.77,39591296.15,20206.0,17.3885044,78.5371677,-17.80370829758031,-23.95,-4.554
2022,1,REGIMENTAL BAZAR,7,93,93,1.0,0.0,1312863.94,9699354.05,4295.0,17.4348324,78.5012557,-6.740992341257842,-8.752,-0.051
2022,1,S.P.R HILLS,6,29,29,6.0,0.0,102957.76,18842700.4,10599.0,17.446776445765586,78.41047091648177,-4.2143448867979,-7.86,1.0
2022,1,S.R.NAGAR,6,356,356,6.0,2.0,3522150.24,20498956.75,7044.0,17.4417071,78.4416081,-14.461797131758766,-44.338,1.0
2022,1,SAHEBNAGAR,10,54,54,53.0,14.0,322486.5,20118435.25,12201.0,17.3206264,78.5769132,-4.1107347863508155,-15.067,1.203
2022,1,SAIBABA NAGAR,14,34,34,30.0,12.0,64268.38,4531655.45,7095.0,17.4507229,78.4100017,-5.390432301805981,-9.201,-1.035
2022,1,SAIDABAD,2,48,48,2.0,0.0,283336.5,14232213.0,5891.0,17.359533,78.5147979,-9.772093976293876,-15.772,8.35
2022,1,SAINATHPURAM,13,100,100,28.0,5.0,121697.81,15208339.5,11098.0,17.475693,78.5515621,-2.63240210193732,-54.763,1.0
2022,1,SANTOSHNAGAR,2,2,2,2.0,0.0,464415.4,14184461.65,6090.0,17.3467185,78.5081947,-9.772093976293876,-15.772,8.35
2022,1,SAROORNAGAR,10,106,106,5.0,0.0,799656.3,21150956.65,6770.0,17.3611655,78.5387443,-36.09192193271679,-58.971,1.0
2022,1,SEETHAPALMANDI,7,36,36,8.0,4.0,164307.9,11810179.85,6169.0,17.425757541676237,78.51990378820871,-6.672931671786576,-12.052,1.0
2022,1,SHAIKPET,3,117,117,26.0,5.0,695526.09,36732522.7,8301.0,17.4057955,78.4006536,-6.043137507893525,-6.746,-0.009
2022,1,SHAPOORNAGAR,12,157,157,21.0,7.0,178742.9,14067871.65,8036.0,17.51707481088814,78.44358687789398,-6.350885176856137,-10.305,-2.767
2022,1,SHIVAM,5,78,78,7.0,1.0,520223.19,23305603.95,8943.0,17.3367947,78.6028951,-9.552658212982246,-46.221,1.0
2022,1,SOMAJIGUDA,6,934,934,2.0,1.0,4071927.4,20218200.15,6079.0,17.4255053,78.4585197,-6.267983222411594,-34.86,-1.588
2022,1,SRINIVAS NAGAR,7,26,26,6.0,2.0,209125.5,12683943.3,4794.0,17.4402595,78.4451055,-14.461797131758766,-44.338,1.0
2022,1,SUCHITRA,12,158,158,14.0,6.0,629946.33,43209686.15,8809.0,17.5024582,78.4839794,-16.764837433599137,-24.574,36.118
2022,1,SULEMAN NAGAR,16,10,10,13.0,7.0,57688.0,9826625.2,7510.0,17.3486936,78.4231173,-28.590051792067662,-58.82,-3.436
2022,1,SULTAN BAZAR,4,114,114,1.0,0.0,1868698.97,12250677.15,5784.0,17.3870437,78.4869648,-3.423985738728608,-11.371,1.0
2022,1,SURARAM,12,18,18,35.0,17.0,433466.2,9042135.45,10464.0,17.5360946,78.4186386,-5.1367885188728355,-18.138,-0.624
2022,1,TAPPA CHABUTRA,3,1,1,5.0,1.0,93426.0,4814036.45,5084.0,17.37851781010729,78.44605498735723,-5.100407564636875,-8.085,-1.774
2022,1,TARNAKA,7,299,299,4.0,0.0,9844854.38,18042114.26,5468.0,17.4285479,78.5379433,-2.2643061664055764,-6.6,31.337
2022,1,TELLAPUR,24,1,1,3.0,0.0,305282.67,1413888.7,3921.0,17.4503205,78.3009176,-8.125337321415156,-15.189,1.0
2022,1,THATTIKHANA,6,435,435,31.0,2.0,8146294.22,39377992.8,10994.0,17.368368049566055,78.60318365434247,-19.009141170949153,-29.461,1.0
2022,1,THUKKUGUDA,20,1,1,32.0,0.0,21042833.78,18261172.0,8869.0,17.2144718,78.4766647,-10.917572216237312,-14.209,-6.459
2022,1,TOLI CHOWK,3,46,46,11.0,2.0,409783.85,11704528.25,5031.0,17.399517081462932,78.41474423791212,-6.043137507893525,-6.746,-0.009
2022,1,TURKAYAMJAL,22,2,2,57.0,11.0,1857479.07,3520575.35,12103.0,17.2691643,78.5771279,-7.168004578346216,-10.471,-3.471
2022,1,UPPAL,14,72,72,36.0,8.0,553835.46,25356987.87,14482.0,17.4025091,78.5612562,-6.855199090082735,-16.385,1.0
2022,1,USHODAYA,12,34,34,11.0,2.0,67344.35,12930490.5,9647.0,17.384909,78.4388101,-5.100407564636875,-8.085,-1.774
2022,1,VAISHALINAGAR,10,32,32,42.0,1.0,503369.5,16778481.55,10092.0,17.338969152148117,78.54402440653747,-13.665723696483987,-15.8,-7.95
2022,1,VAJPAYEE NAGAR,13,28,28,20.0,12.0,174474.9,12552692.6,8791.0,17.493544000750763,78.45891297321583,-16.764837433599137,-24.574,36.118
2022,1,VANASTHALIPURAM,34,25,25,10.0,1.0,892463.53,20626316.1,7088.0,17.3303179,78.568278,-8.534793235350607,-12.209,-3.889
2022,1,VENGALRAONAGAR,6,204,204,8.0,1.0,1189298.83,29975072.71,8350.0,17.442176085833477,78.43833257797534,-14.461797131758766,-44.338,1.0
2022,1,VENKATAPURAM,13,46,46,27.0,16.0,125952.7,7289729.8,6809.0,17.496189,78.5043108,-8.97585561892137,-40.761,-6.248
2022,1,VIGYANPURI,5,11,11,4.0,0.0,3882133.59,11553843.65,4014.0,17.403003650874158,78.51134135120137,-2.1866529029494384,-4.994,1.0
2022,1,VIJAYNAGAR COLONY,3,228,228,6.0,0.0,1230620.73,20012516.65,6193.0,17.3442548,78.5412895,-13.665723696483987,-15.8,-7.95
2022,1,VINAY NAGAR,2,16,16,1.0,1.0,310415.25,10840709.15,5542.0,17.3515414,78.5111106,-9.772093976293876,-15.772,8.35
2022,1,VIVEKANANDA NAGAR,9,57,57,13.0,0.0,874765.87,38654545.45,7151.0,17.3627254,78.5293456,-36.09192193271679,-58.971,1.0
2022,1,YAKATPURA,2,2,2,2.0,0.0,160327.0,11324058.5,7057.0,17.359093387793546,78.4853163967196,-9.772093976293876,-15.772,8.35
2022,1,YAPRAL,13,44,44,84.0,39.0,160629.0,5778441.4,6271.0,17.5030543,78.5407976,-6.247539089917872,-12.503,-0.354
2022,1,YELLAMMABANDA,9,69,69,42.0,19.0,78630.0,12897694.9,9576.0,17.5102678,78.4070824,-46.34703747538678,-48.923,38.884
2022,1,YELLAREDDYGUDA,6,180,180,14.0,0.0,1862796.19,27411155.4,8745.0,17.4333135,78.4415476,-14.461797131758766,-44.338,1.0
2022,1,ZIAGUDA,4,6,6,9.0,0.0,89483.0,8612694.65,5933.0,17.3658951,78.4503072,-6.23629193008042,-14.06,-2.04
2022,2,ADARSHNAGAR,12,9,9,8.0,4.0,11572480.07,15446780.18,5883.0,17.404546984247553,78.47358389715174,-4.225103036755199,-6.03,25.278
2022,2,ADIKMET,5,98,98,3.0,0.0,767674.03,4208197.35,2931.0,17.4095495,78.5130943,-6.672931671786576,-12.052,1.0
2022,2,AHMED NAGAR,3,12,12,2.0,0.0,7251.0,1401909.05,2906.0,17.404066,78.4442286,-1.2240510318391513,-3.314,1.0
2022,2,ALIABAD,33,3,3,14.0,1.0,154564.0,2224537.3,6411.0,17.34563,78.4726799,-4.981351632256168,-19.652,1.0
2022,2,ALKAPURI,10,220,220,12.0,1.0,1486914.98,9073955.55,8320.0,17.3662342,78.5549781,-15.115934266731193,-24.0,38.681
2022,2,ALLABANDA,4,12,12,6.0,4.0,92551.0,1670501.9,7805.0,17.3803134,78.4577022,-5.100407564636875,-8.085,-1.774
2022,2,ALWAL,13,52,52,13.0,0.0,33614021.34,40455729.55,8822.0,17.5022292,78.5088584,-4.221987933535047,-6.62,-1.252
2022,2,AMEENPUR,24,2,2,49.0,27.0,11679594.44,11882450.55,6832.0,17.5236905,78.3317297,-1.7808493513536299,-2.91,-0.787
2022,2,ASIF NAGAR,3,46,46,7.0,2.0,295399.0,3322207.1,5405.0,17.3857483,78.4505083,-5.100407564636875,-8.085,-1.774
2022,2,ASMANGARH,2,40,40,,,819270.38,5122723.95,5575.0,17.36850992532914,78.51429549554615,-9.772093976293876,-15.772,8.35
2022,2,ATTAPUR,16,80,80,38.0,21.0,394701.0,4148517.05,8743.0,17.3672244,78.4307278,-7.357040143594367,-8.99,1.0
2022,2,AUTONAGAR,34,28,28,67.0,30.0,1767609.88,9749730.3,10141.0,17.3356141,78.5792031,-18.449006726509495,-54.592,-0.173
2022,2,AZAMABAD,5,147,147,9.0,1.0,1212748.23,6846696.55,11028.0,17.4040194,78.5043767,-2.1866529029494384,-4.994,1.0
2022,2,AZAMPURA,2,1,1,2.0,0.0,245522.73,2371583.95,4920.0,17.3761935,78.490874,-3.423985738728608,-11.371,1.0
2022,2,B.N.REDDY NAGAR,34,20,20,20.0,8.0,388640.81,8651228.15,7039.0,17.321914,78.5597937,-8.534793235350607,-12.209,-3.889
2022,2,BACHUPALLY,23,9,9,41.0,6.0,7358368.2,9162739.1,3796.0,17.536648,78.3644736,-77.33563988117173,-83.42,20.074
2022,2,BADANGPET,20,5,5,120.0,30.0,3831515.57,6102476.5,20319.0,17.3383467,78.5222127,-13.665723696483987,-15.8,-7.95
2022,2,BAGH LINGAMPALLY,5,72,72,3.0,0.0,573037.99,5521230.1,6107.0,17.3974359,78.4979706,-2.1866529029494384,-4.994,1.0
2022,2,BAHADURPURA,1,2,2,8.0,0.0,4310888.4,6007970.36,5922.0,17.3570672,78.4545419,-4.981351632256168,-19.652,1.0
2022,2,BALAJINAGAR,9,515,515,4.0,0.0,1998881.76,8487814.1,7806.0,17.5149256,78.560679,-7.086502418049685,-10.359,1.0
2022,2,BALANAGAR,9,11,11,4.0,0.0,2080684.32,6140065.88,10809.0,17.4768224,78.4219645,-40.21863524752012,-59.528,-11.334
2022,2,BALAPUR,33,2,2,10.0,2.0,487333.75,1954804.8,5772.0,17.307521,78.5053298,-12.123256123445776,-15.781,1.0
2022,2,BANDLAGUDA,33,1,1,68.0,34.0,91068.8,5718430.1,7516.0,17.3714879,78.5727265,-19.009141170949153,-29.461,1.0
2022,2,BANJARA HILLS,6,1582,1582,18.0,0.0,14447401.11,24152579.7,10851.0,17.4177464,78.4399014,-6.267983222411594,-34.86,-1.588
2022,2,BARKATPURA,5,71,71,4.0,0.0,1452005.09,6020031.65,6439.0,17.3926121,78.4969683,-2.1866529029494384,-4.994,1.0
2022,2,BEERAMGUDA,24,1,1,61.0,4.0,2091689.48,2255590.8,9459.0,17.5091218,78.3004614,-10.108599999483703,-48.466,12.475
2022,2,BHAGATSINGH NAGAR,12,11,11,5.0,1.0,207290.8,3070965.16,5309.0,17.49324711103568,78.38735077021973,-21.42419514433048,-104.503,-11.263
2022,2,BHAGYANAGAR,9,244,244,24.0,0.0,3615915.07,22535770.9,6136.0,17.4076662,78.4957155,-2.1866529029494384,-4.994,1.0
2022,2,BHARATHNAGAR,9,203,203,16.0,0.0,279202.78,4558844.2,6549.0,17.3478913,78.55648,-11.76366817945535,-19.847,-2.831
2022,2,BODUPPAL,19,49,49,136.0,33.0,3036992.4,6079490.8,24375.0,17.3988408,78.5366218,-17.80370829758031,-23.95,-4.554
2022,2,BOIGUDA,7,52,52,11.0,3.0,258663.91,2637603.35,5641.0,17.4286363,78.4969962,-6.740992341257842,-8.752,-0.051
2022,2,BORABANDA,6,55,55,3.0,1.0,203597.6,2778773.7,7113.0,17.4590687,78.4078664,-5.390432301805981,-9.201,-1.035
2022,2,BOUDHANAGAR,7,22,22,2.0,0.0,167156.81,5085354.0,6418.0,17.4160319,78.517419,-6.672931671786576,-12.052,1.0
2022,2,BUDVEL,16,55,55,19.0,1.0,3479614.52,6343884.83,7311.0,17.33298,78.406191,-8.60961196694741,-20.379,1.0
2022,2,CHANDA NAGAR,15,211,211,12.0,0.0,2981521.98,10774292.5,8790.0,17.4534764,78.3943669,-5.798614192233966,-10.565,-3.21
2022,2,CHANUDLAL BHARADARI,1,1,1,6.0,0.0,481651.77,3069175.7,8558.0,17.35207924290198,78.45954822278678,-4.981351632256168,-19.652,1.0
2022,2,CHANUKYAPURI,13,85,85,18.0,1.0,630172.06,15019227.86,11820.0,17.35903320948377,78.5617337593459,-11.76366817945535,-19.847,-2.831
2022,2,CHERLAPALLY,14,7,7,23.0,5.0,224161.61,3393658.55,8202.0,17.4687455,78.6024858,-3.9776102214750892,-28.936,-0.751
2022,2,CHINTAL,12,36,36,14.0,4.0,8677897.58,16026311.45,9602.0,17.5021756,78.440609,-6.350885176856137,-10.305,-2.767
2022,2,CHINTAL BASTHI,3,112,112,6.0,1.0,799412.63,4606577.8,5178.0,17.4073576,78.4567152,-1.2240510318391513,-3.314,1.0
2022,2,DARUL SHIFA,1,3,3,2.0,0.0,537159.2,2553081.0,6264.0,17.366904,78.481078,-3.423985738728608,-11.371,1.0
2022,2,DEEPTHISRI NAGAR,15,199,199,35.0,1.0,1942209.64,11894029.5,4998.0,17.50066559761306,78.33937200961574,-1.7808493513536299,-2.91,-0.787
2022,2,DEFENCE COLONY,13,180,180,19.0,5.0,399035.55,10307318.0,11573.0,17.3176682,78.6117136,-9.552658212982246,-46.221,1.0
2022,2,DHOOD BOWLI,1,1,1,4.0,1.0,537025.22,2441209.65,6088.0,17.358865699843125,78.46540079693314,-4.981351632256168,-19.652,1.0
2022,2,DILSHUKNAGAR,10,47,47,6.0,2.0,1309313.59,9971553.15,6069.0,17.3710329,78.5254623,-36.09192193271679,-58.971,1.0
2022,2,DOMALGUDA,5,21,21,4.0,0.0,931187.35,6053628.1,5458.0,17.4078455,78.4850003,-4.225103036755199,-6.03,25.278
2022,2,ERRAGADDA,6,59,59,10.0,1.0,1024090.56,10032136.35,6676.0,17.4487999,78.4356074,-4.2143448867979,-7.86,1.0
2022,2,FATHENAGAR,6,124,124,7.0,1.0,4535024.25,10775440.25,7680.0,17.4598339,78.4525504,-4.2143448867979,-7.86,1.0
2022,2,FATHER BALAIAHNAGAR,13,719,719,24.0,4.0,367597.39,8569424.4,5926.0,17.50818327428803,78.4937064516262,-16.764837433599137,-24.574,36.118
2022,2,FILM NAGAR,6,144,144,6.0,0.0,6383522.43,11482011.14,7940.0,17.4140574,78.4105031,-6.043137507893525,-6.746,-0.009
2022,2,GACHIBOWLI,15,549,549,63.0,9.0,28776841.6,50293378.13,6498.0,17.4436222,78.3519638,-7.851808252285321,-13.636,1.0
2022,2,GAJULARAMARAM,12,111,111,118.0,43.0,750019.37,14761150.35,7949.0,17.5271759,78.4200077,-5.1367885188728355,-18.138,-0.624
2022,2,GANDHINAGAR,5,81,81,4.0,0.0,1180385.27,4501128.79,5999.0,17.4077928,78.4925707,-4.225103036755199,-6.03,25.278
2022,2,GAYATRI NAGAR,9,112,112,32.0,3.0,803670.79,6434270.8,6816.0,17.4566764,78.4035867,-5.798614192233966,-10.565,-3.21
2022,2,GODE-KI-KABAR,4,36,36,,,311499.25,3575926.45,7862.0,17.376976148401162,78.46196399554636,-5.100407564636875,-8.085,-1.774
2022,2,GOLCONDA,3,8,8,2.0,0.0,7139400.5,8921947.44,5885.0,17.3873294,78.4057336,-6.272660829945958,-16.898,-0.04
2022,2,GOWLIGUDA,4,41,41,1.0,0.0,937101.5,5255621.6,4791.0,17.377643,78.4787716,-3.423985738728608,-11.371,1.0
2022,2,GOWTHAM NAGAR,13,46,46,8.0,1.0,660198.63,10665027.9,8014.0,17.4539263,78.527344,-4.236881728429952,-6.098,1.0
2022,2,GUNDLAPOCHAMPALLY,25,1,1,1.0,0.0,338334.5,-14782448.2,1822.0,17.568913,78.480271,-12.080203428747952,-41.208,-9.662
2022,2,GUNFOUNDRY,4,212,212,4.0,0.0,3306967.17,4755812.6,3780.0,17.3936441,78.4756654,-3.3423306430785304,-5.452,1.0
2022,2,HAFEEZPET,15,1880,1880,31.0,10.0,2928202.66,29737403.25,6578.0,17.4834409,78.3611316,-17.663445787684253,-26.918,1.0
2022,2,HAKEEMPET,3,28,28,5.0,0.0,182288.61,-36592378.35,4478.0,17.4056403,78.4178824,-6.043137507893525,-6.746,-0.009
2022,2,HASMATHPET,9,154,154,15.0,1.0,2109898.12,8474857.75,10051.0,17.4758254,78.4847371,-1.3120815705640303,-1.67,1.0
2022,2,HASSAN NAGAR,1,2,2,1.0,0.0,47426.0,1367851.18,4465.0,17.336155,78.44363,-28.06282154849126,-35.473,1.0
2022,2,HOUSING BOARD,14,22,22,25.0,8.0,229547.81,4708904.85,9338.0,17.4922068,78.3973638,-21.42419514433048,-104.503,-11.263
2022,2,HUBSIGUDA,14,119,119,15.0,1.0,6519942.73,9387637.68,6965.0,17.412012724821263,78.54561665602095,-7.538105379814497,-8.769,-2.539
2022,2,HYDERGUDA,16,104,104,41.0,12.0,662432.68,8201042.34,6414.0,17.4012791,78.4804894,-4.225103036755199,-6.03,25.278
2022,2,JAGATHGIRIGUTTA,12,16,16,48.0,19.0,333860.81,4016136.3,11396.0,17.4993176,78.4226016,-5.1367885188728355,-18.138,-0.624
2022,2,JAHANUMA,33,2,2,17.0,0.0,186524.9,2260810.4,6142.0,17.3433524,78.4614644,-4.981351632256168,-19.652,1.0
2022,2,JALPALLY,20,1,1,212.0,30.0,106023.5,-80103.45,13942.0,17.3061541,78.4738589,-7.546780559786242,-12.3,-1.008
2022,2,JAWAHARNAGAR,25,2,2,843.0,348.0,3391651.84,4553239.2,15303.0,17.437754,78.4845463,-1.9424732071532318,-2.693,-0.068
2022,2,JEEDIMETLA,12,58,58,31.0,5.0,4141731.56,9782406.45,8413.0,17.519687,78.4468876,-6.350885176856137,-10.305,-2.767
2022,2,JILLELAGUDA,20,5,5,30.0,4.0,1040447.1,1374013.0,4930.0,17.3376801,78.5322366,-13.665723696483987,-15.8,-7.95
2022,2,JUBILEE HILLS,6,977,977,14.0,0.0,3337003.86,8717231.35,6632.0,17.4308362,78.4102882,-6.043137507893525,-6.746,-0.009
2022,2,KAKATIYA NAGAR,3,52,52,8.0,2.0,386339.82,3730125.55,3997.0,17.4785837,78.5406026,-12.484480768704271,-19.217,1.0
2022,2,KAMALANAGAR,34,34,34,22.0,4.0,489121.83,9911337.6,7910.0,17.4728043,78.566675,-9.045252142363507,-29.864,-0.004
2022,2,KARWAN,3,22,22,5.0,1.0,233999.75,3600150.95,6685.0,17.376013,78.4331894,-7.357040143594367,-8.99,1.0
2022,2,KATEDAN,16,6,6,34.0,15.0,251404.75,3828492.55,7015.0,17.3026835,78.4398207,-1.2653078280464742,-3.218,-0.732
2022,2,KISMATHPUR,18,84,84,147.0,24.0,2096848.15,4649633.35,13684.0,17.3343045,78.3936455,-14.163095030058026,-19.578,-7.69
2022,2,KONDAPUR,15,3424,3424,81.0,20.0,5276757.64,19173046.3,7906.0,17.4587912,78.3730556,-9.15338763082218,-13.794,-3.253
2022,2,KOTHAPETA,10,73,73,11.0,2.0,507058.86,9565292.55,7233.0,17.367222832295177,78.545668383567,-15.115934266731193,-24.0,38.681
2022,2,KPHB,9,737,737,21.0,4.0,6394501.18,-4920665275.0,9511.0,17.4939602,78.4008412,-46.34703747538678,-48.923,38.884
2022,2,KUKATPALLY,9,62,62,18.0,0.0,2011941.68,12548387.0,6772.0,17.4930841,78.4054408,-46.34703747538678,-48.923,38.884
2022,2,L.B.NAGAR,34,24,24,18.0,8.0,855102.65,9241027.6,6199.0,17.349846,78.5479412,-36.09192193271679,-58.971,1.0
2022,2,LALAPET,7,23,23,10.0,5.0,3979003.6,5780010.95,6284.0,17.4388301,78.54187,-2.2643061664055764,-6.6,31.337
2022,2,LANGER HOUSE,3,33,33,5.0,0.0,754897.45,3626782.0,7644.0,17.37331,78.41387,-6.272660829945958,-16.898,-0.04
2022,2,LINGOJIGUDA,10,32,32,3.0,0.0,675758.16,7428789.75,7815.0,17.3478809,78.5364577,-36.09192193271679,-58.971,1.0
2022,2,MACHABOLLARAM,13,63,63,61.0,12.0,168866.7,7594807.45,6267.0,17.513866,78.5137342,-4.221987933535047,-6.62,-1.252
2022,2,MADANNAPET,2,6,6,4.0,0.0,150505.8,2102542.45,5891.0,17.3585578,78.4971064,-9.772093976293876,-15.772,8.35
2022,2,MADHAPUR,15,2470,2470,114.0,27.0,50007075.89,82493675.15,12962.0,17.4408924,78.3916304,-5.798614192233966,-10.565,-3.21
2022,2,MAILERDEV PALLY,16,29,29,20.0,8.0,187970.13,7140549.4,7055.0,17.31916516561942,78.44588448683878,-7.546780559786242,-12.3,-1.008
2022,2,MALAKPET,2,22,22,3.0,1.0,756055.3,2402173.15,5147.0,17.3736706,78.4996484,-9.772093976293876,-15.772,8.35
2022,2,MANIKONDA,18,622,622,135.0,8.0,6901840.39,7171956.8,8514.0,17.3999951,78.3861689,-8.64049553514247,-16.362,1.0
2022,2,MANSOORABAD,34,58,58,17.0,2.0,656640.58,7813875.9,5773.0,17.3541765,78.5652906,-11.76366817945535,-19.847,-2.831
2022,2,MARREDPALLY,7,134,134,12.0,1.0,706416.5,4025930.3,9196.0,17.4507936,78.5048972,-12.47414140833292,-21.362,12.404
2022,2,MARUTHINAGAR,10,153,153,7.0,0.0,1150213.91,6871655.2,7237.0,17.373499742570825,78.54268265383173,-15.115934266731193,-24.0,38.681
2022,2,MEERPET,20,51,51,23.0,3.0,1729020.24,2769579.65,9864.0,17.4546432,78.5715499,-6.441468392795172,-59.023,1.0
2022,2,MEHIDIPATNAM,3,50,50,13.0,0.0,618234.77,3693044.5,6575.0,17.399943921854806,78.43451065196552,-1.2240510318391513,-3.314,1.0
2022,2,METTUGUDA,7,38,38,3.0,0.0,123826.0,2297942.5,4460.0,17.4355036,78.5195573,-12.47414140833292,-21.362,12.404
2022,2,MIYAPUR,15,205,205,42.0,12.0,1070282.97,24048549.0,7369.0,17.4981608,78.3567628,-7.088238213409196,-15.663,-1.104
2022,2,MOGHULPURA,1,1,1,3.0,0.0,324658.03,2504768.1,6259.0,17.3595023,78.4767749,-4.981351632256168,-19.652,1.0
2022,2,MOOSAPET,9,317,317,12.0,3.0,2400776.7,29871714.45,5669.0,17.4685307,78.4206695,-5.390432301805981,-9.201,-1.035
2022,2,MOOSARAMBAGH,2,104,104,3.0,1.0,1099810.29,8737944.4,7827.0,17.3743532,78.5160835,-9.772093976293876,-15.772,8.35
2022,2,MOTI NAGAR,9,145,145,11.0,0.0,216546.58,3701884.8,5785.0,17.4508069,78.422242,-4.2143448867979,-7.86,1.0
2022,2,MUSHEERABAD,5,38,38,3.0,0.0,424574.4,11928386.55,5315.0,17.4191423,78.4985732,-6.740992341257842,-8.752,-0.051
2022,2,MYSARAM,33,1,1,11.0,2.0,19110463.7,20805631.2,5969.0,17.318186408097194,78.48361779724075,-12.123256123445776,-15.781,1.0
2022,2,NACHARAM,14,119,119,20.0,6.0,6701148.57,11726262.18,10927.0,17.4284936,78.5528098,-2.2643061664055764,-6.6,31.337
2022,2,NAGARAM,19,1,1,58.0,20.0,1332262.95,3203918.8,10243.0,17.4910113,78.613677,-3.9776102214750892,-28.936,-0.751
2022,2,NAGOLE,34,17,17,23.0,6.0,174748.72,5767271.75,7692.0,17.3775306,78.5601231,-8.68556577870009,-15.552,1.0
2022,2,NALLAGUTTA,7,13,13,8.0,0.0,1169841.24,2965180.05,4753.0,17.4384334,78.4825328,-1.9424732071532318,-2.693,-0.068
2022,2,NARAYANGUDA,5,92,92,6.0,0.0,4118991.41,9033190.6,7167.0,17.3981159,78.4885006,-2.1866529029494384,-4.994,1.0
2022,2,NGO COLONY,34,21,21,7.0,2.0,469148.34,8302863.4,5599.0,17.327964,78.5657291,-8.534793235350607,-12.209,-3.889
2022,2,NIZAMPET,23,1316,1316,28.0,4.0,4279113.7,4016110.3,4371.0,17.4945061,78.4000017,-46.34703747538678,-48.923,38.884
2022,2,OLD MALLEPALLY,3,20,20,3.0,0.0,51912.0,1272164.65,3831.0,17.386722270354426,78.45715718205514,-5.100407564636875,-8.085,-1.774
2022,2,PEDDA AMBERPET,22,1,1,56.0,17.0,900596.92,4220695.35,9408.0,17.3172848,78.6384505,-13.164451668738684,-102.918,-4.079
2022,2,PEERJADIGUDA,19,139,139,98.0,14.0,1335574.61,2794641.05,15920.0,17.4078747,78.6022666,-11.641342145249197,-19.598,24.579
2022,2,PRAGATHINAGAR,23,1208,1208,20.0,3.0,1652357.51,4477570.8,6047.0,17.3985199,78.5411934,-17.80370829758031,-23.95,-4.554
2022,2,PRAKASHNAGAR,7,34,34,7.0,2.0,3699396.79,15376998.65,9511.0,17.4426888,78.4705479,-1.9424732071532318,-2.693,-0.068
2022,2,RADHIKA,14,38,38,18.0,2.0,479834.55,8748228.65,9816.0,17.4771342,78.563299,-11.611257318416774,-13.556,-0.07
2022,2,RAMACHANDRAPURAM,15,9,9,4.0,1.0,772052.32,4425657.75,7815.0,17.5086345,78.3018685,-10.108599999483703,-48.466,12.475
2022,2,RAMANTHAPUR,5,97,97,32.0,7.0,1779802.23,8109696.75,20206.0,17.3885044,78.5371677,-17.80370829758031,-23.95,-4.554
2022,2,REGIMENTAL BAZAR,7,78,78,1.0,0.0,1368885.57,2820318.75,4295.0,17.4348324,78.5012557,-6.740992341257842,-8.752,-0.051
2022,2,S.P.R HILLS,6,42,42,14.0,2.0,180561.65,2933771.4,10599.0,17.446776445765586,78.41047091648177,-4.2143448867979,-7.86,1.0
2022,2,S.R.NAGAR,6,315,315,6.0,1.0,3963749.11,8947915.75,7044.0,17.4417071,78.4416081,-14.461797131758766,-44.338,1.0
2022,2,SAHEBNAGAR,10,68,68,61.0,6.0,559185.84,10807808.75,12201.0,17.3206264,78.5769132,-4.1107347863508155,-15.067,1.203
2022,2,SAIBABA NAGAR,14,38,38,28.0,6.0,31535.2,1687248.5,7095.0,17.4507229,78.4100017,-5.390432301805981,-9.201,-1.035
2022,2,SAIDABAD,2,52,52,7.0,0.0,497584.75,5702126.35,5891.0,17.359533,78.5147979,-9.772093976293876,-15.772,8.35
2022,2,SAINATHPURAM,13,114,114,24.0,3.0,276050.38,7804474.05,11098.0,17.475693,78.5515621,-2.63240210193732,-54.763,1.0
2022,2,SANTOSHNAGAR,2,2,2,2.0,0.0,569503.02,2817448.2,6090.0,17.3467185,78.5081947,-9.772093976293876,-15.772,8.35
2022,2,SAROORNAGAR,10,189,189,5.0,1.0,1021122.57,10005448.7,6770.0,17.3611655,78.5387443,-36.09192193271679,-58.971,1.0
2022,2,SEETHAPALMANDI,7,25,25,5.0,1.0,247394.0,4143373.85,6169.0,17.425757541676237,78.51990378820871,-6.672931671786576,-12.052,1.0
2022,2,SHAIKPET,3,170,170,26.0,7.0,959956.1,8334150.58,8301.0,17.4057955,78.4006536,-6.043137507893525,-6.746,-0.009
2022,2,SHAPOORNAGAR,12,228,228,16.0,4.0,373205.14,4238676.35,8036.0,17.51707481088814,78.44358687789398,-6.350885176856137,-10.305,-2.767
2022,2,SHIVAM,5,130,130,7.0,0.0,1503023.13,4027697.4,8943.0,17.3367947,78.6028951,-9.552658212982246,-46.221,1.0
2022,2,SOMAJIGUDA,6,866,866,3.0,0.0,5089697.05,9503392.55,6079.0,17.4255053,78.4585197,-6.267983222411594,-34.86,-1.588
2022,2,SRINIVAS NAGAR,7,35,35,4.0,2.0,294563.65,3049556.25,4794.0,17.4402595,78.4451055,-14.461797131758766,-44.338,1.0
2022,2,SUCHITRA,12,195,195,19.0,3.0,802985.83,17374960.95,8809.0,17.5024582,78.4839794,-16.764837433599137,-24.574,36.118
2022,2,SULEMAN NAGAR,16,28,28,19.0,9.0,117707.59,4131243.3,7510.0,17.3486936,78.4231173,-28.590051792067662,-58.82,-3.436
2022,2,SULTAN BAZAR,4,148,148,4.0,0.0,2117742.58,5911309.0,5784.0,17.3870437,78.4869648,-3.423985738728608,-11.371,1.0
2022,2,SURARAM,12,21,21,30.0,25.0,530166.33,7232603.2,10464.0,17.5360946,78.4186386,-5.1367885188728355,-18.138,-0.624
2022,2,TAPPA CHABUTRA,3,1,1,5.0,0.0,81814.31,1837441.3,5084.0,17.37851781010729,78.44605498735723,-5.100407564636875,-8.085,-1.774
2022,2,TARNAKA,7,289,289,,,10436938.52,18769965.41,5468.0,17.4285479,78.5379433,-2.2643061664055764,-6.6,31.337
2022,2,THATTIKHANA,6,528,528,18.0,1.0,7705410.81,13236946.0,10994.0,17.368368049566055,78.60318365434247,-19.009141170949153,-29.461,1.0
2022,2,THUKKUGUDA,20,1,1,29.0,6.0,20105688.49,17880107.55,8869.0,17.2144718,78.4766647,-10.917572216237312,-14.209,-6.459
2022,2,TOLI CHOWK,3,91,91,18.0,1.0,439568.67,3631041.96,5031.0,17.399517081462932,78.41474423791212,-6.043137507893525,-6.746,-0.009
2022,2,TURKAYAMJAL,22,3,3,111.0,33.0,1588691.33,4333570.05,12103.0,17.2691643,78.5771279,-7.168004578346216,-10.471,-3.471
2022,2,UPPAL,14,88,88,45.0,8.0,907034.98,4743833.52,14482.0,17.4025091,78.5612562,-6.855199090082735,-16.385,1.0
2022,2,USHODAYA,12,29,29,18.0,3.0,185752.6,3462941.7,9647.0,17.384909,78.4388101,-5.100407564636875,-8.085,-1.774
2022,2,VAISHALINAGAR,10,37,37,22.0,3.0,878958.46,16474914.0,10092.0,17.338969152148117,78.54402440653747,-13.665723696483987,-15.8,-7.95
2022,2,VAJPAYEE NAGAR,13,25,25,15.0,4.0,214784.25,7012059.55,8791.0,17.493544000750763,78.45891297321583,-16.764837433599137,-24.574,36.118
2022,2,VANASTHALIPURAM,34,33,33,20.0,8.0,1197221.3,10768897.25,7088.0,17.3303179,78.568278,-8.534793235350607,-12.209,-3.889
2022,2,VENGALRAONAGAR,6,237,237,10.0,1.0,1609830.08,5481511.8,8350.0,17.442176085833477,78.43833257797534,-14.461797131758766,-44.338,1.0
2022,2,VENKATAPURAM,13,90,90,14.0,3.0,328619.56,6812138.85,6809.0,17.496189,78.5043108,-8.97585561892137,-40.761,-6.248
2022,2,VIGYANPURI,5,7,7,3.0,1.0,3928426.13,5837345.05,4014.0,17.403003650874158,78.51134135120137,-2.1866529029494384,-4.994,1.0
2022,2,VIJAYNAGAR COLONY,3,262,262,4.0,0.0,1310609.41,4905930.25,6193.0,17.3442548,78.5412895,-13.665723696483987,-15.8,-7.95
2022,2,VINAY NAGAR,2,9,9,1.0,0.0,504839.84,4369262.1,5542.0,17.3515414,78.5111106,-9.772093976293876,-15.772,8.35
2022,2,VIVEKANANDA NAGAR,9,69,69,2.0,0.0,1021117.01,5856157.6,7151.0,17.3627254,78.5293456,-36.09192193271679,-58.971,1.0
2022,2,YAKATPURA,2,1,1,1.0,0.0,229631.18,1837484.9,7057.0,17.359093387793546,78.4853163967196,-9.772093976293876,-15.772,8.35
2022,2,YAPRAL,13,32,32,55.0,6.0,293889.16,7613780.95,6271.0,17.5030543,78.5407976,-6.247539089917872,-12.503,-0.354
2022,2,YELLAMMABANDA,9,87,87,70.0,33.0,175199.0,5528871.35,9576.0,17.5102678,78.4070824,-46.34703747538678,-48.923,38.884
2022,2,YELLAREDDYGUDA,6,194,194,6.0,0.0,1863546.18,17274668.3,8745.0,17.4333135,78.4415476,-14.461797131758766,-44.338,1.0
2022,2,ZIAGUDA,4,11,11,4.0,0.0,95325.0,770662.85,5933.0,17.3658951,78.4503072,-6.23629193008042,-14.06,-2.04
2022,3,ADARSHNAGAR,12,12,12,5.0,1.0,10981427.94,13185428.82,5883.0,17.404546984247553,78.47358389715174,-4.225103036755199,-6.03,25.278
2022,3,ADIKMET,5,134,134,1.0,1.0,820794.75,2749253.8,2931.0,17.4095495,78.5130943,-6.672931671786576,-12.052,1.0
2022,3,AHMED NAGAR,3,57,57,3.0,0.0,5766.5,616772.25,2906.0,17.404066,78.4442286,-1.2240510318391513,-3.314,1.0
2022,3,ALIABAD,33,1,1,10.0,2.0,173582.0,1253125.35,6411.0,17.34563,78.4726799,-4.981351632256168,-19.652,1.0
2022,3,ALKAPURI,10,316,316,13.0,4.0,1942458.96,5684088.25,8320.0,17.3662342,78.5549781,-15.115934266731193,-24.0,38.681
2022,3,ALLABANDA,4,5,5,3.0,0.0,178014.67,1657294.85,7805.0,17.3803134,78.4577022,-5.100407564636875,-8.085,-1.774
2022,3,ALWAL,13,86,86,27.0,4.0,44581722.18,37824795.6,8822.0,17.5022292,78.5088584,-4.221987933535047,-6.62,-1.252
2022,3,AMEENPUR,24,3,3,127.0,83.0,9029026.51,9297077.75,6832.0,17.5236905,78.3317297,-1.7808493513536299,-2.91,-0.787
2022,3,ASIF NAGAR,3,46,46,7.0,3.0,236584.9,2242798.4,5405.0,17.3857483,78.4505083,-5.100407564636875,-8.085,-1.774
2022,3,ASMANGARH,2,65,65,4.0,1.0,837139.31,2353366.2,5575.0,17.36850992532914,78.51429549554615,-9.772093976293876,-15.772,8.35
2022,3,ATTAPUR,16,100,100,55.0,32.0,567868.62,2681464.9,8743.0,17.3672244,78.4307278,-7.357040143594367,-8.99,1.0
2022,3,AUTONAGAR,34,54,54,60.0,1.0,1530585.67,11588903.77,10141.0,17.3356141,78.5792031,-18.449006726509495,-54.592,-0.173
2022,3,AZAMABAD,5,211,211,9.0,1.0,1123347.13,5014231.45,11028.0,17.4040194,78.5043767,-2.1866529029494384,-4.994,1.0
2022,3,AZAMPURA,2,1,1,6.0,0.0,260192.6,1476900.1,4920.0,17.3761935,78.490874,-3.423985738728608,-11.371,1.0
2022,3,B.N.REDDY NAGAR,34,26,26,22.0,4.0,568881.24,4422890.4,7039.0,17.321914,78.5597937,-8.534793235350607,-12.209,-3.889
2022,3,BACHUPALLY,23,28,28,30.0,0.0,9183570.9,8956352.65,3796.0,17.536648,78.3644736,-77.33563988117173,-83.42,20.074
2022,3,BADANGPET,20,14,14,141.0,33.0,4378454.03,6044330.9,20319.0,17.3383467,78.5222127,-13.665723696483987,-15.8,-7.95
2022,3,BAGH LINGAMPALLY,5,127,127,2.0,0.0,1219372.82,2880360.85,6107.0,17.3974359,78.4979706,-2.1866529029494384,-4.994,1.0
2022,3,BAHADURPURA,1,9,9,6.0,0.0,7099872.0,5282901.2,5922.0,17.3570672,78.4545419,-4.981351632256168,-19.652,1.0
2022,3,BALAJINAGAR,9,1119,1119,4.0,0.0,2420455.09,8192871.95,7806.0,17.5149256,78.560679,-7.086502418049685,-10.359,1.0
2022,3,BALANAGAR,9,25,25,11.0,0.0,2590051.42,5415636.14,10809.0,17.4768224,78.4219645,-40.21863524752012,-59.528,-11.334
2022,3,BALAPUR,33,2,2,3.0,0.0,560471.7,1507039.55,5772.0,17.307521,78.5053298,-12.123256123445776,-15.781,1.0
2022,3,BANDLAGUDA,33,1,1,37.0,17.0,139090.0,1356334.25,7516.0,17.3714879,78.5727265,-19.009141170949153,-29.461,1.0
2022,3,BANJARA HILLS,6,2292,2292,10.0,0.0,13678131.56,19032465.25,10851.0,17.4177464,78.4399014,-6.267983222411594,-34.86,-1.588
2022,3,BARKATPURA,5,108,108,2.0,0.0,1404380.47,6940713.9,6439.0,17.3926121,78.4969683,-2.1866529029494384,-4.994,1.0
2022,3,BEERAMGUDA,24,4,4,82.0,64.0,2166740.08,2048014.0,9459.0,17.5091218,78.3004614,-10.108599999483703,-48.466,12.475
2022,3,BHAGATSINGH NAGAR,12,9,9,6.0,2.0,313113.13,1963686.68,5309.0,17.49324711103568,78.38735077021973,-21.42419514433048,-104.503,-11.263
2022,3,BHAGYANAGAR,9,787,787,19.0,0.0,3542621.06,13466836.25,6136.0,17.4076662,78.4957155,-2.1866529029494384,-4.994,1.0
2022,3,BHARATHNAGAR,9,273,273,15.0,1.0,479021.79,1953718.95,6549.0,17.3478913,78.55648,-11.76366817945535,-19.847,-2.831
2022,3,BODUPPAL,19,92,92,112.0,27.0,3952481.34,6618493.65,24375.0,17.3988408,78.5366218,-17.80370829758031,-23.95,-4.554
2022,3,BOGULKUNTA,4,4,4,,,,,,17.3920372,78.4801852,-3.3423306430785304,-5.452,1.0
2022,3,BOIGUDA,7,86,86,4.0,1.0,300191.97,1586060.6,5641.0,17.4286363,78.4969962,-6.740992341257842,-8.752,-0.051
2022,3,BORABANDA,6,95,95,11.0,2.0,230136.94,2138599.95,7113.0,17.4590687,78.4078664,-5.390432301805981,-9.201,-1.035
2022,3,BOUDHANAGAR,7,20,20,2.0,0.0,235570.77,2593549.1,6418.0,17.4160319,78.517419,-6.672931671786576,-12.052,1.0
2022,3,BUDVEL,16,69,69,27.0,11.0,3578566.36,6080479.7,7311.0,17.33298,78.406191,-8.60961196694741,-20.379,1.0
2022,3,CHANCHALGUDA,2,1,1,5.0,0.0,3237890.59,2204382.75,5459.0,17.3673732,78.4965799,-9.772093976293876,-15.772,8.35
2022,3,CHANDA NAGAR,15,447,447,15.0,0.0,1440011.39,5409792.25,8790.0,17.4534764,78.3943669,-5.798614192233966,-10.565,-3.21
2022,3,CHANUDLAL BHARADARI,1,3,3,8.0,0.0,572076.77,2890503.7,8558.0,17.35207924290198,78.45954822278678,-4.981351632256168,-19.652,1.0
2022,3,CHANUKYAPURI,13,161,161,22.0,1.0,886638.79,6206597.69,11820.0,17.35903320948377,78.5617337593459,-11.76366817945535,-19.847,-2.831
2022,3,CHERLAPALLY,14,36,36,17.0,1.0,255730.0,4079537.6,8202.0,17.4687455,78.6024858,-3.9776102214750892,-28.936,-0.751
2022,3,CHINTAL,12,60,60,24.0,3.0,8169408.52,16113186.8,9602.0,17.5021756,78.440609,-6.350885176856137,-10.305,-2.767
2022,3,CHINTAL BASTHI,3,260,260,9.0,3.0,648758.28,3787341.15,5178.0,17.4073576,78.4567152,-1.2240510318391513,-3.314,1.0
2022,3,DARUL SHIFA,1,1,1,1.0,0.0,399870.08,2049752.5,6264.0,17.366904,78.481078,-3.423985738728608,-11.371,1.0
2022,3,DEEPTHISRI NAGAR,15,356,356,35.0,5.0,1338078.75,5520722.05,4998.0,17.50066559761306,78.33937200961574,-1.7808493513536299,-2.91,-0.787
2022,3,DEFENCE COLONY,13,373,373,25.0,2.0,701690.27,6858084.45,11573.0,17.3176682,78.6117136,-9.552658212982246,-46.221,1.0
2022,3,DHAMMAIGUDA,19,3,3,127.0,64.0,453821.25,780226.1,10517.0,17.4989069255254,78.59838586027956,-19.770034480776104,-59.541,14.483
2022,3,DHOOD BOWLI,1,2,2,6.0,3.0,410138.44,1914304.55,6088.0,17.358865699843125,78.46540079693314,-4.981351632256168,-19.652,1.0
2022,3,DILSHUKNAGAR,10,77,77,6.0,4.0,1529941.67,5079607.4,6069.0,17.3710329,78.5254623,-36.09192193271679,-58.971,1.0
2022,3,DOMALGUDA,5,27,27,5.0,1.0,1181690.03,3369343.1,5458.0,17.4078455,78.4850003,-4.225103036755199,-6.03,25.278
2022,3,ERRAGADDA,6,122,122,10.0,2.0,1733367.13,4921324.6,6676.0,17.4487999,78.4356074,-4.2143448867979,-7.86,1.0
2022,3,FATHENAGAR,6,278,278,11.0,0.0,4156377.0,7603331.0,7680.0,17.4598339,78.4525504,-4.2143448867979,-7.86,1.0
2022,3,FATHER BALAIAHNAGAR,13,1771,1771,25.0,8.0,676155.83,6438223.95,5926.0,17.50818327428803,78.4937064516262,-16.764837433599137,-24.574,36.118
2022,3,FILM NAGAR,6,361,361,11.0,2.0,5783540.21,9675624.05,7940.0,17.4140574,78.4105031,-6.043137507893525,-6.746,-0.009
2022,3,GACHIBOWLI,15,996,996,50.0,9.0,29849786.95,39887186.8,6498.0,17.4436222,78.3519638,-7.851808252285321,-13.636,1.0
2022,3,GAJULARAMARAM,12,152,152,116.0,44.0,808545.09,3217029.95,7949.0,17.5271759,78.4200077,-5.1367885188728355,-18.138,-0.624
2022,3,GANDHINAGAR,5,139,139,6.0,1.0,1402244.91,3903228.3,5999.0,17.4077928,78.4925707,-4.225103036755199,-6.03,25.278
2022,3,GANDIMAISAMMA,23,2,2,116.0,0.0,156061.32,743112.95,3936.0,17.576965,78.421959,-12.080203428747952,-41.208,-9.662
2022,3,GAYATRI NAGAR,9,195,195,51.0,6.0,842996.44,3276886.15,6816.0,17.4566764,78.4035867,-5.798614192233966,-10.565,-3.21
2022,3,GODE-KI-KABAR,4,31,31,4.0,0.0,353614.62,2828884.55,7862.0,17.376976148401162,78.46196399554636,-5.100407564636875,-8.085,-1.774
2022,3,GOLCONDA,3,7,7,4.0,1.0,14788459.04,7677592.57,5885.0,17.3873294,78.4057336,-6.272660829945958,-16.898,-0.04
2022,3,GOWLIGUDA,4,46,46,7.0,0.0,970647.5,5528515.5,4791.0,17.377643,78.4787716,-3.423985738728608,-11.371,1.0
2022,3,GOWLIPURA,33,2,2,2.0,0.0,66882.0,1131651.2,5692.0,17.3462321,78.4799077,-12.123256123445776,-15.781,1.0
2022,3,GOWTHAM NAGAR,13,119,119,5.0,0.0,810815.98,3926992.8,8014.0,17.4539263,78.527344,-4.236881728429952,-6.098,1.0
2022,3,GUNFOUNDRY,4,286,286,3.0,0.0,5077762.37,4426502.75,3780.0,17.3936441,78.4756654,-3.3423306430785304,-5.452,1.0
2022,3,HAFEEZPET,15,3480,3480,34.0,7.0,3568211.6,13783753.6,6578.0,17.4834409,78.3611316,-17.663445787684253,-26.918,1.0
2022,3,HAKEEMPET,3,60,60,2.0,0.0,191712.51,448280.45,4478.0,17.4056403,78.4178824,-6.043137507893525,-6.746,-0.009
2022,3,HASMATHPET,9,234,234,11.0,1.0,2643792.85,5199603.05,10051.0,17.4758254,78.4847371,-1.3120815705640303,-1.67,1.0
2022,3,HASSAN NAGAR,1,2,2,2.0,0.0,89759.0,1103142.4,4465.0,17.336155,78.44363,-28.06282154849126,-35.473,1.0
2022,3,HOUSING BOARD,14,31,31,13.0,3.0,306332.2,1858599.4,9338.0,17.4922068,78.3973638,-21.42419514433048,-104.503,-11.263
2022,3,HUBSIGUDA,14,166,166,9.0,0.0,5880784.67,7667453.46,6965.0,17.412012724821263,78.54561665602095,-7.538105379814497,-8.769,-2.539
2022,3,HYDERGUDA,16,221,221,44.0,7.0,1183143.38,4451383.88,6414.0,17.4012791,78.4804894,-4.225103036755199,-6.03,25.278
2022,3,JAGATHGIRIGUTTA,12,33,33,38.0,22.0,289993.58,2425216.8,11396.0,17.4993176,78.4226016,-5.1367885188728355,-18.138,-0.624
2022,3,JALPALLY,20,1,1,195.0,45.0,232982.18,2339056.8,13942.0,17.3061541,78.4738589,-7.546780559786242,-12.3,-1.008
2022,3,JANGAMMET,33,1,1,2.0,0.0,144928.6,1198649.85,4789.0,17.336251,78.4744044,-12.123256123445776,-15.781,1.0
2022,3,JEEDIMETLA,12,76,76,68.0,29.0,4744076.91,7120167.7,8413.0,17.519687,78.4468876,-6.350885176856137,-10.305,-2.767
2022,3,JILLELAGUDA,20,5,5,16.0,4.0,1139635.25,1377356.1,4930.0,17.3376801,78.5322366,-13.665723696483987,-15.8,-7.95
2022,3,JUBILEE HILLS,6,1692,1692,14.0,0.0,7770178.55,8025395.6,6632.0,17.4308362,78.4102882,-6.043137507893525,-6.746,-0.009
2022,3,KAKATIYA NAGAR,3,62,62,5.0,0.0,402568.76,2438892.1,3997.0,17.4785837,78.5406026,-12.484480768704271,-19.217,1.0
2022,3,KAMALANAGAR,34,48,48,27.0,5.0,553209.82,7076269.15,7910.0,17.4728043,78.566675,-9.045252142363507,-29.864,-0.004
2022,3,KANCHANBAGH,33,1,1,,,216771.29,1384795.0,6281.0,17.3280563,78.5001695,-12.123256123445776,-15.781,1.0
2022,3,KARWAN,3,13,13,12.0,4.0,382201.78,2292592.55,6685.0,17.376013,78.4331894,-7.357040143594367,-8.99,1.0
2022,3,KATEDAN,16,10,10,26.0,16.0,391850.08,2711559.65,7015.0,17.3026835,78.4398207,-1.2653078280464742,-3.218,-0.732
2022,3,KISHAN BAGH,1,4,4,2.0,0.0,192114.02,1259384.3,5053.0,17.3575261,78.44485,-4.981351632256168,-19.652,1.0
2022,3,KISMATHPUR,18,151,151,97.0,38.0,2070251.96,6093721.05,13684.0,17.3343045,78.3936455,-14.163095030058026,-19.578,-7.69
2022,3,KONDAPUR,15,6758,6758,95.0,39.0,5658458.9,4241354.3,7906.0,17.4587912,78.3730556,-9.15338763082218,-13.794,-3.253
2022,3,KOTHAPETA,10,90,90,15.0,0.0,704182.13,3403951.4,7233.0,17.367222832295177,78.545668383567,-15.115934266731193,-24.0,38.681
2022,3,KPHB,9,1585,1585,21.0,5.0,7107982.95,19723114.7,9511.0,17.4939602,78.4008412,-46.34703747538678,-48.923,38.884
2022,3,KUKATPALLY,9,145,145,15.0,2.0,2015612.0,4572116.5,6772.0,17.4930841,78.4054408,-46.34703747538678,-48.923,38.884
2022,3,L.B.NAGAR,34,29,29,15.0,2.0,1020692.08,7945718.6,6199.0,17.349846,78.5479412,-36.09192193271679,-58.971,1.0
2022,3,LALAPET,7,29,29,4.0,2.0,3804680.0,4296033.5,6284.0,17.4388301,78.54187,-2.2643061664055764,-6.6,31.337
2022,3,LANGER HOUSE,3,28,28,18.0,4.0,307948.73,2752478.95,7644.0,17.37331,78.41387,-6.272660829945958,-16.898,-0.04
2022,3,LINGOJIGUDA,10,51,51,5.0,1.0,893656.36,5319017.65,7815.0,17.3478809,78.5364577,-36.09192193271679,-58.971,1.0
2022,3,MACHABOLLARAM,13,132,132,64.0,6.0,594941.69,3941942.8,6267.0,17.513866,78.5137342,-4.221987933535047,-6.62,-1.252
2022,3,MADANNAPET,2,8,8,4.0,0.0,257293.99,2085403.85,5891.0,17.3585578,78.4971064,-9.772093976293876,-15.772,8.35
2022,3,MADHAPUR,15,5195,5195,120.0,22.0,44331029.74,58631716.48,12962.0,17.4408924,78.3916304,-5.798614192233966,-10.565,-3.21
2022,3,MAILERDEV PALLY,16,25,25,9.0,3.0,336401.35,2008915.05,7055.0,17.31916516561942,78.44588448683878,-7.546780559786242,-12.3,-1.008
2022,3,MALAKPET,2,32,32,1.0,1.0,776312.75,3363623.9,5147.0,17.3736706,78.4996484,-9.772093976293876,-15.772,8.35
2022,3,MANIKONDA,18,1048,1048,148.0,25.0,9689125.5,10306971.5,8514.0,17.3999951,78.3861689,-8.64049553514247,-16.362,1.0
2022,3,MANSOORABAD,34,54,54,10.0,1.0,655193.97,5026957.55,5773.0,17.3541765,78.5652906,-11.76366817945535,-19.847,-2.831
2022,3,MARREDPALLY,7,213,213,14.0,4.0,1394838.75,2289398.3,9196.0,17.4507936,78.5048972,-12.47414140833292,-21.362,12.404
2022,3,MARUTHINAGAR,10,217,217,9.0,0.0,1005617.95,5792794.9,7237.0,17.373499742570825,78.54268265383173,-15.115934266731193,-24.0,38.681
2022,3,MEERPET,20,108,108,28.0,10.0,2205555.27,2409014.6,9864.0,17.4546432,78.5715499,-6.441468392795172,-59.023,1.0
2022,3,MEHIDIPATNAM,3,145,145,12.0,1.0,718151.31,5774011.6,6575.0,17.399943921854806,78.43451065196552,-1.2240510318391513,-3.314,1.0
2022,3,METTUGUDA,7,37,37,3.0,0.0,175099.45,4553372.55,4460.0,17.4355036,78.5195573,-12.47414140833292,-21.362,12.404
2022,3,MISRIGUNJ,1,3,3,3.0,0.0,255188.38,1287200.45,4347.0,17.350101211439146,78.45939390321827,-4.981351632256168,-19.652,1.0
2022,3,MIYAPUR,15,388,388,33.0,14.0,1797725.86,9435688.9,7369.0,17.4981608,78.3567628,-7.088238213409196,-15.663,-1.104
2022,3,MOGHULPURA,1,4,4,6.0,0.0,301518.64,2088460.45,6259.0,17.3595023,78.4767749,-4.981351632256168,-19.652,1.0
2022,3,MOOSAPET,9,426,426,27.0,4.0,2489659.75,9200404.65,5669.0,17.4685307,78.4206695,-5.390432301805981,-9.201,-1.035
2022,3,MOOSARAMBAGH,2,201,201,9.0,0.0,1197658.84,4530327.35,7827.0,17.3743532,78.5160835,-9.772093976293876,-15.772,8.35
2022,3,MOTI NAGAR,9,191,191,7.0,1.0,434509.59,7816912.5,5785.0,17.4508069,78.422242,-4.2143448867979,-7.86,1.0
2022,3,MUSHEERABAD,5,78,78,8.0,2.0,1643346.89,10182191.45,5315.0,17.4191423,78.4985732,-6.740992341257842,-8.752,-0.051
2022,3,NACHARAM,14,117,117,21.0,2.0,7255376.05,11492479.79,10927.0,17.4284936,78.5528098,-2.2643061664055764,-6.6,31.337
2022,3,NAGARAM,19,2,2,57.0,29.0,1313973.0,2519072.35,10243.0,17.4910113,78.613677,-3.9776102214750892,-28.936,-0.751
2022,3,NAGOLE,34,7,7,28.0,0.0,722540.71,3971189.15,7692.0,17.3775306,78.5601231,-8.68556577870009,-15.552,1.0
2022,3,NALLAGUTTA,7,15,15,3.0,1.0,1336896.64,2900176.6,4753.0,17.4384334,78.4825328,-1.9424732071532318,-2.693,-0.068
2022,3,NARAYANGUDA,5,158,158,2.0,1.0,3581550.36,6985395.2,7167.0,17.3981159,78.4885006,-2.1866529029494384,-4.994,1.0
2022,3,NGO COLONY,34,46,46,7.0,4.0,517111.97,3663755.65,5599.0,17.327964,78.5657291,-8.534793235350607,-12.209,-3.889
2022,3,NIZAMPET,23,2638,2638,26.0,9.0,3841095.46,4785340.9,4371.0,17.4945061,78.4000017,-46.34703747538678,-48.923,38.884
2022,3,OLD MALLEPALLY,3,34,34,8.0,3.0,56153.95,1835802.45,3831.0,17.386722270354426,78.45715718205514,-5.100407564636875,-8.085,-1.774
2022,3,PATANCHERU,15,1,1,17.0,6.0,231765.6,3361047.65,7009.0,17.5286092,78.2674254,-15.572393745172485,-19.944,-9.782
2022,3,PATHANCHERU,8,1,1,1.0,0.0,1447281.14,1635551.8,46.0,17.53330740566806,78.26899761879605,-8.91501638640229,-14.496,0.001
2022,3,PATHERGATTI,1,1,1,9.0,4.0,2201065.35,4473658.4,4778.0,17.3659836,78.4754866,-3.423985738728608,-11.371,1.0
2022,3,PEDDA AMBERPET,22,1,1,43.0,5.0,1399557.1,4166844.95,9408.0,17.3172848,78.6384505,-13.164451668738684,-102.918,-4.079
2022,3,PEERJADIGUDA,19,189,189,162.0,9.0,2739358.93,8811768.55,15920.0,17.4078747,78.6022666,-11.641342145249197,-19.598,24.579
2022,3,POCHARAM,19,2,2,91.0,51.0,377471.14,744670.45,8427.0,17.1766905,78.6024034,-7.168004578346216,-10.471,-3.471
2022,3,PRAGATHINAGAR,23,1992,1992,17.0,2.0,2062826.5,1085060.45,6047.0,17.3985199,78.5411934,-17.80370829758031,-23.95,-4.554
2022,3,PRAKASHNAGAR,7,56,56,9.0,0.0,4087477.93,7998632.9,9511.0,17.4426888,78.4705479,-1.9424732071532318,-2.693,-0.068
2022,3,RADHIKA,14,102,102,18.0,1.0,785321.22,6140677.25,9816.0,17.4771342,78.563299,-11.611257318416774,-13.556,-0.07
2022,3,RAMACHANDRAPURAM,15,21,21,6.0,1.0,447462.25,5636104.3,7815.0,17.5086345,78.3018685,-10.108599999483703,-48.466,12.475
2022,3,RAMANTHAPUR,5,158,158,27.0,8.0,2822566.73,7491709.7,20206.0,17.3885044,78.5371677,-17.80370829758031,-23.95,-4.554
2022,3,REGIMENTAL BAZAR,7,117,117,1.0,0.0,1218013.11,4489958.55,4295.0,17.4348324,78.5012557,-6.740992341257842,-8.752,-0.051
2022,3,RIYASATH NAGAR,33,1,1,,,154532.4,1268848.85,4937.0,17.3890675,78.4053603,-6.272660829945958,-16.898,-0.04
2022,3,S.P.R HILLS,6,60,60,12.0,4.0,235593.1,1863998.95,10599.0,17.446776445765586,78.41047091648177,-4.2143448867979,-7.86,1.0
2022,3,S.R.NAGAR,6,539,539,7.0,0.0,3809558.15,6527811.5,7044.0,17.4417071,78.4416081,-14.461797131758766,-44.338,1.0
2022,3,SAHEBNAGAR,10,86,86,73.0,32.0,718321.67,4531310.35,12201.0,17.3206264,78.5769132,-4.1107347863508155,-15.067,1.203
2022,3,SAIBABA NAGAR,14,67,67,32.0,3.0,109009.9,627342.55,7095.0,17.4507229,78.4100017,-5.390432301805981,-9.201,-1.035
2022,3,SAIDABAD,2,72,72,1.0,0.0,613766.68,4479688.35,5891.0,17.359533,78.5147979,-9.772093976293876,-15.772,8.35
2022,3,SAINATHPURAM,13,201,201,17.0,1.0,332381.95,5863413.2,11098.0,17.475693,78.5515621,-2.63240210193732,-54.763,1.0
2022,3,SANTOSHNAGAR,2,3,3,1.0,0.0,697870.05,2331727.45,6090.0,17.3467185,78.5081947,-9.772093976293876,-15.772,8.35
2022,3,SAROORNAGAR,10,223,223,10.0,2.0,1443423.75,5284265.45,6770.0,17.3611655,78.5387443,-36.09192193271679,-58.971,1.0
2022,3,SEETHAPALMANDI,7,60,60,2.0,0.0,363124.32,2434581.25,6169.0,17.425757541676237,78.51990378820871,-6.672931671786576,-12.052,1.0
2022,3,SHAIKPET,3,438,438,45.0,18.0,1479322.45,8471341.7,8301.0,17.4057955,78.4006536,-6.043137507893525,-6.746,-0.009
2022,3,SHAPOORNAGAR,12,438,438,19.0,4.0,585876.86,2628792.35,8036.0,17.51707481088814,78.44358687789398,-6.350885176856137,-10.305,-2.767
2022,3,SHIVAM,5,152,152,12.0,0.0,1298042.04,5702637.5,8943.0,17.3367947,78.6028951,-9.552658212982246,-46.221,1.0
2022,3,SOMAJIGUDA,6,989,989,4.0,0.0,4735401.7,6983859.05,6079.0,17.4255053,78.4585197,-6.267983222411594,-34.86,-1.588
2022,3,SRINIVAS NAGAR,7,55,55,1.0,0.0,316736.59,2886134.7,4794.0,17.4402595,78.4451055,-14.461797131758766,-44.338,1.0
2022,3,SUCHITRA,12,205,205,11.0,1.0,1500949.67,7618325.7,8809.0,17.5024582,78.4839794,-16.764837433599137,-24.574,36.118
2022,3,SULEMAN NAGAR,16,32,32,17.0,5.0,142872.55,1756339.15,7510.0,17.3486936,78.4231173,-28.590051792067662,-58.82,-3.436
2022,3,SULTAN BAZAR,4,150,150,2.0,0.0,2277398.71,4749062.55,5784.0,17.3870437,78.4869648,-3.423985738728608,-11.371,1.0
2022,3,SURARAM,12,42,42,32.0,20.0,609796.8,4094962.65,10464.0,17.5360946,78.4186386,-5.1367885188728355,-18.138,-0.624
2022,3,TAPPA CHABUTRA,3,5,5,7.0,2.0,279766.19,1227459.35,5084.0,17.37851781010729,78.44605498735723,-5.100407564636875,-8.085,-1.774
2022,3,TARNAKA,7,378,378,1.0,0.0,11908753.95,15075073.38,5468.0,17.4285479,78.5379433,-2.2643061664055764,-6.6,31.337
2022,3,THATTIKHANA,6,875,875,21.0,0.0,7591515.06,11555192.65,10994.0,17.368368049566055,78.60318365434247,-19.009141170949153,-29.461,1.0
2022,3,TOLI CHOWK,3,171,171,27.0,8.0,624282.55,3141277.3,5031.0,17.399517081462932,78.41474423791212,-6.043137507893525,-6.746,-0.009
2022,3,TURKAYAMJAL,22,4,4,88.0,15.0,1640532.87,2879878.3,12103.0,17.2691643,78.5771279,-7.168004578346216,-10.471,-3.471
2022,3,UPPAL,14,129,129,22.0,4.0,862142.41,3659051.63,14482.0,17.4025091,78.5612562,-6.855199090082735,-16.385,1.0
2022,3,USHODAYA,12,42,42,13.0,5.0,234830.59,1939137.35,9647.0,17.384909,78.4388101,-5.100407564636875,-8.085,-1.774
2022,3,VAISHALINAGAR,10,55,55,14.0,4.0,1163531.0,9114974.1,10092.0,17.338969152148117,78.54402440653747,-13.665723696483987,-15.8,-7.95
2022,3,VAJPAYEE NAGAR,13,72,72,8.0,4.0,619826.27,3991712.4,8791.0,17.493544000750763,78.45891297321583,-16.764837433599137,-24.574,36.118
2022,3,VANASTHALIPURAM,34,176,176,15.0,4.0,1348198.63,6422801.25,7088.0,17.3303179,78.568278,-8.534793235350607,-12.209,-3.889
2022,3,VENGALRAONAGAR,6,461,461,8.0,0.0,1571912.14,5312931.78,8350.0,17.442176085833477,78.43833257797534,-14.461797131758766,-44.338,1.0
2022,3,VENKATAPURAM,13,150,150,15.0,0.0,293340.0,5861025.8,6809.0,17.496189,78.5043108,-8.97585561892137,-40.761,-6.248
2022,3,VIGYANPURI,5,24,24,5.0,1.0,3819693.0,5252400.4,4014.0,17.403003650874158,78.51134135120137,-2.1866529029494384,-4.994,1.0
2022,3,VIJAYNAGAR COLONY,3,312,312,2.0,0.0,1430059.96,4024416.8,6193.0,17.3442548,78.5412895,-13.665723696483987,-15.8,-7.95
2022,3,VINAY NAGAR,2,15,15,2.0,0.0,495209.44,2000306.9,5542.0,17.3515414,78.5111106,-9.772093976293876,-15.772,8.35
2022,3,VIVEKANANDA NAGAR,9,147,147,12.0,0.0,1131578.49,4908841.5,7151.0,17.3627254,78.5293456,-36.09192193271679,-58.971,1.0
2022,3,YAPRAL,13,64,64,61.0,13.0,425290.2,10415588.55,6271.0,17.5030543,78.5407976,-6.247539089917872,-12.503,-0.354
2022,3,YELLAMMABANDA,9,217,217,60.0,21.0,206207.1,2278851.85,9576.0,17.5102678,78.4070824,-46.34703747538678,-48.923,38.884
2022,3,YELLAREDDYGUDA,6,424,424,3.0,0.0,2852815.89,9489495.25,8745.0,17.4333135,78.4415476,-14.461797131758766,-44.338,1.0
2022,3,ZIAGUDA,4,2,2,1.0,0.0,120381.0,2438432.3,5933.0,17.3658951,78.4503072,-6.23629193008042,-14.06,-2.04
2022,4,ADARSHNAGAR,12,34,34,6.0,3.0,6011142.26,12937342.91,5883.0,17.404546984247553,78.47358389715174,-4.225103036755199,-6.03,25.278
2022,4,ADIKMET,5,144,144,5.0,1.0,1091711.04,2416833.7,2931.0,17.4095495,78.5130943,-6.672931671786576,-12.052,1.0
2022,4,AHMED NAGAR,3,80,80,2.0,0.0,34200.0,730631.45,2906.0,17.404066,78.4442286,-1.2240510318391513,-3.314,1.0
2022,4,ALIABAD,33,2,2,3.0,2.0,339530.9,1263904.85,6411.0,17.34563,78.4726799,-4.981351632256168,-19.652,1.0
2022,4,ALKAPURI,10,1152,1152,8.0,1.0,1144561.91,3758214.1,8320.0,17.3662342,78.5549781,-15.115934266731193,-24.0,38.681
2022,4,ALLABANDA,4,7,7,2.0,0.0,145615.3,2303024.1,7805.0,17.3803134,78.4577022,-5.100407564636875,-8.085,-1.774
2022,4,ALWAL,13,97,97,25.0,1.0,23267676.96,35497490.8,8822.0,17.5022292,78.5088584,-4.221987933535047,-6.62,-1.252
2022,4,AMEENPUR,24,13,13,131.0,90.0,12854910.38,12987995.4,6832.0,17.5236905,78.3317297,-1.7808493513536299,-2.91,-0.787
2022,4,ASIF NAGAR,3,72,72,1.0,1.0,241273.08,1862504.3,5405.0,17.3857483,78.4505083,-5.100407564636875,-8.085,-1.774
2022,4,ASMANGARH,2,129,129,3.0,1.0,1273859.26,3787678.3,5575.0,17.36850992532914,78.51429549554615,-9.772093976293876,-15.772,8.35
2022,4,ATTAPUR,16,355,355,55.0,11.0,591998.66,2532920.45,8743.0,17.3672244,78.4307278,-7.357040143594367,-8.99,1.0
2022,4,AUTONAGAR,34,97,97,81.0,24.0,698832.75,5574456.0,10141.0,17.3356141,78.5792031,-18.449006726509495,-54.592,-0.173
2022,4,AZAMABAD,5,417,417,9.0,1.0,1196902.88,4180679.4,11028.0,17.4040194,78.5043767,-2.1866529029494384,-4.994,1.0
2022,4,AZAMPURA,2,4,4,4.0,0.0,284744.1,1374576.65,4920.0,17.3761935,78.490874,-3.423985738728608,-11.371,1.0
2022,4,B.N.REDDY NAGAR,34,36,36,24.0,8.0,654445.74,3452653.05,7039.0,17.321914,78.5597937,-8.534793235350607,-12.209,-3.889
2022,4,BACHUPALLY,23,53,53,33.0,0.0,20298610.18,9529454.35,3796.0,17.536648,78.3644736,-77.33563988117173,-83.42,20.074
2022,4,BADANGPET,20,22,22,368.0,6.0,4295870.27,6067234.75,20319.0,17.3383467,78.5222127,-13.665723696483987,-15.8,-7.95
2022,4,BAGH LINGAMPALLY,5,199,199,3.0,0.0,537798.6,1723896.9,6107.0,17.3974359,78.4979706,-2.1866529029494384,-4.994,1.0
2022,4,BAHADURPURA,1,9,9,9.0,3.0,2081288.64,5823021.63,5922.0,17.3570672,78.4545419,-4.981351632256168,-19.652,1.0
2022,4,BALAJINAGAR,9,1674,1674,9.0,0.0,2512317.57,5275500.5,7806.0,17.5149256,78.560679,-7.086502418049685,-10.359,1.0
2022,4,BALANAGAR,9,17,17,11.0,1.0,2480156.56,4798088.85,10809.0,17.4768224,78.4219645,-40.21863524752012,-59.528,-11.334
2022,4,BALAPUR,33,3,3,2.0,0.0,518108.38,1496699.4,5772.0,17.307521,78.5053298,-12.123256123445776,-15.781,1.0
2022,4,BANDLAGUDA,33,2,2,28.0,3.0,144884.75,1341894.2,7516.0,17.3714879,78.5727265,-19.009141170949153,-29.461,1.0
2022,4,BANJARA HILLS,6,3061,3061,14.0,0.0,13100768.34,18011403.6,10851.0,17.4177464,78.4399014,-6.267983222411594,-34.86,-1.588
2022,4,BARKATPURA,5,140,140,1.0,0.0,1559986.83,3496008.35,6439.0,17.3926121,78.4969683,-2.1866529029494384,-4.994,1.0
2022,4,BEERAMGUDA,24,5,5,48.0,23.0,2300586.54,2416935.75,9459.0,17.5091218,78.3004614,-10.108599999483703,-48.466,12.475
2022,4,BHAGATSINGH NAGAR,12,21,21,12.0,2.0,948646.98,1739958.66,5309.0,17.49324711103568,78.38735077021973,-21.42419514433048,-104.503,-11.263
2022,4,BHAGYANAGAR,9,1899,1899,22.0,0.0,4423473.66,10995368.0,6136.0,17.4076662,78.4957155,-2.1866529029494384,-4.994,1.0
2022,4,BHARATHNAGAR,9,307,307,12.0,0.0,539348.88,1596228.5,6549.0,17.3478913,78.55648,-11.76366817945535,-19.847,-2.831
2022,4,BODUPPAL,19,177,177,116.0,19.0,3817982.9,5951333.25,24375.0,17.3988408,78.5366218,-17.80370829758031,-23.95,-4.554
2022,4,BOIGUDA,7,244,244,6.0,2.0,391858.82,1801443.9,5641.0,17.4286363,78.4969962,-6.740992341257842,-8.752,-0.051
2022,4,BORABANDA,6,164,164,5.0,3.0,286348.51,1727399.6,7113.0,17.4590687,78.4078664,-5.390432301805981,-9.201,-1.035
2022,4,BOUDHANAGAR,7,43,43,1.0,0.0,254000.02,2332622.6,6418.0,17.4160319,78.517419,-6.672931671786576,-12.052,1.0
2022,4,BUDVEL,16,169,169,25.0,10.0,2650722.19,5504281.68,7311.0,17.33298,78.406191,-8.60961196694741,-20.379,1.0
2022,4,CHANCHALGUDA,2,14,14,1.0,0.0,507338.71,2744045.85,5459.0,17.3673732,78.4965799,-9.772093976293876,-15.772,8.35
2022,4,CHANDA NAGAR,15,853,853,15.0,0.0,1484006.74,4418934.65,8790.0,17.4534764,78.3943669,-5.798614192233966,-10.565,-3.21
2022,4,CHANUDLAL BHARADARI,1,8,8,12.0,0.0,417822.93,2903354.4,8558.0,17.35207924290198,78.45954822278678,-4.981351632256168,-19.652,1.0
2022,4,CHANUKYAPURI,13,176,176,6.0,1.0,1069803.99,4478264.01,11820.0,17.35903320948377,78.5617337593459,-11.76366817945535,-19.847,-2.831
2022,4,CHERLAPALLY,14,21,21,38.0,6.0,331052.26,2375914.65,8202.0,17.4687455,78.6024858,-3.9776102214750892,-28.936,-0.751
2022,4,CHINTAL,12,52,52,13.0,2.0,9244389.92,12492482.85,9602.0,17.5021756,78.440609,-6.350885176856137,-10.305,-2.767
2022,4,CHINTAL BASTHI,3,506,506,1.0,0.0,3002367.7,3344598.55,5178.0,17.4073576,78.4567152,-1.2240510318391513,-3.314,1.0
2022,4,DARUL SHIFA,1,5,5,1.0,0.0,533645.98,2735219.5,6264.0,17.366904,78.481078,-3.423985738728608,-11.371,1.0
2022,4,DEEPTHISRI NAGAR,15,639,639,24.0,2.0,1256511.33,3548970.15,4998.0,17.50066559761306,78.33937200961574,-1.7808493513536299,-2.91,-0.787
2022,4,DEFENCE COLONY,13,530,530,8.0,2.0,640742.36,4090934.5,11573.0,17.3176682,78.6117136,-9.552658212982246,-46.221,1.0
2022,4,DHAMMAIGUDA,19,4,4,70.0,21.0,369078.19,715505.3,10517.0,17.4989069255254,78.59838586027956,-19.770034480776104,-59.541,14.483
2022,4,DHOOD BOWLI,1,5,5,3.0,0.0,435161.5,2172364.45,6088.0,17.358865699843125,78.46540079693314,-4.981351632256168,-19.652,1.0
2022,4,DILSHUKNAGAR,10,190,190,4.0,0.0,1073727.86,3290255.65,6069.0,17.3710329,78.5254623,-36.09192193271679,-58.971,1.0
2022,4,DOMALGUDA,5,34,34,9.0,0.0,972892.26,2393087.05,5458.0,17.4078455,78.4850003,-4.225103036755199,-6.03,25.278
2022,4,ERRAGADDA,6,338,338,4.0,0.0,4530786.22,5130772.0,6676.0,17.4487999,78.4356074,-4.2143448867979,-7.86,1.0
2022,4,FATHENAGAR,6,443,443,12.0,1.0,4596090.85,6850417.35,7680.0,17.4598339,78.4525504,-4.2143448867979,-7.86,1.0
2022,4,FATHER BALAIAHNAGAR,13,3031,3031,101.0,20.0,574684.15,2008683.15,5926.0,17.50818327428803,78.4937064516262,-16.764837433599137,-24.574,36.118
2022,4,FILM NAGAR,6,419,419,8.0,1.0,6526896.65,10285280.4,7940.0,17.4140574,78.4105031,-6.043137507893525,-6.746,-0.009
2022,4,GACHIBOWLI,15,1824,1824,55.0,11.0,32918397.41,42662891.25,6498.0,17.4436222,78.3519638,-7.851808252285321,-13.636,1.0
2022,4,GAJULARAMARAM,12,212,212,80.0,29.0,972853.29,2893414.45,7949.0,17.5271759,78.4200077,-5.1367885188728355,-18.138,-0.624
2022,4,GANDHINAGAR,5,224,224,5.0,0.0,1063704.02,3624780.85,5999.0,17.4077928,78.4925707,-4.225103036755199,-6.03,25.278
2022,4,GANDIMAISAMMA,23,3,3,74.0,0.0,160307.71,530653.9,3936.0,17.576965,78.421959,-12.080203428747952,-41.208,-9.662
2022,4,GAYATRI NAGAR,9,498,498,17.0,1.0,744840.12,2166638.3,6816.0,17.4566764,78.4035867,-5.798614192233966,-10.565,-3.21
2022,4,GODE-KI-KABAR,4,49,49,,,550939.58,2601304.85,7862.0,17.376976148401162,78.46196399554636,-5.100407564636875,-8.085,-1.774
2022,4,GOLCONDA,3,33,33,3.0,1.0,1124249.08,9593079.54,5885.0,17.3873294,78.4057336,-6.272660829945958,-16.898,-0.04
2022,4,GOWLIGUDA,4,68,68,3.0,0.0,5876497.43,5402364.3,4791.0,17.377643,78.4787716,-3.423985738728608,-11.371,1.0
2022,4,GOWLIPURA,33,3,3,2.0,0.0,60474.19,1001834.1,5692.0,17.3462321,78.4799077,-12.123256123445776,-15.781,1.0
2022,4,GOWTHAM NAGAR,13,180,180,10.0,0.0,828764.4,3531821.0,8014.0,17.4539263,78.527344,-4.236881728429952,-6.098,1.0
2022,4,GUNFOUNDRY,4,312,312,4.0,0.0,6564370.91,3390056.4,3780.0,17.3936441,78.4756654,-3.3423306430785304,-5.452,1.0
2022,4,HAFEEZPET,15,5031,5031,22.0,4.0,3693163.68,7619254.35,6578.0,17.4834409,78.3611316,-17.663445787684253,-26.918,1.0
2022,4,HAKEEMPET,3,144,144,2.0,0.0,230328.5,1364438.2,4478.0,17.4056403,78.4178824,-6.043137507893525,-6.746,-0.009
2022,4,HASMATHPET,9,594,594,12.0,1.0,1372413.04,3834271.25,10051.0,17.4758254,78.4847371,-1.3120815705640303,-1.67,1.0
2022,4,HASSAN NAGAR,1,3,3,3.0,0.0,75194.63,982673.28,4465.0,17.336155,78.44363,-28.06282154849126,-35.473,1.0
2022,4,HOUSING BOARD,14,62,62,15.0,7.0,387727.29,2083309.0,9338.0,17.4922068,78.3973638,-21.42419514433048,-104.503,-11.263
2022,4,HUBSIGUDA,14,245,245,9.0,3.0,6809401.01,7587515.95,6965.0,17.412012724821263,78.54561665602095,-7.538105379814497,-8.769,-2.539
2022,4,HYDERGUDA,16,689,689,42.0,5.0,1801483.18,4887338.15,6414.0,17.4012791,78.4804894,-4.225103036755199,-6.03,25.278
2022,4,JAGATHGIRIGUTTA,12,56,56,21.0,5.0,254689.2,2259485.2,11396.0,17.4993176,78.4226016,-5.1367885188728355,-18.138,-0.624
2022,4,JALPALLY,20,8,8,158.0,27.0,257486.5,88906.2,13942.0,17.3061541,78.4738589,-7.546780559786242,-12.3,-1.008
2022,4,JANGAMMET,33,3,3,2.0,0.0,200029.72,1205397.65,4789.0,17.336251,78.4744044,-12.123256123445776,-15.781,1.0
2022,4,JAWAHARNAGAR,25,2,2,654.0,181.0,3285762.19,4566974.2,15303.0,17.437754,78.4845463,-1.9424732071532318,-2.693,-0.068
2022,4,JEEDIMETLA,12,102,102,41.0,8.0,4352760.34,7648186.05,8413.0,17.519687,78.4468876,-6.350885176856137,-10.305,-2.767
2022,4,JILLELAGUDA,20,18,18,42.0,6.0,929086.77,1346740.65,4930.0,17.3376801,78.5322366,-13.665723696483987,-15.8,-7.95
2022,4,JUBILEE HILLS,6,2550,2550,23.0,3.0,3718781.82,8723433.4,6632.0,17.4308362,78.4102882,-6.043137507893525,-6.746,-0.009
2022,4,KAKATIYA NAGAR,3,191,191,,,434164.28,1629077.85,3997.0,17.4785837,78.5406026,-12.484480768704271,-19.217,1.0
2022,4,KAMALANAGAR,34,95,95,56.0,20.0,629663.85,3445940.65,7910.0,17.4728043,78.566675,-9.045252142363507,-29.864,-0.004
2022,4,KANCHANBAGH,33,1,1,1.0,0.0,156386.81,1497288.0,6281.0,17.3280563,78.5001695,-12.123256123445776,-15.781,1.0
2022,4,KARWAN,3,31,31,9.0,1.0,195951.6,1433308.65,6685.0,17.376013,78.4331894,-7.357040143594367,-8.99,1.0
2022,4,KATEDAN,16,14,14,22.0,12.0,437411.53,3013017.0,7015.0,17.3026835,78.4398207,-1.2653078280464742,-3.218,-0.732
2022,4,KISHAN BAGH,1,5,5,4.0,0.0,126617.25,1207171.6,5053.0,17.3575261,78.44485,-4.981351632256168,-19.652,1.0
2022,4,KISMATHPUR,18,351,351,111.0,23.0,2413091.38,6505696.5,13684.0,17.3343045,78.3936455,-14.163095030058026,-19.578,-7.69
2022,4,KOMPALLY,25,1,1,28.0,7.0,1505171.1,2037809.45,4183.0,17.5354868,78.5096979,-4.171070941747054,-7.296,1.0
2022,4,KONDAPUR,15,7893,7893,71.0,23.0,5193501.0,11028444.7,7906.0,17.4587912,78.3730556,-9.15338763082218,-13.794,-3.253
2022,4,KOTHAPETA,10,163,163,10.0,1.0,585096.02,2971853.95,7233.0,17.367222832295177,78.545668383567,-15.115934266731193,-24.0,38.681
2022,4,KPHB,9,2840,2840,23.0,3.0,8597399.51,15245261.3,9511.0,17.4939602,78.4008412,-46.34703747538678,-48.923,38.884
2022,4,KUKATPALLY,9,236,236,19.0,0.0,2165263.53,731742.75,6772.0,17.4930841,78.4054408,-46.34703747538678,-48.923,38.884
2022,4,L.B.NAGAR,34,93,93,16.0,10.0,1166264.37,4098893.25,6199.0,17.349846,78.5479412,-36.09192193271679,-58.971,1.0
2022,4,LALAPET,7,42,42,3.0,1.0,4160826.2,4461735.75,6284.0,17.4388301,78.54187,-2.2643061664055764,-6.6,31.337
2022,4,LANGER HOUSE,3,34,34,10.0,1.0,450035.05,2073401.35,7644.0,17.37331,78.41387,-6.272660829945958,-16.898,-0.04
2022,4,LINGOJIGUDA,10,93,93,3.0,0.0,1001170.73,3927143.75,7815.0,17.3478809,78.5364577,-36.09192193271679,-58.971,1.0
2022,4,MACHABOLLARAM,13,210,210,38.0,8.0,156095.28,951974.15,6267.0,17.513866,78.5137342,-4.221987933535047,-6.62,-1.252
2022,4,MADANNAPET,2,10,10,,,180729.14,1550026.85,5891.0,17.3585578,78.4971064,-9.772093976293876,-15.772,8.35
2022,4,MADHAPUR,15,7193,7193,106.0,23.0,54306132.2,61664494.76,12962.0,17.4408924,78.3916304,-5.798614192233966,-10.565,-3.21
2022,4,MAILERDEV PALLY,16,36,36,30.0,14.0,366878.97,2075491.55,7055.0,17.31916516561942,78.44588448683878,-7.546780559786242,-12.3,-1.008
2022,4,MALAKPET,2,69,69,1.0,0.0,1068044.75,2910674.6,5147.0,17.3736706,78.4996484,-9.772093976293876,-15.772,8.35
2022,4,MANIKONDA,18,1418,1418,153.0,22.0,6461162.07,9448629.6,8514.0,17.3999951,78.3861689,-8.64049553514247,-16.362,1.0
2022,4,MANSOORABAD,34,136,136,182.0,0.0,1111678.77,3813176.25,5773.0,17.3541765,78.5652906,-11.76366817945535,-19.847,-2.831
2022,4,MARREDPALLY,7,354,354,5.0,0.0,350243.44,1894611.1,9196.0,17.4507936,78.5048972,-12.47414140833292,-21.362,12.404
2022,4,MARUTHINAGAR,10,406,406,6.0,1.0,1006922.59,3949506.2,7237.0,17.373499742570825,78.54268265383173,-15.115934266731193,-24.0,38.681
2022,4,MEERPET,20,380,380,24.0,7.0,1783279.18,2419060.75,9864.0,17.4546432,78.5715499,-6.441468392795172,-59.023,1.0
2022,4,MEHIDIPATNAM,3,208,208,9.0,1.0,1008267.64,3161947.5,6575.0,17.399943921854806,78.43451065196552,-1.2240510318391513,-3.314,1.0
2022,4,METTUGUDA,7,73,73,2.0,0.0,224569.73,1353273.65,4460.0,17.4355036,78.5195573,-12.47414140833292,-21.362,12.404
2022,4,MISRIGUNJ,1,5,5,3.0,0.0,235675.9,1266518.9,4347.0,17.350101211439146,78.45939390321827,-4.981351632256168,-19.652,1.0
2022,4,MIYAPUR,15,908,908,31.0,8.0,1065011.16,4179551.3,7369.0,17.4981608,78.3567628,-7.088238213409196,-15.663,-1.104
2022,4,MOGHULPURA,1,12,12,3.0,0.0,589853.77,2087260.2,6259.0,17.3595023,78.4767749,-4.981351632256168,-19.652,1.0
2022,4,MOOSAPET,9,438,438,20.0,6.0,2672873.68,6731158.05,5669.0,17.4685307,78.4206695,-5.390432301805981,-9.201,-1.035
2022,4,MOOSARAMBAGH,2,319,319,6.0,1.0,1420725.47,5209988.65,7827.0,17.3743532,78.5160835,-9.772093976293876,-15.772,8.35
2022,4,MOTI NAGAR,9,238,238,12.0,1.0,654498.78,3030531.85,5785.0,17.4508069,78.422242,-4.2143448867979,-7.86,1.0
2022,4,MUSHEERABAD,5,149,149,6.0,0.0,7177855.9,9527909.15,5315.0,17.4191423,78.4985732,-6.740992341257842,-8.752,-0.051
2022,4,MYSARAM,33,2,2,17.0,4.0,20485421.05,21329553.85,5969.0,17.318186408097194,78.48361779724075,-12.123256123445776,-15.781,1.0
2022,4,NACHARAM,14,172,172,23.0,7.0,8358014.89,9082585.63,10927.0,17.4284936,78.5528098,-2.2643061664055764,-6.6,31.337
2022,4,NAGARAM,19,3,3,65.0,12.0,1404400.33,1999053.6,10243.0,17.4910113,78.613677,-3.9776102214750892,-28.936,-0.751
2022,4,NAGOLE,34,23,23,21.0,0.0,362458.86,3651019.9,7692.0,17.3775306,78.5601231,-8.68556577870009,-15.552,1.0
2022,4,NALLAGANDLA,15,1,1,26.0,8.0,2721095.72,8824247.05,8557.0,17.4774828,78.3060359,-29.150105105964958,-58.481,-4.338
2022,4,NALLAGUTTA,7,37,37,6.0,0.0,1058295.35,2595210.65,4753.0,17.4384334,78.4825328,-1.9424732071532318,-2.693,-0.068
2022,4,NARAYANGUDA,5,264,264,5.0,0.0,3320879.98,8805825.95,7167.0,17.3981159,78.4885006,-2.1866529029494384,-4.994,1.0
2022,4,NGO COLONY,34,155,155,7.0,1.0,521571.49,1934350.4,5599.0,17.327964,78.5657291,-8.534793235350607,-12.209,-3.889
2022,4,NIZAMPET,23,3311,3311,23.0,2.0,3778374.78,3513326.6,4371.0,17.4945061,78.4000017,-46.34703747538678,-48.923,38.884
2022,4,OLD MALLEPALLY,3,61,61,4.0,0.0,50471.68,1049484.95,3831.0,17.386722270354426,78.45715718205514,-5.100407564636875,-8.085,-1.774
2022,4,PATANCHERU,15,1,1,19.0,6.0,6020.0,121786.9,7009.0,17.5286092,78.2674254,-15.572393745172485,-19.944,-9.782
2022,4,PATHERGATTI,1,22,22,7.0,0.0,3270491.9,4533456.6,4778.0,17.3659836,78.4754866,-3.423985738728608,-11.371,1.0
2022,4,PEDDA AMBERPET,22,7,7,51.0,9.0,958921.86,2000383.35,9408.0,17.3172848,78.6384505,-13.164451668738684,-102.918,-4.079
2022,4,PEERJADIGUDA,19,208,208,89.0,17.0,2838889.27,3764761.4,15920.0,17.4078747,78.6022666,-11.641342145249197,-19.598,24.579
2022,4,POCHARAM,19,2,2,49.0,26.0,423561.12,562421.85,8427.0,17.1766905,78.6024034,-7.168004578346216,-10.471,-3.471
2022,4,PRAGATHINAGAR,23,2240,2240,8.0,0.0,1194023.7,977479.3,6047.0,17.3985199,78.5411934,-17.80370829758031,-23.95,-4.554
2022,4,PRAKASHNAGAR,7,117,117,9.0,0.0,4331711.68,7913596.1,9511.0,17.4426888,78.4705479,-1.9424732071532318,-2.693,-0.068
2022,4,RADHIKA,14,164,164,25.0,2.0,438143.28,3058022.85,9816.0,17.4771342,78.563299,-11.611257318416774,-13.556,-0.07
2022,4,RAMACHANDRAPURAM,15,8,8,9.0,1.0,723289.83,2868803.4,7815.0,17.5086345,78.3018685,-10.108599999483703,-48.466,12.475
2022,4,RAMANTHAPUR,5,246,246,38.0,10.0,2398312.68,6652303.4,20206.0,17.3885044,78.5371677,-17.80370829758031,-23.95,-4.554
2022,4,REGIMENTAL BAZAR,7,187,187,,,1644134.2,2882520.3,4295.0,17.4348324,78.5012557,-6.740992341257842,-8.752,-0.051
2022,4,RIYASATH NAGAR,33,3,3,2.0,0.0,170720.63,1197965.75,4937.0,17.3890675,78.4053603,-6.272660829945958,-16.898,-0.04
2022,4,S.P.R HILLS,6,153,153,13.0,1.0,466881.63,680430.35,10599.0,17.446776445765586,78.41047091648177,-4.2143448867979,-7.86,1.0
2022,4,S.R.NAGAR,6,1414,1414,8.0,0.0,3582069.02,5521652.55,7044.0,17.4417071,78.4416081,-14.461797131758766,-44.338,1.0
2022,4,SAHEBNAGAR,10,188,188,72.0,9.0,683120.86,2901699.9,12201.0,17.3206264,78.5769132,-4.1107347863508155,-15.067,1.203
2022,4,SAIBABA NAGAR,14,102,102,29.0,4.0,54563.22,506217.4,7095.0,17.4507229,78.4100017,-5.390432301805981,-9.201,-1.035
2022,4,SAIDABAD,2,132,132,4.0,0.0,655968.83,3499983.25,5891.0,17.359533,78.5147979,-9.772093976293876,-15.772,8.35
2022,4,SAINATHPURAM,13,267,267,21.0,1.0,323615.38,2353722.35,11098.0,17.475693,78.5515621,-2.63240210193732,-54.763,1.0
2022,4,SANTOSHNAGAR,2,10,10,3.0,0.0,686751.13,2319600.4,6090.0,17.3467185,78.5081947,-9.772093976293876,-15.772,8.35
2022,4,SAROORNAGAR,10,423,423,111.0,1.0,1205942.28,3799830.9,6770.0,17.3611655,78.5387443,-36.09192193271679,-58.971,1.0
2022,4,SEETHAPALMANDI,7,143,143,13.0,0.0,383062.1,3001540.85,6169.0,17.425757541676237,78.51990378820871,-6.672931671786576,-12.052,1.0
2022,4,SHAIKPET,3,1000,1000,29.0,8.0,1290336.38,5984329.91,8301.0,17.4057955,78.4006536,-6.043137507893525,-6.746,-0.009
2022,4,SHAPOORNAGAR,12,815,815,9.0,4.0,581429.91,2224973.05,8036.0,17.51707481088814,78.44358687789398,-6.350885176856137,-10.305,-2.767
2022,4,SHIVAM,5,214,214,9.0,0.0,1180097.99,3548300.35,8943.0,17.3367947,78.6028951,-9.552658212982246,-46.221,1.0
2022,4,SOMAJIGUDA,6,1352,1352,4.0,0.0,10738497.61,6943306.2,6079.0,17.4255053,78.4585197,-6.267983222411594,-34.86,-1.588
2022,4,SRINIVAS NAGAR,7,134,134,2.0,0.0,373811.8,2158082.55,4794.0,17.4402595,78.4451055,-14.461797131758766,-44.338,1.0
2022,4,SUCHITRA,12,465,465,13.0,5.0,1344640.73,5294541.0,8809.0,17.5024582,78.4839794,-16.764837433599137,-24.574,36.118
2022,4,SULEMAN NAGAR,16,54,54,11.0,1.0,214349.71,1697045.35,7510.0,17.3486936,78.4231173,-28.590051792067662,-58.82,-3.436
2022,4,SULTAN BAZAR,4,201,201,2.0,1.0,2198384.17,4661818.15,5784.0,17.3870437,78.4869648,-3.423985738728608,-11.371,1.0
2022,4,SURARAM,12,48,48,25.0,14.0,697297.89,2605200.25,10464.0,17.5360946,78.4186386,-5.1367885188728355,-18.138,-0.624
2022,4,TAPPA CHABUTRA,3,6,6,7.0,3.0,148017.6,980891.45,5084.0,17.37851781010729,78.44605498735723,-5.100407564636875,-8.085,-1.774
2022,4,TARNAKA,7,530,530,5.0,2.0,11096364.47,13387281.96,5468.0,17.4285479,78.5379433,-2.2643061664055764,-6.6,31.337
2022,4,TELLAPUR,24,1,1,4.0,0.0,232137.15,1453207.25,3921.0,17.4503205,78.3009176,-8.125337321415156,-15.189,1.0
2022,4,THATTIKHANA,6,1473,1473,15.0,1.0,8822678.86,12437374.05,10994.0,17.368368049566055,78.60318365434247,-19.009141170949153,-29.461,1.0
2022,4,THOOMKUNTA,25,2,2,36.0,19.0,477129.65,907138.5,3448.0,17.5602279357445,78.55835134770649,-3.931106679410948,-6.3,-0.659
2022,4,THUKKUGUDA,20,2,2,67.0,6.0,15452781.07,18647147.45,8869.0,17.2144718,78.4766647,-10.917572216237312,-14.209,-6.459
2022,4,TOLI CHOWK,3,426,426,19.0,3.0,1199294.0,2529294.76,5031.0,17.399517081462932,78.41474423791212,-6.043137507893525,-6.746,-0.009
2022,4,TURKAYAMJAL,22,8,8,115.0,8.0,1378987.75,2282461.7,12103.0,17.2691643,78.5771279,-7.168004578346216,-10.471,-3.471
2022,4,UPPAL,14,208,208,35.0,11.0,751604.38,3278419.92,14482.0,17.4025091,78.5612562,-6.855199090082735,-16.385,1.0
2022,4,USHODAYA,12,86,86,26.0,3.0,153391.14,2350426.95,9647.0,17.384909,78.4388101,-5.100407564636875,-8.085,-1.774
2022,4,VAISHALINAGAR,10,138,138,13.0,1.0,1108809.23,4592638.25,10092.0,17.338969152148117,78.54402440653747,-13.665723696483987,-15.8,-7.95
2022,4,VAJPAYEE NAGAR,13,109,109,14.0,8.0,364127.9,2436865.1,8791.0,17.493544000750763,78.45891297321583,-16.764837433599137,-24.574,36.118
2022,4,VANASTHALIPURAM,34,370,370,15.0,3.0,1244964.87,4163579.0,7088.0,17.3303179,78.568278,-8.534793235350607,-12.209,-3.889
2022,4,VENGALRAONAGAR,6,823,823,9.0,3.0,1668673.82,5467626.46,8350.0,17.442176085833477,78.43833257797534,-14.461797131758766,-44.338,1.0
2022,4,VENKATAPURAM,13,200,200,18.0,3.0,397377.53,1544746.05,6809.0,17.496189,78.5043108,-8.97585561892137,-40.761,-6.248
2022,4,VIGYANPURI,5,64,64,2.0,0.0,4224212.29,4870503.15,4014.0,17.403003650874158,78.51134135120137,-2.1866529029494384,-4.994,1.0
2022,4,VIJAYNAGAR COLONY,3,428,428,9.0,2.0,1153111.21,3657881.45,6193.0,17.3442548,78.5412895,-13.665723696483987,-15.8,-7.95
2022,4,VINAY NAGAR,2,33,33,2.0,0.0,365586.58,1483424.85,5542.0,17.3515414,78.5111106,-9.772093976293876,-15.772,8.35
2022,4,VIVEKANANDA NAGAR,9,246,246,7.0,0.0,1491684.08,4874053.4,7151.0,17.3627254,78.5293456,-36.09192193271679,-58.971,1.0
2022,4,YAKATPURA,2,3,3,,,462342.03,1818725.6,7057.0,17.359093387793546,78.4853163967196,-9.772093976293876,-15.772,8.35
2022,4,YAPRAL,13,73,73,56.0,9.0,503806.55,3402087.6,6271.0,17.5030543,78.5407976,-6.247539089917872,-12.503,-0.354
2022,4,YELLAMMABANDA,9,421,421,57.0,30.0,200133.47,2200784.3,9576.0,17.5102678,78.4070824,-46.34703747538678,-48.923,38.884
2022,4,YELLAREDDYGUDA,6,703,703,11.0,0.0,4486060.53,6457677.9,8745.0,17.4333135,78.4415476,-14.461797131758766,-44.338,1.0
2022,4,ZIAGUDA,4,3,3,5.0,1.0,165098.9,1271995.4,5933.0,17.3658951,78.4503072,-6.23629193008042,-14.06,-2.04
2022,5,ADARSHNAGAR,12,38,38,6.0,4.0,12098466.34,14312795.54,5883.0,17.404546984247553,78.47358389715174,-4.225103036755199,-6.03,25.278
2022,5,ADIKMET,5,118,118,5.0,4.0,1069881.3,2902601.3,2931.0,17.4095495,78.5130943,-6.672931671786576,-12.052,1.0
2022,5,AHMED NAGAR,3,182,182,8.0,4.0,33585.0,578572.75,2906.0,17.404066,78.4442286,-1.2240510318391513,-3.314,1.0
2022,5,ALIABAD,33,6,6,8.0,7.0,129238.99,1286818.1,6411.0,17.34563,78.4726799,-4.981351632256168,-19.652,1.0
2022,5,ALKAPURI,10,1494,1494,15.0,12.0,1769844.44,4740832.85,8320.0,17.3662342,78.5549781,-15.115934266731193,-24.0,38.681
2022,5,ALLABANDA,4,13,13,5.0,5.0,158540.43,1827512.5,7805.0,17.3803134,78.4577022,-5.100407564636875,-8.085,-1.774
2022,5,ALWAL,13,87,87,20.0,9.0,34561362.89,38581278.35,8822.0,17.5022292,78.5088584,-4.221987933535047,-6.62,-1.252
2022,5,AMEENPUR,24,7,7,35.0,33.0,13989020.34,13824929.55,6832.0,17.5236905,78.3317297,-1.7808493513536299,-2.91,-0.787
2022,5,ASIF NAGAR,3,97,97,11.0,10.0,393097.52,1840738.75,5405.0,17.3857483,78.4505083,-5.100407564636875,-8.085,-1.774
2022,5,ASMANGARH,2,117,117,4.0,1.0,949843.56,2202620.7,5575.0,17.36850992532914,78.51429549554615,-9.772093976293876,-15.772,8.35
2022,5,ATTAPUR,16,325,325,41.0,38.0,833944.84,2530384.0,8743.0,17.3672244,78.4307278,-7.357040143594367,-8.99,1.0
2022,5,AUTONAGAR,34,104,104,66.0,50.0,6418229.93,6410033.2,10141.0,17.3356141,78.5792031,-18.449006726509495,-54.592,-0.173
2022,5,AZAMABAD,5,316,316,9.0,6.0,1416621.48,5221235.4,11028.0,17.4040194,78.5043767,-2.1866529029494384,-4.994,1.0
2022,5,AZAMPURA,2,3,3,6.0,3.0,373909.31,1436619.3,4920.0,17.3761935,78.490874,-3.423985738728608,-11.371,1.0
2022,5,B.N.REDDY NAGAR,34,58,58,26.0,15.0,775662.86,2835421.05,7039.0,17.321914,78.5597937,-8.534793235350607,-12.209,-3.889
2022,5,BACHUPALLY,23,39,39,30.0,23.0,8426590.9,8352329.75,3796.0,17.536648,78.3644736,-77.33563988117173,-83.42,20.074
2022,5,BADANGPET,20,14,14,224.0,206.0,4248507.39,10030368.9,20319.0,17.3383467,78.5222127,-13.665723696483987,-15.8,-7.95
2022,5,BAGH LINGAMPALLY,5,175,175,,,842276.7,2594644.75,6107.0,17.3974359,78.4979706,-2.1866529029494384,-4.994,1.0
2022,5,BAHADURPURA,1,9,9,11.0,6.0,12120572.28,6616097.61,5922.0,17.3570672,78.4545419,-4.981351632256168,-19.652,1.0
2022,5,BALAJINAGAR,9,1719,1719,13.0,9.0,2415966.35,5394786.25,7806.0,17.5149256,78.560679,-7.086502418049685,-10.359,1.0
2022,5,BALANAGAR,9,24,24,6.0,5.0,2481066.36,3764863.56,10809.0,17.4768224,78.4219645,-40.21863524752012,-59.528,-11.334
2022,5,BALAPUR,33,2,2,5.0,5.0,530169.71,1542637.1,5772.0,17.307521,78.5053298,-12.123256123445776,-15.781,1.0
2022,5,BANDLAGUDA,33,1,1,39.0,38.0,198696.3,1450045.4,7516.0,17.3714879,78.5727265,-19.009141170949153,-29.461,1.0
2022,5,BANJARA HILLS,6,3623,3623,10.0,5.0,13921687.89,25615998.25,10851.0,17.4177464,78.4399014,-6.267983222411594,-34.86,-1.588
2022,5,BARKATPURA,5,207,207,3.0,1.0,1388254.75,5242454.15,6439.0,17.3926121,78.4969683,-2.1866529029494384,-4.994,1.0
2022,5,BEERAMGUDA,24,3,3,41.0,37.0,2461685.52,2573815.7,9459.0,17.5091218,78.3004614,-10.108599999483703,-48.466,12.475
2022,5,BHAGATSINGH NAGAR,12,18,18,7.0,7.0,230754.04,2234843.48,5309.0,17.49324711103568,78.38735077021973,-21.42419514433048,-104.503,-11.263
2022,5,BHAGYANAGAR,9,1843,1843,33.0,22.0,4980494.66,10503629.45,6136.0,17.4076662,78.4957155,-2.1866529029494384,-4.994,1.0
2022,5,BHARATHNAGAR,9,272,272,10.0,8.0,602058.26,2419183.65,6549.0,17.3478913,78.55648,-11.76366817945535,-19.847,-2.831
2022,5,BODUPPAL,19,168,168,89.0,77.0,3147882.14,7301581.0,24375.0,17.3988408,78.5366218,-17.80370829758031,-23.95,-4.554
2022,5,BOIGUDA,7,163,163,4.0,0.0,353565.38,1698605.35,5641.0,17.4286363,78.4969962,-6.740992341257842,-8.752,-0.051
2022,5,BORABANDA,6,251,251,10.0,9.0,248810.89,2170074.75,7113.0,17.4590687,78.4078664,-5.390432301805981,-9.201,-1.035
2022,5,BOUDHANAGAR,7,38,38,5.0,4.0,307134.25,1372405.7,6418.0,17.4160319,78.517419,-6.672931671786576,-12.052,1.0
2022,5,BUDVEL,16,171,171,33.0,25.0,5547754.47,5454537.5,7311.0,17.33298,78.406191,-8.60961196694741,-20.379,1.0
2022,5,CHANCHALGUDA,2,26,26,3.0,2.0,2305652.68,2134624.25,5459.0,17.3673732,78.4965799,-9.772093976293876,-15.772,8.35
2022,5,CHANDA NAGAR,15,987,987,14.0,8.0,1585444.41,8758046.75,8790.0,17.4534764,78.3943669,-5.798614192233966,-10.565,-3.21
2022,5,CHANUDLAL BHARADARI,1,2,2,6.0,4.0,480780.11,2734176.3,8558.0,17.35207924290198,78.45954822278678,-4.981351632256168,-19.652,1.0
2022,5,CHANUKYAPURI,13,301,301,14.0,10.0,1015585.38,3807498.32,11820.0,17.35903320948377,78.5617337593459,-11.76366817945535,-19.847,-2.831
2022,5,CHERLAPALLY,14,17,17,25.0,20.0,345770.5,3718264.1,8202.0,17.4687455,78.6024858,-3.9776102214750892,-28.936,-0.751
2022,5,CHINTAL,12,31,31,24.0,19.0,8832650.5,13095572.6,9602.0,17.5021756,78.440609,-6.350885176856137,-10.305,-2.767
2022,5,CHINTAL BASTHI,3,479,479,7.0,1.0,673184.31,3206658.95,5178.0,17.4073576,78.4567152,-1.2240510318391513,-3.314,1.0
2022,5,DEEPTHISRI NAGAR,15,820,820,10.0,8.0,1988958.36,5482064.15,4998.0,17.50066559761306,78.33937200961574,-1.7808493513536299,-2.91,-0.787
2022,5,DEFENCE COLONY,13,580,580,19.0,14.0,613999.15,3081617.7,11573.0,17.3176682,78.6117136,-9.552658212982246,-46.221,1.0
2022,5,DHAMMAIGUDA,19,5,5,66.0,53.0,688685.3,13040145.6,10517.0,17.4989069255254,78.59838586027956,-19.770034480776104,-59.541,14.483
2022,5,DHOOD BOWLI,1,8,8,5.0,5.0,556670.25,2146723.45,6088.0,17.358865699843125,78.46540079693314,-4.981351632256168,-19.652,1.0
2022,5,DILSHUKNAGAR,10,153,153,1.0,1.0,1625140.57,4257478.2,6069.0,17.3710329,78.5254623,-36.09192193271679,-58.971,1.0
2022,5,DOMALGUDA,5,34,34,2.0,1.0,890484.87,6191389.4,5458.0,17.4078455,78.4850003,-4.225103036755199,-6.03,25.278
2022,5,ERRAGADDA,6,436,436,6.0,5.0,1151575.79,4905328.45,6676.0,17.4487999,78.4356074,-4.2143448867979,-7.86,1.0
2022,5,FATHENAGAR,6,705,705,15.0,9.0,4469511.95,9122565.2,7680.0,17.4598339,78.4525504,-4.2143448867979,-7.86,1.0
2022,5,FATHER BALAIAHNAGAR,13,2611,2611,57.0,45.0,768521.74,-6336640.2,5926.0,17.50818327428803,78.4937064516262,-16.764837433599137,-24.574,36.118
2022,5,FILM NAGAR,6,410,410,17.0,12.0,7379599.04,10992981.95,7940.0,17.4140574,78.4105031,-6.043137507893525,-6.746,-0.009
2022,5,GACHIBOWLI,15,1727,1727,68.0,42.0,32791907.77,52321780.67,6498.0,17.4436222,78.3519638,-7.851808252285321,-13.636,1.0
2022,5,GAJULARAMARAM,12,258,258,70.0,61.0,1116325.26,3012536.4,7949.0,17.5271759,78.4200077,-5.1367885188728355,-18.138,-0.624
2022,5,GANDHINAGAR,5,298,298,4.0,3.0,1178377.89,4289465.8,5999.0,17.4077928,78.4925707,-4.225103036755199,-6.03,25.278
2022,5,GANDIMAISAMMA,23,4,4,82.0,47.0,172771.76,805536.65,3936.0,17.576965,78.421959,-12.080203428747952,-41.208,-9.662
2022,5,GAYATRI NAGAR,9,886,886,19.0,14.0,909007.22,3069480.1,6816.0,17.4566764,78.4035867,-5.798614192233966,-10.565,-3.21
2022,5,GODE-KI-KABAR,4,30,30,2.0,1.0,561319.64,2695459.95,7862.0,17.376976148401162,78.46196399554636,-5.100407564636875,-8.085,-1.774
2022,5,GOLCONDA,3,19,19,2.0,2.0,9113009.23,9930506.0,5885.0,17.3873294,78.4057336,-6.272660829945958,-16.898,-0.04
2022,5,GOWLIGUDA,4,51,51,1.0,1.0,786607.13,5307081.4,4791.0,17.377643,78.4787716,-3.423985738728608,-11.371,1.0
2022,5,GOWTHAM NAGAR,13,339,339,7.0,6.0,975943.44,3609335.25,8014.0,17.4539263,78.527344,-4.236881728429952,-6.098,1.0
2022,5,GUNFOUNDRY,4,317,317,4.0,3.0,3078545.37,4769877.65,3780.0,17.3936441,78.4756654,-3.3423306430785304,-5.452,1.0
2022,5,HAFEEZPET,15,5073,5073,24.0,21.0,4852001.84,9713028.25,6578.0,17.4834409,78.3611316,-17.663445787684253,-26.918,1.0
2022,5,HAKEEMPET,3,106,106,4.0,4.0,395381.84,1380923.4,4478.0,17.4056403,78.4178824,-6.043137507893525,-6.746,-0.009
2022,5,HASMATHPET,9,598,598,16.0,8.0,1302393.36,4761911.7,10051.0,17.4758254,78.4847371,-1.3120815705640303,-1.67,1.0
2022,5,HASSAN NAGAR,1,1,1,7.0,1.0,74566.0,832662.29,4465.0,17.336155,78.44363,-28.06282154849126,-35.473,1.0
2022,5,HOUSING BOARD,14,66,66,23.0,17.0,487146.91,859827.35,9338.0,17.4922068,78.3973638,-21.42419514433048,-104.503,-11.263
2022,5,HUBSIGUDA,14,220,220,16.0,10.0,5570841.06,7775455.74,6965.0,17.412012724821263,78.54561665602095,-7.538105379814497,-8.769,-2.539
2022,5,HYDERGUDA,16,758,758,35.0,32.0,1384992.01,3734641.05,6414.0,17.4012791,78.4804894,-4.225103036755199,-6.03,25.278
2022,5,JAGATHGIRIGUTTA,12,46,46,17.0,17.0,275078.7,2664706.7,11396.0,17.4993176,78.4226016,-5.1367885188728355,-18.138,-0.624
2022,5,JAHANUMA,33,1,1,7.0,3.0,287133.02,1298365.1,6142.0,17.3433524,78.4614644,-4.981351632256168,-19.652,1.0
2022,5,JALPALLY,20,4,4,239.0,177.0,1386145.2,13117058.4,13942.0,17.3061541,78.4738589,-7.546780559786242,-12.3,-1.008
2022,5,JANGAMMET,33,2,2,3.0,3.0,148517.37,1221662.25,4789.0,17.336251,78.4744044,-12.123256123445776,-15.781,1.0
2022,5,JAWAHARNAGAR,25,2,2,732.0,573.0,3776676.05,4902164.0,15303.0,17.437754,78.4845463,-1.9424732071532318,-2.693,-0.068
2022,5,JEEDIMETLA,12,103,103,31.0,19.0,6141866.55,15382696.19,8413.0,17.519687,78.4468876,-6.350885176856137,-10.305,-2.767
2022,5,JILLELAGUDA,20,24,24,11.0,8.0,1059838.16,1381078.4,4930.0,17.3376801,78.5322366,-13.665723696483987,-15.8,-7.95
2022,5,JUBILEE HILLS,6,2832,2832,21.0,7.0,5410869.4,8870278.05,6632.0,17.4308362,78.4102882,-6.043137507893525,-6.746,-0.009
2022,5,KAKATIYA NAGAR,3,215,215,3.0,1.0,394218.77,1508627.45,3997.0,17.4785837,78.5406026,-12.484480768704271,-19.217,1.0
2022,5,KAMALANAGAR,34,102,102,67.0,61.0,623784.12,2397966.25,7910.0,17.4728043,78.566675,-9.045252142363507,-29.864,-0.004
2022,5,KANCHANBAGH,33,1,1,2.0,0.0,184812.86,1396632.4,6281.0,17.3280563,78.5001695,-12.123256123445776,-15.781,1.0
2022,5,KARWAN,3,57,57,6.0,5.0,573380.93,2134565.45,6685.0,17.376013,78.4331894,-7.357040143594367,-8.99,1.0
2022,5,KATEDAN,16,17,17,25.0,22.0,460647.68,3441216.4,7015.0,17.3026835,78.4398207,-1.2653078280464742,-3.218,-0.732
2022,5,KISHAN BAGH,1,2,2,3.0,2.0,274457.0,1302825.0,5053.0,17.3575261,78.44485,-4.981351632256168,-19.652,1.0
2022,5,KISMATHPUR,18,467,467,140.0,105.0,2953979.54,7400805.9,13684.0,17.3343045,78.3936455,-14.163095030058026,-19.578,-7.69
2022,5,KOMPALLY,25,3,3,30.0,19.0,1501164.18,2162011.8,4183.0,17.5354868,78.5096979,-4.171070941747054,-7.296,1.0
2022,5,KONDAPUR,15,7929,7929,58.0,32.0,7853145.21,18296544.95,7906.0,17.4587912,78.3730556,-9.15338763082218,-13.794,-3.253
2022,5,KOTHAPETA,10,192,192,12.0,9.0,876451.8,2930210.25,7233.0,17.367222832295177,78.545668383567,-15.115934266731193,-24.0,38.681
2022,5,KPHB,9,2948,2948,14.0,12.0,7275634.99,13684188.95,9511.0,17.4939602,78.4008412,-46.34703747538678,-48.923,38.884
2022,5,KUKATPALLY,9,198,198,22.0,10.0,1934128.94,9359353.58,6772.0,17.4930841,78.4054408,-46.34703747538678,-48.923,38.884
2022,5,L.B.NAGAR,34,116,116,17.0,13.0,1192344.63,3426997.95,6199.0,17.349846,78.5479412,-36.09192193271679,-58.971,1.0
2022,5,LALAPET,7,64,64,7.0,5.0,3462958.0,3806027.95,6284.0,17.4388301,78.54187,-2.2643061664055764,-6.6,31.337
2022,5,LANGER HOUSE,3,22,22,19.0,8.0,180959.19,2466834.15,7644.0,17.37331,78.41387,-6.272660829945958,-16.898,-0.04
2022,5,LINGOJIGUDA,10,73,73,9.0,6.0,1198289.89,3603857.7,7815.0,17.3478809,78.5364577,-36.09192193271679,-58.971,1.0
2022,5,MACHABOLLARAM,13,230,230,48.0,44.0,127859.33,2718378.25,6267.0,17.513866,78.5137342,-4.221987933535047,-6.62,-1.252
2022,5,MADANNAPET,2,9,9,2.0,2.0,246155.93,1665151.35,5891.0,17.3585578,78.4971064,-9.772093976293876,-15.772,8.35
2022,5,MADHAPUR,15,8350,8350,87.0,43.0,52746370.18,69926510.2,12962.0,17.4408924,78.3916304,-5.798614192233966,-10.565,-3.21
2022,5,MAILERDEV PALLY,16,29,29,30.0,29.0,422245.68,3588984.25,7055.0,17.31916516561942,78.44588448683878,-7.546780559786242,-12.3,-1.008
2022,5,MALAKPET,2,59,59,2.0,2.0,728188.53,1897606.25,5147.0,17.3736706,78.4996484,-9.772093976293876,-15.772,8.35
2022,5,MANIKONDA,18,1763,1763,106.0,72.0,8904437.91,11359404.1,8514.0,17.3999951,78.3861689,-8.64049553514247,-16.362,1.0
2022,5,MANSOORABAD,34,462,462,247.0,8.0,1232371.22,3320999.5,5773.0,17.3541765,78.5652906,-11.76366817945535,-19.847,-2.831
2022,5,MARREDPALLY,7,300,300,12.0,4.0,482513.75,2579400.0,9196.0,17.4507936,78.5048972,-12.47414140833292,-21.362,12.404
2022,5,MARUTHINAGAR,10,432,432,12.0,10.0,1361032.2,7409668.5,7237.0,17.373499742570825,78.54268265383173,-15.115934266731193,-24.0,38.681
2022,5,MEERPET,20,119,119,22.0,19.0,1943663.04,2867030.1,9864.0,17.4546432,78.5715499,-6.441468392795172,-59.023,1.0
2022,5,MEHIDIPATNAM,3,330,330,11.0,10.0,690275.34,3744350.95,6575.0,17.399943921854806,78.43451065196552,-1.2240510318391513,-3.314,1.0
2022,5,METTUGUDA,7,71,71,3.0,1.0,217955.73,1290911.65,4460.0,17.4355036,78.5195573,-12.47414140833292,-21.362,12.404
2022,5,MISRIGUNJ,1,3,3,2.0,1.0,630415.2,1271961.1,4347.0,17.350101211439146,78.45939390321827,-4.981351632256168,-19.652,1.0
2022,5,MIYAPUR,15,1104,1104,22.0,16.0,1886811.08,10301696.85,7369.0,17.4981608,78.3567628,-7.088238213409196,-15.663,-1.104
2022,5,MOGHULPURA,1,4,4,1.0,0.0,298537.69,2062087.1,6259.0,17.3595023,78.4767749,-4.981351632256168,-19.652,1.0
2022,5,MOOSAPET,9,443,443,28.0,26.0,2996857.98,5447773.9,5669.0,17.4685307,78.4206695,-5.390432301805981,-9.201,-1.035
2022,5,MOOSARAMBAGH,2,309,309,5.0,4.0,1440819.22,4897287.3,7827.0,17.3743532,78.5160835,-9.772093976293876,-15.772,8.35
2022,5,MOTI NAGAR,9,271,271,1.0,1.0,530062.33,4020629.2,5785.0,17.4508069,78.422242,-4.2143448867979,-7.86,1.0
2022,5,MUSHEERABAD,5,149,149,4.0,1.0,410347.0,10224156.95,5315.0,17.4191423,78.4985732,-6.740992341257842,-8.752,-0.051
2022,5,NACHARAM,14,180,180,44.0,37.0,7964508.98,13834370.0,10927.0,17.4284936,78.5528098,-2.2643061664055764,-6.6,31.337
2022,5,NAGARAM,19,4,4,79.0,67.0,1509402.26,5369048.05,10243.0,17.4910113,78.613677,-3.9776102214750892,-28.936,-0.751
2022,5,NAGOLE,34,16,16,31.0,23.0,772411.11,4049007.3,7692.0,17.3775306,78.5601231,-8.68556577870009,-15.552,1.0
2022,5,NALLAGANDLA,15,3,3,35.0,24.0,3574511.97,8734010.7,8557.0,17.4774828,78.3060359,-29.150105105964958,-58.481,-4.338
2022,5,NALLAGUTTA,7,23,23,1.0,1.0,1208146.57,2429326.1,4753.0,17.4384334,78.4825328,-1.9424732071532318,-2.693,-0.068
2022,5,NARAYANGUDA,5,334,334,6.0,3.0,3613920.15,5374233.2,7167.0,17.3981159,78.4885006,-2.1866529029494384,-4.994,1.0
2022,5,NGO COLONY,34,163,163,5.0,2.0,602030.82,2092840.4,5599.0,17.327964,78.5657291,-8.534793235350607,-12.209,-3.889
2022,5,NIZAMPET,23,3309,3309,14.0,5.0,2786237.29,3379916.55,4371.0,17.4945061,78.4000017,-46.34703747538678,-48.923,38.884
2022,5,OLD MALLEPALLY,3,73,73,9.0,8.0,124912.13,850098.75,3831.0,17.386722270354426,78.45715718205514,-5.100407564636875,-8.085,-1.774
2022,5,PATANCHERU,15,3,3,6.0,6.0,9400.0,228423.9,7009.0,17.5286092,78.2674254,-15.572393745172485,-19.944,-9.782
2022,5,PATHERGATTI,1,5,5,3.0,2.0,2254412.04,4390351.3,4778.0,17.3659836,78.4754866,-3.423985738728608,-11.371,1.0
2022,5,PEDDA AMBERPET,22,4,4,83.0,75.0,978107.19,2402134.5,9408.0,17.3172848,78.6384505,-13.164451668738684,-102.918,-4.079
2022,5,PEERJADIGUDA,19,241,241,75.0,47.0,2052620.06,6651924.9,15920.0,17.4078747,78.6022666,-11.641342145249197,-19.598,24.579
2022,5,POCHARAM,19,4,4,33.0,29.0,531160.5,14321919.15,8427.0,17.1766905,78.6024034,-7.168004578346216,-10.471,-3.471
2022,5,PRAGATHINAGAR,23,2525,2525,8.0,7.0,1243078.2,1553072.85,6047.0,17.3985199,78.5411934,-17.80370829758031,-23.95,-4.554
2022,5,PRAKASHNAGAR,7,84,84,8.0,6.0,4005239.89,8245811.1,9511.0,17.4426888,78.4705479,-1.9424732071532318,-2.693,-0.068
2022,5,RADHIKA,14,130,130,25.0,18.0,575973.25,3397320.1,9816.0,17.4771342,78.563299,-11.611257318416774,-13.556,-0.07
2022,5,RAMACHANDRAPURAM,15,16,16,11.0,9.0,521321.99,3078036.45,7815.0,17.5086345,78.3018685,-10.108599999483703,-48.466,12.475
2022,5,RAMANTHAPUR,5,200,200,27.0,22.0,2213863.62,7067477.2,20206.0,17.3885044,78.5371677,-17.80370829758031,-23.95,-4.554
2022,5,REGIMENTAL BAZAR,7,124,124,1.0,1.0,1330251.95,2437947.0,4295.0,17.4348324,78.5012557,-6.740992341257842,-8.752,-0.051
2022,5,RIYASATH NAGAR,33,2,2,3.0,3.0,187222.74,1093274.25,4937.0,17.3890675,78.4053603,-6.272660829945958,-16.898,-0.04
2022,5,S.P.R HILLS,6,238,238,11.0,7.0,183363.7,1292676.35,10599.0,17.446776445765586,78.41047091648177,-4.2143448867979,-7.86,1.0
2022,5,S.R.NAGAR,6,1877,1877,9.0,5.0,4128097.82,8203390.15,7044.0,17.4417071,78.4416081,-14.461797131758766,-44.338,1.0
2022,5,SAHEBNAGAR,10,556,556,50.0,38.0,1995789.91,10874072.4,12201.0,17.3206264,78.5769132,-4.1107347863508155,-15.067,1.203
2022,5,SAIBABA NAGAR,14,136,136,36.0,30.0,416214.9,2396536.5,7095.0,17.4507229,78.4100017,-5.390432301805981,-9.201,-1.035
2022,5,SAIDABAD,2,105,105,5.0,2.0,681740.28,2842111.8,5891.0,17.359533,78.5147979,-9.772093976293876,-15.772,8.35
2022,5,SAINATHPURAM,13,350,350,20.0,12.0,397986.98,3901923.15,11098.0,17.475693,78.5515621,-2.63240210193732,-54.763,1.0
2022,5,SANTOSHNAGAR,2,5,5,5.0,2.0,618487.28,2087826.45,6090.0,17.3467185,78.5081947,-9.772093976293876,-15.772,8.35
2022,5,SAROORNAGAR,10,508,508,6.0,2.0,1643411.82,3631138.35,6770.0,17.3611655,78.5387443,-36.09192193271679,-58.971,1.0
2022,5,SEETHAPALMANDI,7,183,183,7.0,4.0,430086.54,2488086.05,6169.0,17.425757541676237,78.51990378820871,-6.672931671786576,-12.052,1.0
2022,5,SHAIKPET,3,868,868,15.0,6.0,1445313.73,5704548.05,8301.0,17.4057955,78.4006536,-6.043137507893525,-6.746,-0.009
2022,5,SHAPOORNAGAR,12,560,560,15.0,11.0,511759.9,2182749.2,8036.0,17.51707481088814,78.44358687789398,-6.350885176856137,-10.305,-2.767
2022,5,SHIVAM,5,202,202,4.0,3.0,1378589.43,3339025.5,8943.0,17.3367947,78.6028951,-9.552658212982246,-46.221,1.0
2022,5,SOMAJIGUDA,6,1615,1615,9.0,3.0,4725485.51,12654183.9,6079.0,17.4255053,78.4585197,-6.267983222411594,-34.86,-1.588
2022,5,SRINIVAS NAGAR,7,169,169,4.0,2.0,371342.42,1447017.85,4794.0,17.4402595,78.4451055,-14.461797131758766,-44.338,1.0
2022,5,SUCHITRA,12,501,501,20.0,17.0,1321520.69,6444741.27,8809.0,17.5024582,78.4839794,-16.764837433599137,-24.574,36.118
2022,5,SULEMAN NAGAR,16,28,28,16.0,14.0,261939.38,1612711.7,7510.0,17.3486936,78.4231173,-28.590051792067662,-58.82,-3.436
2022,5,SULTAN BAZAR,4,187,187,3.0,2.0,2584722.08,4469514.35,5784.0,17.3870437,78.4869648,-3.423985738728608,-11.371,1.0
2022,5,SURARAM,12,47,47,32.0,29.0,1047350.27,3253200.5,10464.0,17.5360946,78.4186386,-5.1367885188728355,-18.138,-0.624
2022,5,TAPPA CHABUTRA,3,17,17,5.0,3.0,115243.28,1110622.1,5084.0,17.37851781010729,78.44605498735723,-5.100407564636875,-8.085,-1.774
2022,5,TARNAKA,7,637,637,11.0,6.0,12139980.99,15173766.22,5468.0,17.4285479,78.5379433,-2.2643061664055764,-6.6,31.337
2022,5,TELLAPUR,24,1,1,2.0,1.0,348362.55,1690055.5,3921.0,17.4503205,78.3009176,-8.125337321415156,-15.189,1.0
2022,5,THATTIKHANA,6,1653,1653,15.0,10.0,9383434.93,12931865.55,10994.0,17.368368049566055,78.60318365434247,-19.009141170949153,-29.461,1.0
2022,5,THOOMKUNTA,25,1,1,58.0,49.0,467008.68,818384.1,3448.0,17.5602279357445,78.55835134770649,-3.931106679410948,-6.3,-0.659
2022,5,THUKKUGUDA,20,2,2,44.0,34.0,20476846.74,25939275.65,8869.0,17.2144718,78.4766647,-10.917572216237312,-14.209,-6.459
2022,5,TOLI CHOWK,3,374,374,3.0,0.0,644216.45,2430531.45,5031.0,17.399517081462932,78.41474423791212,-6.043137507893525,-6.746,-0.009
2022,5,TURKAYAMJAL,22,3,3,116.0,90.0,1639673.05,4367123.85,12103.0,17.2691643,78.5771279,-7.168004578346216,-10.471,-3.471
2022,5,UPPAL,14,254,254,27.0,18.0,1393413.98,2887391.19,14482.0,17.4025091,78.5612562,-6.855199090082735,-16.385,1.0
2022,5,USHODAYA,12,62,62,11.0,4.0,184563.06,2006659.85,9647.0,17.384909,78.4388101,-5.100407564636875,-8.085,-1.774
2022,5,VAISHALINAGAR,10,137,137,16.0,10.0,1304644.33,5483178.3,10092.0,17.338969152148117,78.54402440653747,-13.665723696483987,-15.8,-7.95
2022,5,VAJPAYEE NAGAR,13,104,104,12.0,10.0,331271.35,1912120.4,8791.0,17.493544000750763,78.45891297321583,-16.764837433599137,-24.574,36.118
2022,5,VANASTHALIPURAM,34,292,292,16.0,12.0,1500681.23,3674631.75,7088.0,17.3303179,78.568278,-8.534793235350607,-12.209,-3.889
2022,5,VENGALRAONAGAR,6,858,858,5.0,2.0,1914223.4,5439478.0,8350.0,17.442176085833477,78.43833257797534,-14.461797131758766,-44.338,1.0
2022,5,VENKATAPURAM,13,208,208,12.0,8.0,343909.83,2527998.7,6809.0,17.496189,78.5043108,-8.97585561892137,-40.761,-6.248
2022,5,VIGYANPURI,5,74,74,4.0,3.0,3893150.5,5357297.6,4014.0,17.403003650874158,78.51134135120137,-2.1866529029494384,-4.994,1.0
2022,5,VIJAYNAGAR COLONY,3,502,502,4.0,3.0,1054419.82,3316997.45,6193.0,17.3442548,78.5412895,-13.665723696483987,-15.8,-7.95
2022,5,VINAY NAGAR,2,37,37,3.0,2.0,455119.96,2225904.6,5542.0,17.3515414,78.5111106,-9.772093976293876,-15.772,8.35
2022,5,VIVEKANANDA NAGAR,9,223,223,9.0,6.0,1458242.74,5631931.5,7151.0,17.3627254,78.5293456,-36.09192193271679,-58.971,1.0
2022,5,YAKATPURA,2,3,3,2.0,2.0,401057.86,1830920.4,7057.0,17.359093387793546,78.4853163967196,-9.772093976293876,-15.772,8.35
2022,5,YAPRAL,13,109,109,81.0,58.0,315504.18,2638924.0,6271.0,17.5030543,78.5407976,-6.247539089917872,-12.503,-0.354
2022,5,YELLAMMABANDA,9,534,534,40.0,33.0,265654.62,2450285.65,9576.0,17.5102678,78.4070824,-46.34703747538678,-48.923,38.884
2022,5,YELLAREDDYGUDA,6,769,769,10.0,4.0,2553323.43,6618493.65,8745.0,17.4333135,78.4415476,-14.461797131758766,-44.338,1.0
2022,5,ZIAGUDA,4,8,8,5.0,3.0,228751.34,1428287.4,5933.0,17.3658951,78.4503072,-6.23629193008042,-14.06,-2.04
2022,6,ADARSHNAGAR,12,40,40,5.0,4.0,12605164.67,14457454.95,5883.0,17.404546984247553,78.47358389715174,-4.225103036755199,-6.03,25.278
2022,6,ADIKMET,5,152,152,6.0,4.0,1151371.34,2199116.6,2931.0,17.4095495,78.5130943,-6.672931671786576,-12.052,1.0
2022,6,AHMED NAGAR,3,128,128,2.0,2.0,81825.0,635967.9,2906.0,17.404066,78.4442286,-1.2240510318391513,-3.314,1.0
2022,6,ALIABAD,33,1,1,6.0,4.0,139267.05,1205189.45,6411.0,17.34563,78.4726799,-4.981351632256168,-19.652,1.0
2022,6,ALKAPURI,10,1951,1951,9.0,3.0,1858547.21,4343100.15,8320.0,17.3662342,78.5549781,-15.115934266731193,-24.0,38.681
2022,6,ALLABANDA,4,7,7,2.0,2.0,301589.03,1924601.0,7805.0,17.3803134,78.4577022,-5.100407564636875,-8.085,-1.774
2022,6,ALWAL,13,77,77,23.0,8.0,44008114.6,42165199.3,8822.0,17.5022292,78.5088584,-4.221987933535047,-6.62,-1.252
2022,6,AMEENPUR,24,3,3,44.0,42.0,18884584.59,12948702.65,6832.0,17.5236905,78.3317297,-1.7808493513536299,-2.91,-0.787
2022,6,ASIF NAGAR,3,64,64,6.0,5.0,429005.89,2017716.45,5405.0,17.3857483,78.4505083,-5.100407564636875,-8.085,-1.774
2022,6,ASMANGARH,2,103,103,4.0,2.0,782687.32,3346470.35,5575.0,17.36850992532914,78.51429549554615,-9.772093976293876,-15.772,8.35
2022,6,ATTAPUR,16,403,403,36.0,31.0,785636.94,2688988.0,8743.0,17.3672244,78.4307278,-7.357040143594367,-8.99,1.0
2022,6,AUTONAGAR,34,123,123,67.0,55.0,1791616.82,4761373.0,10141.0,17.3356141,78.5792031,-18.449006726509495,-54.592,-0.173
2022,6,AZAMABAD,5,361,361,8.0,2.0,1433439.52,4251146.15,11028.0,17.4040194,78.5043767,-2.1866529029494384,-4.994,1.0
2022,6,AZAMPURA,2,2,2,5.0,3.0,365737.74,2597843.3,4920.0,17.3761935,78.490874,-3.423985738728608,-11.371,1.0
2022,6,B.N.REDDY NAGAR,34,69,69,25.0,17.0,848157.25,2725448.4,7039.0,17.321914,78.5597937,-8.534793235350607,-12.209,-3.889
2022,6,BACHUPALLY,23,51,51,24.0,18.0,11734247.34,9993658.13,3796.0,17.536648,78.3644736,-77.33563988117173,-83.42,20.074
2022,6,BADANGPET,20,22,22,147.0,123.0,5185117.95,6521955.5,20319.0,17.3383467,78.5222127,-13.665723696483987,-15.8,-7.95
2022,6,BAGH LINGAMPALLY,5,218,218,3.0,1.0,870446.24,2533554.9,6107.0,17.3974359,78.4979706,-2.1866529029494384,-4.994,1.0
2022,6,BAHADURPURA,1,4,4,7.0,6.0,1839264.4,6230926.76,5922.0,17.3570672,78.4545419,-4.981351632256168,-19.652,1.0
2022,6,BALAJINAGAR,9,1836,1836,14.0,8.0,2641998.85,4765038.2,7806.0,17.5149256,78.560679,-7.086502418049685,-10.359,1.0
2022,6,BALANAGAR,9,16,16,7.0,5.0,2305459.32,3810899.67,10809.0,17.4768224,78.4219645,-40.21863524752012,-59.528,-11.334
2022,6,BALAPUR,33,3,3,6.0,4.0,544016.55,1407962.75,5772.0,17.307521,78.5053298,-12.123256123445776,-15.781,1.0
2022,6,BANDLAGUDA,33,2,2,40.0,32.0,206974.5,1362444.3,7516.0,17.3714879,78.5727265,-19.009141170949153,-29.461,1.0
2022,6,BANJARA HILLS,6,4531,4531,12.0,7.0,13688276.21,18243204.6,10851.0,17.4177464,78.4399014,-6.267983222411594,-34.86,-1.588
2022,6,BARKATPURA,5,294,294,6.0,3.0,1647137.57,5072075.85,6439.0,17.3926121,78.4969683,-2.1866529029494384,-4.994,1.0
2022,6,BEERAMGUDA,24,2,2,120.0,112.0,47587581.93,2496931.05,9459.0,17.5091218,78.3004614,-10.108599999483703,-48.466,12.475
2022,6,BHAGATSINGH NAGAR,12,24,24,9.0,5.0,433827.09,1821205.61,5309.0,17.49324711103568,78.38735077021973,-21.42419514433048,-104.503,-11.263
2022,6,BHAGYANAGAR,9,1799,1799,8.0,4.0,4648763.19,10734868.2,6136.0,17.4076662,78.4957155,-2.1866529029494384,-4.994,1.0
2022,6,BHARATHNAGAR,9,274,274,9.0,4.0,564220.79,1576150.05,6549.0,17.3478913,78.55648,-11.76366817945535,-19.847,-2.831
2022,6,BODUPPAL,19,439,439,158.0,123.0,67704886.2,5679626.4,24375.0,17.3988408,78.5366218,-17.80370829758031,-23.95,-4.554
2022,6,BOIGUDA,7,174,174,8.0,4.0,448010.73,846722.65,5641.0,17.4286363,78.4969962,-6.740992341257842,-8.752,-0.051
2022,6,BORABANDA,6,354,354,1.0,1.0,380342.67,2082486.1,7113.0,17.4590687,78.4078664,-5.390432301805981,-9.201,-1.035
2022,6,BOUDHANAGAR,7,49,49,4.0,4.0,273455.61,2128757.85,6418.0,17.4160319,78.517419,-6.672931671786576,-12.052,1.0
2022,6,BUDVEL,16,172,172,18.0,16.0,3503276.06,5728058.88,7311.0,17.33298,78.406191,-8.60961196694741,-20.379,1.0
2022,6,CHANCHALGUDA,2,23,23,,,2797128.71,2334549.7,5459.0,17.3673732,78.4965799,-9.772093976293876,-15.772,8.35
2022,6,CHANDA NAGAR,15,977,977,16.0,11.0,2110304.74,4582105.45,8790.0,17.4534764,78.3943669,-5.798614192233966,-10.565,-3.21
2022,6,CHANUKYAPURI,13,263,263,9.0,3.0,1124176.58,3862467.01,11820.0,17.35903320948377,78.5617337593459,-11.76366817945535,-19.847,-2.831
2022,6,CHERLAPALLY,14,14,14,49.0,39.0,520864.06,3556241.2,8202.0,17.4687455,78.6024858,-3.9776102214750892,-28.936,-0.751
2022,6,CHINTAL,12,42,42,27.0,15.0,8931065.84,12779671.7,9602.0,17.5021756,78.440609,-6.350885176856137,-10.305,-2.767
2022,6,CHINTAL BASTHI,3,362,362,6.0,4.0,611840.93,3143637.3,5178.0,17.4073576,78.4567152,-1.2240510318391513,-3.314,1.0
2022,6,DARUL SHIFA,1,1,1,5.0,3.0,693302.93,2347380.6,6264.0,17.366904,78.481078,-3.423985738728608,-11.371,1.0
2022,6,DEEPTHISRI NAGAR,15,823,823,22.0,20.0,2129318.67,12859468.65,4998.0,17.50066559761306,78.33937200961574,-1.7808493513536299,-2.91,-0.787
2022,6,DEFENCE COLONY,13,562,562,16.0,13.0,659638.58,3338914.05,11573.0,17.3176682,78.6117136,-9.552658212982246,-46.221,1.0
2022,6,DHAMMAIGUDA,19,3,3,87.0,60.0,57550136.29,760310.8,10517.0,17.4989069255254,78.59838586027956,-19.770034480776104,-59.541,14.483
2022,6,DILSHUKNAGAR,10,263,263,2.0,1.0,1716435.25,3331702.95,6069.0,17.3710329,78.5254623,-36.09192193271679,-58.971,1.0
2022,6,DOMALGUDA,5,48,48,3.0,1.0,1149700.23,2385207.9,5458.0,17.4078455,78.4850003,-4.225103036755199,-6.03,25.278
2022,6,ERRAGADDA,6,446,446,4.0,3.0,1274789.29,4109306.6,6676.0,17.4487999,78.4356074,-4.2143448867979,-7.86,1.0
2022,6,FATHENAGAR,6,1236,1236,8.0,5.0,4311614.27,7494845.95,7680.0,17.4598339,78.4525504,-4.2143448867979,-7.86,1.0
2022,6,FATHER BALAIAHNAGAR,13,2187,2187,41.0,33.0,937212.8,7266159.7,5926.0,17.50818327428803,78.4937064516262,-16.764837433599137,-24.574,36.118
2022,6,FILM NAGAR,6,496,496,11.0,4.0,8059347.46,11516129.2,7940.0,17.4140574,78.4105031,-6.043137507893525,-6.746,-0.009
2022,6,GACHIBOWLI,15,1524,1524,39.0,28.0,34135643.29,60014758.94,6498.0,17.4436222,78.3519638,-7.851808252285321,-13.636,1.0
2022,6,GAJULARAMARAM,12,278,278,89.0,69.0,1303575.19,5323628.0,7949.0,17.5271759,78.4200077,-5.1367885188728355,-18.138,-0.624
2022,6,GANDHINAGAR,5,622,622,1.0,0.0,1273681.99,3303243.8,5999.0,17.4077928,78.4925707,-4.225103036755199,-6.03,25.278
2022,6,GANDIMAISAMMA,23,3,3,113.0,77.0,1001360.64,1885402.45,3936.0,17.576965,78.421959,-12.080203428747952,-41.208,-9.662
2022,6,GAYATRI NAGAR,9,1114,1114,10.0,9.0,883353.97,2734072.05,6816.0,17.4566764,78.4035867,-5.798614192233966,-10.565,-3.21
2022,6,GODE-KI-KABAR,4,97,97,1.0,0.0,457085.54,2498956.85,7862.0,17.376976148401162,78.46196399554636,-5.100407564636875,-8.085,-1.774
2022,6,GOLCONDA,3,23,23,3.0,3.0,9171152.1,10046613.24,5885.0,17.3873294,78.4057336,-6.272660829945958,-16.898,-0.04
2022,6,GOWLIGUDA,4,69,69,2.0,0.0,901438.34,6798132.35,4791.0,17.377643,78.4787716,-3.423985738728608,-11.371,1.0
2022,6,GOWTHAM NAGAR,13,432,432,11.0,7.0,1018032.25,3406411.85,8014.0,17.4539263,78.527344,-4.236881728429952,-6.098,1.0
2022,6,GUNFOUNDRY,4,335,335,4.0,3.0,2467601.95,4462175.45,3780.0,17.3936441,78.4756654,-3.3423306430785304,-5.452,1.0
2022,6,HAFEEZPET,15,4886,4886,8.0,4.0,5268637.98,12893718.75,6578.0,17.4834409,78.3611316,-17.663445787684253,-26.918,1.0
2022,6,HAKEEMPET,3,86,86,2.0,1.0,290232.99,1340670.2,4478.0,17.4056403,78.4178824,-6.043137507893525,-6.746,-0.009
2022,6,HASMATHPET,9,638,638,9.0,3.0,967237.67,2786655.35,10051.0,17.4758254,78.4847371,-1.3120815705640303,-1.67,1.0
2022,6,HASSAN NAGAR,1,2,2,1.0,0.0,72209.7,1525625.88,4465.0,17.336155,78.44363,-28.06282154849126,-35.473,1.0
2022,6,HOUSING BOARD,14,48,48,21.0,15.0,279092.63,894506.45,9338.0,17.4922068,78.3973638,-21.42419514433048,-104.503,-11.263
2022,6,HUBSIGUDA,14,337,337,11.0,7.0,6219316.85,8521306.71,6965.0,17.412012724821263,78.54561665602095,-7.538105379814497,-8.769,-2.539
2022,6,HYDERGUDA,16,786,786,39.0,25.0,1537225.59,4470295.5,6414.0,17.4012791,78.4804894,-4.225103036755199,-6.03,25.278
2022,6,JAGATHGIRIGUTTA,12,61,61,15.0,12.0,296701.25,2386564.2,11396.0,17.4993176,78.4226016,-5.1367885188728355,-18.138,-0.624
2022,6,JAHANUMA,33,1,1,12.0,6.0,314382.94,1373741.25,6142.0,17.3433524,78.4614644,-4.981351632256168,-19.652,1.0
2022,6,JALPALLY,20,12,12,256.0,187.0,581250.5,1419330.3,13942.0,17.3061541,78.4738589,-7.546780559786242,-12.3,-1.008
2022,6,JANGAMMET,33,1,1,2.0,1.0,193031.86,1159868.8,4789.0,17.336251,78.4744044,-12.123256123445776,-15.781,1.0
2022,6,JAWAHARNAGAR,25,1,1,663.0,558.0,45186800.86,6098540.0,15303.0,17.437754,78.4845463,-1.9424732071532318,-2.693,-0.068
2022,6,JEEDIMETLA,12,131,131,23.0,14.0,5789169.59,13824826.92,8413.0,17.519687,78.4468876,-6.350885176856137,-10.305,-2.767
2022,6,JILLELAGUDA,20,32,32,24.0,19.0,5420519.25,1350000.25,4930.0,17.3376801,78.5322366,-13.665723696483987,-15.8,-7.95
2022,6,JUBILEE HILLS,6,3153,3153,26.0,12.0,6029781.01,8870701.1,6632.0,17.4308362,78.4102882,-6.043137507893525,-6.746,-0.009
2022,6,KAKATIYA NAGAR,3,192,192,3.0,3.0,519868.96,1275100.25,3997.0,17.4785837,78.5406026,-12.484480768704271,-19.217,1.0
2022,6,KAMALANAGAR,34,165,165,35.0,33.0,804450.47,3652999.4,7910.0,17.4728043,78.566675,-9.045252142363507,-29.864,-0.004
2022,6,KANCHANBAGH,33,1,1,1.0,1.0,266727.29,1327461.65,6281.0,17.3280563,78.5001695,-12.123256123445776,-15.781,1.0
2022,6,KARWAN,3,48,48,3.0,2.0,209116.1,2127882.9,6685.0,17.376013,78.4331894,-7.357040143594367,-8.99,1.0
2022,6,KATEDAN,16,18,18,32.0,26.0,586198.57,2806686.5,7015.0,17.3026835,78.4398207,-1.2653078280464742,-3.218,-0.732
2022,6,KISMATHPUR,18,551,551,174.0,106.0,29342884.42,7824568.1,13684.0,17.3343045,78.3936455,-14.163095030058026,-19.578,-7.69
2022,6,KOMPALLY,25,1,1,22.0,19.0,55537522.42,1649934.2,4183.0,17.5354868,78.5096979,-4.171070941747054,-7.296,1.0
2022,6,KONDAPUR,15,6779,6779,64.0,43.0,6031782.29,10681031.5,7906.0,17.4587912,78.3730556,-9.15338763082218,-13.794,-3.253
2022,6,KOTHAPETA,10,199,199,18.0,14.0,944227.6,4218869.35,7233.0,17.367222832295177,78.545668383567,-15.115934266731193,-24.0,38.681
2022,6,KPHB,9,3868,3868,25.0,19.0,8359836.88,15766448.75,9511.0,17.4939602,78.4008412,-46.34703747538678,-48.923,38.884
2022,6,KUKATPALLY,9,259,259,25.0,11.0,2188995.73,5004702.3,6772.0,17.4930841,78.4054408,-46.34703747538678,-48.923,38.884
2022,6,L.B.NAGAR,34,226,226,22.0,15.0,1290992.72,3263421.55,6199.0,17.349846,78.5479412,-36.09192193271679,-58.971,1.0
2022,6,LALAPET,7,99,99,3.0,2.0,3416907.99,4722978.0,6284.0,17.4388301,78.54187,-2.2643061664055764,-6.6,31.337
2022,6,LANGER HOUSE,3,17,17,15.0,10.0,382102.37,2213736.2,7644.0,17.37331,78.41387,-6.272660829945958,-16.898,-0.04
2022,6,LINGOJIGUDA,10,80,80,7.0,6.0,1288130.46,4236854.9,7815.0,17.3478809,78.5364577,-36.09192193271679,-58.971,1.0
2022,6,MACHABOLLARAM,13,235,235,118.0,107.0,248604.31,4724807.25,6267.0,17.513866,78.5137342,-4.221987933535047,-6.62,-1.252
2022,6,MADANNAPET,2,10,10,,,273753.81,1827527.95,5891.0,17.3585578,78.4971064,-9.772093976293876,-15.772,8.35
2022,6,MADHAPUR,15,6550,6550,96.0,48.0,56514647.42,70533282.26,12962.0,17.4408924,78.3916304,-5.798614192233966,-10.565,-3.21
2022,6,MAILERDEV PALLY,16,28,28,29.0,24.0,554335.22,2269226.95,7055.0,17.31916516561942,78.44588448683878,-7.546780559786242,-12.3,-1.008
2022,6,MALAKPET,2,66,66,,,894200.15,4445465.4,5147.0,17.3736706,78.4996484,-9.772093976293876,-15.772,8.35
2022,6,MANIKONDA,18,2134,2134,89.0,73.0,159659400.4,10305201.6,8514.0,17.3999951,78.3861689,-8.64049553514247,-16.362,1.0
2022,6,MANSOORABAD,34,599,599,24.0,8.0,915726.9,2874060.0,5773.0,17.3541765,78.5652906,-11.76366817945535,-19.847,-2.831
2022,6,MARREDPALLY,7,344,344,6.0,4.0,424336.89,2169352.15,9196.0,17.4507936,78.5048972,-12.47414140833292,-21.362,12.404
2022,6,MARUTHINAGAR,10,700,700,3.0,3.0,1428342.57,4580571.85,7237.0,17.373499742570825,78.54268265383173,-15.115934266731193,-24.0,38.681
2022,6,MEERPET,20,120,120,28.0,23.0,5809881.17,2758531.35,9864.0,17.4546432,78.5715499,-6.441468392795172,-59.023,1.0
2022,6,MEHIDIPATNAM,3,318,318,10.0,7.0,841114.58,3301714.45,6575.0,17.399943921854806,78.43451065196552,-1.2240510318391513,-3.314,1.0
2022,6,METTUGUDA,7,71,71,3.0,2.0,291657.11,1304144.5,4460.0,17.4355036,78.5195573,-12.47414140833292,-21.362,12.404
2022,6,MIYAPUR,15,1206,1206,35.0,23.0,2688925.94,10630703.05,7369.0,17.4981608,78.3567628,-7.088238213409196,-15.663,-1.104
2022,6,MOGHULPURA,1,2,2,5.0,4.0,226741.38,2068127.55,6259.0,17.3595023,78.4767749,-4.981351632256168,-19.652,1.0
2022,6,MOOSAPET,9,430,430,18.0,12.0,3091521.91,10799979.6,5669.0,17.4685307,78.4206695,-5.390432301805981,-9.201,-1.035
2022,6,MOOSARAMBAGH,2,284,284,19.0,14.0,1845904.88,5125954.5,7827.0,17.3743532,78.5160835,-9.772093976293876,-15.772,8.35
2022,6,MOTI NAGAR,9,338,338,4.0,4.0,462914.56,1177583.5,5785.0,17.4508069,78.422242,-4.2143448867979,-7.86,1.0
2022,6,MUSHEERABAD,5,373,373,6.0,4.0,567050.63,11645546.25,5315.0,17.4191423,78.4985732,-6.740992341257842,-8.752,-0.051
2022,6,MYSARAM,33,3,3,27.0,24.0,23956376.59,20596194.75,5969.0,17.318186408097194,78.48361779724075,-12.123256123445776,-15.781,1.0
2022,6,NACHARAM,14,349,349,25.0,21.0,7226058.4,10709538.53,10927.0,17.4284936,78.5528098,-2.2643061664055764,-6.6,31.337
2022,6,NAGARAM,19,2,2,64.0,51.0,1286876.26,2044358.6,10243.0,17.4910113,78.613677,-3.9776102214750892,-28.936,-0.751
2022,6,NAGOLE,34,14,14,35.0,25.0,1169345.0,5957267.3,7692.0,17.3775306,78.5601231,-8.68556577870009,-15.552,1.0
2022,6,NALLAGANDLA,15,2,2,28.0,22.0,2995463.56,25343615.25,8557.0,17.4774828,78.3060359,-29.150105105964958,-58.481,-4.338
2022,6,NALLAGUTTA,7,17,17,1.0,1.0,1070476.5,2789526.45,4753.0,17.4384334,78.4825328,-1.9424732071532318,-2.693,-0.068
2022,6,NARAYANGUDA,5,339,339,3.0,0.0,3724772.5,8292327.5,7167.0,17.3981159,78.4885006,-2.1866529029494384,-4.994,1.0
2022,6,NGO COLONY,34,229,229,8.0,7.0,661775.21,2077920.5,5599.0,17.327964,78.5657291,-8.534793235350607,-12.209,-3.889
2022,6,NIZAMPET,23,3182,3182,15.0,10.0,10087025.77,8056329.2,4371.0,17.4945061,78.4000017,-46.34703747538678,-48.923,38.884
2022,6,OLD MALLEPALLY,3,45,45,14.0,14.0,258209.24,2270884.8,3831.0,17.386722270354426,78.45715718205514,-5.100407564636875,-8.085,-1.774
2022,6,PATANCHERU,15,2,2,9.0,8.0,2700.0,261268.85,7009.0,17.5286092,78.2674254,-15.572393745172485,-19.944,-9.782
2022,6,PATHERGATTI,1,2,2,2.0,1.0,2212604.73,3973925.65,4778.0,17.3659836,78.4754866,-3.423985738728608,-11.371,1.0
2022,6,PEERJADIGUDA,19,368,368,51.0,43.0,70275906.69,11081162.4,15920.0,17.4078747,78.6022666,-11.641342145249197,-19.598,24.579
2022,6,POCHARAM,19,4,4,32.0,28.0,7679873.1,586395.8,8427.0,17.1766905,78.6024034,-7.168004578346216,-10.471,-3.471
2022,6,PRAGATHINAGAR,23,2140,2140,13.0,10.0,37619886.76,751065.15,6047.0,17.3985199,78.5411934,-17.80370829758031,-23.95,-4.554
2022,6,PRAKASHNAGAR,7,127,127,6.0,3.0,5058146.87,9172460.0,9511.0,17.4426888,78.4705479,-1.9424732071532318,-2.693,-0.068
2022,6,RADHIKA,14,183,183,26.0,21.0,914508.96,5524787.95,9816.0,17.4771342,78.563299,-11.611257318416774,-13.556,-0.07
2022,6,RAMACHANDRAPURAM,15,13,13,6.0,5.0,730357.61,1869069.6,7815.0,17.5086345,78.3018685,-10.108599999483703,-48.466,12.475
2022,6,RAMANTHAPUR,5,257,257,28.0,26.0,2326623.91,5960723.25,20206.0,17.3885044,78.5371677,-17.80370829758031,-23.95,-4.554
2022,6,REGIMENTAL BAZAR,7,131,131,2.0,1.0,1463822.67,2598950.73,4295.0,17.4348324,78.5012557,-6.740992341257842,-8.752,-0.051
2022,6,S.P.R HILLS,6,281,281,9.0,7.0,241407.18,2748073.25,10599.0,17.446776445765586,78.41047091648177,-4.2143448867979,-7.86,1.0
2022,6,S.R.NAGAR,6,2388,2388,7.0,4.0,4384934.94,6386686.35,7044.0,17.4417071,78.4416081,-14.461797131758766,-44.338,1.0
2022,6,SAHEBNAGAR,10,722,722,66.0,45.0,1573112.0,12075018.95,12201.0,17.3206264,78.5769132,-4.1107347863508155,-15.067,1.203
2022,6,SAIBABA NAGAR,14,167,167,45.0,33.0,391531.45,936462.95,7095.0,17.4507229,78.4100017,-5.390432301805981,-9.201,-1.035
2022,6,SAIDABAD,2,58,58,2.0,2.0,755884.78,2810395.45,5891.0,17.359533,78.5147979,-9.772093976293876,-15.772,8.35
2022,6,SAINATHPURAM,13,332,332,22.0,14.0,363017.88,3556999.7,11098.0,17.475693,78.5515621,-2.63240210193732,-54.763,1.0
2022,6,SANTOSHNAGAR,2,2,2,2.0,1.0,793747.31,2133378.5,6090.0,17.3467185,78.5081947,-9.772093976293876,-15.772,8.35
2022,6,SAROORNAGAR,10,513,513,8.0,3.0,1995236.84,6761110.9,6770.0,17.3611655,78.5387443,-36.09192193271679,-58.971,1.0
2022,6,SEETHAPALMANDI,7,244,244,2.0,1.0,455899.15,1871505.25,6169.0,17.425757541676237,78.51990378820871,-6.672931671786576,-12.052,1.0
2022,6,SHAIKPET,3,898,898,11.0,9.0,2097355.56,6603953.8,8301.0,17.4057955,78.4006536,-6.043137507893525,-6.746,-0.009
2022,6,SHAPOORNAGAR,12,734,734,10.0,6.0,705250.16,4847436.7,8036.0,17.51707481088814,78.44358687789398,-6.350885176856137,-10.305,-2.767
2022,6,SHIVAM,5,187,187,4.0,4.0,1284136.82,4840223.3,8943.0,17.3367947,78.6028951,-9.552658212982246,-46.221,1.0
2022,6,SOMAJIGUDA,6,1897,1897,3.0,0.0,5657718.61,8284410.9,6079.0,17.4255053,78.4585197,-6.267983222411594,-34.86,-1.588
2022,6,SRINIVAS NAGAR,7,273,273,4.0,4.0,440364.7,1892258.3,4794.0,17.4402595,78.4451055,-14.461797131758766,-44.338,1.0
2022,6,SUCHITRA,12,671,671,23.0,18.0,2004420.99,5469477.72,8809.0,17.5024582,78.4839794,-16.764837433599137,-24.574,36.118
2022,6,SULEMAN NAGAR,16,65,65,2.0,2.0,331062.31,1738070.8,7510.0,17.3486936,78.4231173,-28.590051792067662,-58.82,-3.436
2022,6,SULTAN BAZAR,4,251,251,5.0,3.0,2331095.17,4074596.35,5784.0,17.3870437,78.4869648,-3.423985738728608,-11.371,1.0
2022,6,SURARAM,12,57,57,7.0,6.0,1221667.91,3173926.6,10464.0,17.5360946,78.4186386,-5.1367885188728355,-18.138,-0.624
2022,6,TAPPA CHABUTRA,3,20,20,1.0,1.0,102891.0,1066839.45,5084.0,17.37851781010729,78.44605498735723,-5.100407564636875,-8.085,-1.774
2022,6,TARNAKA,7,1109,1109,6.0,0.0,13550580.94,16581656.21,5468.0,17.4285479,78.5379433,-2.2643061664055764,-6.6,31.337
2022,6,THATTIKHANA,6,1814,1814,22.0,14.0,8325764.48,12106917.65,10994.0,17.368368049566055,78.60318365434247,-19.009141170949153,-29.461,1.0
2022,6,THOOMKUNTA,25,1,1,65.0,55.0,23211544.8,904683.0,3448.0,17.5602279357445,78.55835134770649,-3.931106679410948,-6.3,-0.659
2022,6,THUKKUGUDA,20,1,1,38.0,34.0,23498678.41,24352610.8,8869.0,17.2144718,78.4766647,-10.917572216237312,-14.209,-6.459
2022,6,TOLI CHOWK,3,313,313,17.0,8.0,736061.37,2283056.51,5031.0,17.399517081462932,78.41474423791212,-6.043137507893525,-6.746,-0.009
2022,6,UPPAL,14,466,466,30.0,27.0,944610.99,3187230.22,14482.0,17.4025091,78.5612562,-6.855199090082735,-16.385,1.0
2022,6,USHODAYA,12,60,60,17.0,13.0,256559.06,2068861.05,9647.0,17.384909,78.4388101,-5.100407564636875,-8.085,-1.774
2022,6,VAISHALINAGAR,10,103,103,30.0,26.0,1495627.1,5669581.65,10092.0,17.338969152148117,78.54402440653747,-13.665723696483987,-15.8,-7.95
2022,6,VAJPAYEE NAGAR,13,124,124,2.0,2.0,431476.69,2311239.75,8791.0,17.493544000750763,78.45891297321583,-16.764837433599137,-24.574,36.118
2022,6,VANASTHALIPURAM,34,315,315,13.0,13.0,1613595.41,5232843.8,7088.0,17.3303179,78.568278,-8.534793235350607,-12.209,-3.889
2022,6,VENGALRAONAGAR,6,974,974,3.0,1.0,1984356.13,5424938.76,8350.0,17.442176085833477,78.43833257797534,-14.461797131758766,-44.338,1.0
2022,6,VENKATAPURAM,13,187,187,13.0,8.0,585993.35,4216915.55,6809.0,17.496189,78.5043108,-8.97585561892137,-40.761,-6.248
2022,6,VIGYANPURI,5,135,135,2.0,1.0,4666399.27,5989773.7,4014.0,17.403003650874158,78.51134135120137,-2.1866529029494384,-4.994,1.0
2022,6,VIJAYNAGAR COLONY,3,487,487,2.0,1.0,1304416.99,3736371.6,6193.0,17.3442548,78.5412895,-13.665723696483987,-15.8,-7.95
2022,6,VINAY NAGAR,2,24,24,4.0,2.0,454467.95,2770921.6,5542.0,17.3515414,78.5111106,-9.772093976293876,-15.772,8.35
2022,6,VIVEKANANDA NAGAR,9,221,221,5.0,5.0,1392613.52,6269856.95,7151.0,17.3627254,78.5293456,-36.09192193271679,-58.971,1.0
2022,6,YAKATPURA,2,4,4,,,319684.05,1554038.4,7057.0,17.359093387793546,78.4853163967196,-9.772093976293876,-15.772,8.35
2022,6,YAPRAL,13,90,90,104.0,71.0,805928.02,4572867.55,6271.0,17.5030543,78.5407976,-6.247539089917872,-12.503,-0.354
2022,6,YELLAMMABANDA,9,751,751,44.0,39.0,380466.96,2056874.8,9576.0,17.5102678,78.4070824,-46.34703747538678,-48.923,38.884
2022,6,YELLAREDDYGUDA,6,964,964,16.0,9.0,2505883.04,5494157.8,8745.0,17.4333135,78.4415476,-14.461797131758766,-44.338,1.0
2022,6,ZIAGUDA,4,6,6,9.0,9.0,303215.65,1416409.1,5933.0,17.3658951,78.4503072,-6.23629193008042,-14.06,-2.04
2022,7,ADARSHNAGAR,12,14,14,5.0,3.0,12029530.48,16287759.39,5883.0,17.404546984247553,78.47358389715174,-4.225103036755199,-6.03,25.278
2022,7,ADIKMET,5,112,112,2.0,2.0,1250163.13,2473414.05,2931.0,17.4095495,78.5130943,-6.672931671786576,-12.052,1.0
2022,7,AHMED NAGAR,3,134,134,4.0,4.0,60989.02,552409.9,2906.0,17.404066,78.4442286,-1.2240510318391513,-3.314,1.0
2022,7,ALIABAD,33,2,2,3.0,2.0,149522.0,1224641.95,6411.0,17.34563,78.4726799,-4.981351632256168,-19.652,1.0
2022,7,ALKAPURI,10,376,376,9.0,2.0,2132306.34,5432959.95,8320.0,17.3662342,78.5549781,-15.115934266731193,-24.0,38.681
2022,7,ALLABANDA,4,1,1,1.0,1.0,221749.72,1638231.2,7805.0,17.3803134,78.4577022,-5.100407564636875,-8.085,-1.774
2022,7,ALWAL,13,44,44,23.0,10.0,36498576.64,38962641.2,8822.0,17.5022292,78.5088584,-4.221987933535047,-6.62,-1.252
2022,7,AMEENPUR,24,4,4,123.0,109.0,14042659.77,14201004.6,6832.0,17.5236905,78.3317297,-1.7808493513536299,-2.91,-0.787
2022,7,ASIF NAGAR,3,29,29,3.0,3.0,384235.55,1676382.15,5405.0,17.3857483,78.4505083,-5.100407564636875,-8.085,-1.774
2022,7,ASMANGARH,2,50,50,1.0,1.0,943524.59,2430194.4,5575.0,17.36850992532914,78.51429549554615,-9.772093976293876,-15.772,8.35
2022,7,ATTAPUR,16,76,76,33.0,24.0,636056.26,2701038.0,8743.0,17.3672244,78.4307278,-7.357040143594367,-8.99,1.0
2022,7,AUTONAGAR,34,61,61,92.0,76.0,833117.64,3677592.9,10141.0,17.3356141,78.5792031,-18.449006726509495,-54.592,-0.173
2022,7,AZAMABAD,5,194,194,3.0,1.0,1460976.82,3892785.3,11028.0,17.4040194,78.5043767,-2.1866529029494384,-4.994,1.0
2022,7,AZAMPURA,2,5,5,,,378830.59,1959120.6,4920.0,17.3761935,78.490874,-3.423985738728608,-11.371,1.0
2022,7,B.N.REDDY NAGAR,34,16,16,33.0,25.0,765322.8,2505402.5,7039.0,17.321914,78.5597937,-8.534793235350607,-12.209,-3.889
2022,7,BACHUPALLY,23,8,8,37.0,24.0,7463923.51,7869075.4,3796.0,17.536648,78.3644736,-77.33563988117173,-83.42,20.074
2022,7,BADANGPET,20,10,10,128.0,111.0,4037359.67,6608126.5,20319.0,17.3383467,78.5222127,-13.665723696483987,-15.8,-7.95
2022,7,BAGH LINGAMPALLY,5,142,142,5.0,1.0,710032.59,1602842.5,6107.0,17.3974359,78.4979706,-2.1866529029494384,-4.994,1.0
2022,7,BAHADURPURA,1,5,5,2.0,1.0,6054458.93,6624656.66,5922.0,17.3570672,78.4545419,-4.981351632256168,-19.652,1.0
2022,7,BALAJINAGAR,9,903,903,8.0,8.0,2498069.06,4783866.9,7806.0,17.5149256,78.560679,-7.086502418049685,-10.359,1.0
2022,7,BALANAGAR,9,17,17,9.0,8.0,1965988.95,3156409.28,10809.0,17.4768224,78.4219645,-40.21863524752012,-59.528,-11.334
2022,7,BALAPUR,33,1,1,5.0,1.0,497993.0,1515680.45,5772.0,17.307521,78.5053298,-12.123256123445776,-15.781,1.0
2022,7,BANDLAGUDA,33,7,7,62.0,59.0,329211.0,1370311.3,7516.0,17.3714879,78.5727265,-19.009141170949153,-29.461,1.0
2022,7,BANJARA HILLS,6,1939,1939,14.0,7.0,14722666.88,18770589.9,10851.0,17.4177464,78.4399014,-6.267983222411594,-34.86,-1.588
2022,7,BARKATPURA,5,108,108,6.0,2.0,1941017.5,4257999.85,6439.0,17.3926121,78.4969683,-2.1866529029494384,-4.994,1.0
2022,7,BEERAMGUDA,24,1,1,248.0,226.0,2139451.31,3157636.6,9459.0,17.5091218,78.3004614,-10.108599999483703,-48.466,12.475
2022,7,BHAGATSINGH NAGAR,12,18,18,8.0,3.0,850944.33,2206901.33,5309.0,17.49324711103568,78.38735077021973,-21.42419514433048,-104.503,-11.263
2022,7,BHAGYANAGAR,9,645,645,10.0,7.0,4164937.33,10121264.6,6136.0,17.4076662,78.4957155,-2.1866529029494384,-4.994,1.0
2022,7,BHARATHNAGAR,9,224,224,4.0,3.0,532457.42,1183569.55,6549.0,17.3478913,78.55648,-11.76366817945535,-19.847,-2.831
2022,7,BODUPPAL,19,202,202,117.0,96.0,3591980.81,8938882.65,24375.0,17.3988408,78.5366218,-17.80370829758031,-23.95,-4.554
2022,7,BOIGUDA,7,41,41,10.0,10.0,447112.71,1339074.8,5641.0,17.4286363,78.4969962,-6.740992341257842,-8.752,-0.051
2022,7,BOLLARAM,24,1,1,,,5274017.0,2393190.0,3959.0,17.5065065,78.3623994,-7.088238213409196,-15.663,-1.104
2022,7,BORABANDA,6,130,130,6.0,6.0,238241.18,1438407.35,7113.0,17.4590687,78.4078664,-5.390432301805981,-9.201,-1.035
2022,7,BOUDHANAGAR,7,15,15,4.0,4.0,337261.08,2218469.15,6418.0,17.4160319,78.517419,-6.672931671786576,-12.052,1.0
2022,7,BUDVEL,16,89,89,23.0,21.0,4577680.03,4055518.4,7311.0,17.33298,78.406191,-8.60961196694741,-20.379,1.0
2022,7,CHANCHALGUDA,2,17,17,1.0,1.0,884280.77,2150209.35,5459.0,17.3673732,78.4965799,-9.772093976293876,-15.772,8.35
2022,7,CHANDA NAGAR,15,294,294,11.0,8.0,1778652.83,4223009.25,8790.0,17.4534764,78.3943669,-5.798614192233966,-10.565,-3.21
2022,7,CHANUKYAPURI,13,97,97,9.0,4.0,1344621.51,4466656.92,11820.0,17.35903320948377,78.5617337593459,-11.76366817945535,-19.847,-2.831
2022,7,CHERLAPALLY,14,8,8,49.0,37.0,441048.72,3538252.55,8202.0,17.4687455,78.6024858,-3.9776102214750892,-28.936,-0.751
2022,7,CHINTAL,12,21,21,14.0,6.0,8823008.63,10796088.55,9602.0,17.5021756,78.440609,-6.350885176856137,-10.305,-2.767
2022,7,CHINTAL BASTHI,3,163,163,8.0,7.0,603659.11,3136479.2,5178.0,17.4073576,78.4567152,-1.2240510318391513,-3.314,1.0
2022,7,DARUL SHIFA,1,3,3,2.0,1.0,603198.26,2485592.75,6264.0,17.366904,78.481078,-3.423985738728608,-11.371,1.0
2022,7,DEEPTHISRI NAGAR,15,342,342,20.0,12.0,1793840.31,4685043.85,4998.0,17.50066559761306,78.33937200961574,-1.7808493513536299,-2.91,-0.787
2022,7,DEFENCE COLONY,13,131,131,9.0,4.0,613508.13,2925652.15,11573.0,17.3176682,78.6117136,-9.552658212982246,-46.221,1.0
2022,7,DHAMMAIGUDA,19,1,1,51.0,44.0,463018.23,5389068.2,10517.0,17.4989069255254,78.59838586027956,-19.770034480776104,-59.541,14.483
2022,7,DHOOD BOWLI,1,1,1,4.0,3.0,994875.74,1928838.2,6088.0,17.358865699843125,78.46540079693314,-4.981351632256168,-19.652,1.0
2022,7,DILSHUKNAGAR,10,122,122,2.0,1.0,1498269.2,3495345.1,6069.0,17.3710329,78.5254623,-36.09192193271679,-58.971,1.0
2022,7,DOMALGUDA,5,25,25,8.0,7.0,891875.27,2673579.5,5458.0,17.4078455,78.4850003,-4.225103036755199,-6.03,25.278
2022,7,ERRAGADDA,6,174,174,7.0,7.0,903916.3,3219590.35,6676.0,17.4487999,78.4356074,-4.2143448867979,-7.86,1.0
2022,7,FATHENAGAR,6,354,354,4.0,4.0,4400291.91,8327007.45,7680.0,17.4598339,78.4525504,-4.2143448867979,-7.86,1.0
2022,7,FATHER BALAIAHNAGAR,13,441,441,33.0,29.0,984024.89,3477060.35,5926.0,17.50818327428803,78.4937064516262,-16.764837433599137,-24.574,36.118
2022,7,FILM NAGAR,6,245,245,22.0,11.0,7988585.18,10460676.55,7940.0,17.4140574,78.4105031,-6.043137507893525,-6.746,-0.009
2022,7,GACHIBOWLI,15,922,922,42.0,29.0,41072199.06,44471317.75,6498.0,17.4436222,78.3519638,-7.851808252285321,-13.636,1.0
2022,7,GAJULARAMARAM,12,109,109,73.0,55.0,1648250.31,4787215.5,7949.0,17.5271759,78.4200077,-5.1367885188728355,-18.138,-0.624
2022,7,GANDHINAGAR,5,301,301,5.0,2.0,1655658.79,3913245.65,5999.0,17.4077928,78.4925707,-4.225103036755199,-6.03,25.278
2022,7,GAYATRI NAGAR,9,395,395,17.0,16.0,536662.75,1277046.6,6816.0,17.4566764,78.4035867,-5.798614192233966,-10.565,-3.21
2022,7,GODE-KI-KABAR,4,26,26,,,388249.57,2307328.95,7862.0,17.376976148401162,78.46196399554636,-5.100407564636875,-8.085,-1.774
2022,7,GOLCONDA,3,13,13,,,8321771.8,9264706.2,5885.0,17.3873294,78.4057336,-6.272660829945958,-16.898,-0.04
2022,7,GOWLIGUDA,4,44,44,4.0,4.0,9813493.21,6230993.15,4791.0,17.377643,78.4787716,-3.423985738728608,-11.371,1.0
2022,7,GOWLIPURA,33,2,2,2.0,2.0,73068.1,1076118.85,5692.0,17.3462321,78.4799077,-12.123256123445776,-15.781,1.0
2022,7,GOWTHAM NAGAR,13,153,153,8.0,3.0,1021290.58,3618304.8,8014.0,17.4539263,78.527344,-4.236881728429952,-6.098,1.0
2022,7,GUNFOUNDRY,4,169,169,2.0,1.0,2328690.6,4979771.9,3780.0,17.3936441,78.4756654,-3.3423306430785304,-5.452,1.0
2022,7,HAFEEZPET,15,2265,2265,15.0,11.0,4558953.1,7467174.45,6578.0,17.4834409,78.3611316,-17.663445787684253,-26.918,1.0
2022,7,HAKEEMPET,3,47,47,1.0,1.0,265605.3,1284685.6,4478.0,17.4056403,78.4178824,-6.043137507893525,-6.746,-0.009
2022,7,HASMATHPET,9,228,228,15.0,4.0,1044622.09,1985243.95,10051.0,17.4758254,78.4847371,-1.3120815705640303,-1.67,1.0
2022,7,HASSAN NAGAR,1,1,1,3.0,1.0,122206.74,1051081.69,4465.0,17.336155,78.44363,-28.06282154849126,-35.473,1.0
2022,7,HOUSING BOARD,14,23,23,25.0,15.0,303647.86,1278201.35,9338.0,17.4922068,78.3973638,-21.42419514433048,-104.503,-11.263
2022,7,HUBSIGUDA,14,190,190,23.0,15.0,6294998.16,11480203.29,6965.0,17.412012724821263,78.54561665602095,-7.538105379814497,-8.769,-2.539
2022,7,HYDERGUDA,16,400,400,23.0,19.0,1579201.41,4464419.7,6414.0,17.4012791,78.4804894,-4.225103036755199,-6.03,25.278
2022,7,JAGATHGIRIGUTTA,12,41,41,27.0,20.0,461222.21,5257271.8,11396.0,17.4993176,78.4226016,-5.1367885188728355,-18.138,-0.624
2022,7,JAHANUMA,33,2,2,,,312796.67,1401297.05,6142.0,17.3433524,78.4614644,-4.981351632256168,-19.652,1.0
2022,7,JALPALLY,20,2,2,298.0,237.0,410030.25,3323984.35,13942.0,17.3061541,78.4738589,-7.546780559786242,-12.3,-1.008
2022,7,JAWAHARNAGAR,25,3,3,671.0,525.0,4032751.19,4616320.7,15303.0,17.437754,78.4845463,-1.9424732071532318,-2.693,-0.068
2022,7,JEEDIMETLA,12,52,52,40.0,29.0,5869983.15,8714273.35,8413.0,17.519687,78.4468876,-6.350885176856137,-10.305,-2.767
2022,7,JILLELAGUDA,20,44,44,20.0,16.0,1129405.45,1572348.85,4930.0,17.3376801,78.5322366,-13.665723696483987,-15.8,-7.95
2022,7,JUBILEE HILLS,6,1461,1461,19.0,5.0,4947625.78,8832145.15,6632.0,17.4308362,78.4102882,-6.043137507893525,-6.746,-0.009
2022,7,KAKATIYA NAGAR,3,113,113,2.0,2.0,495221.43,1272768.75,3997.0,17.4785837,78.5406026,-12.484480768704271,-19.217,1.0
2022,7,KAMALANAGAR,34,52,52,32.0,30.0,816224.23,3062341.25,7910.0,17.4728043,78.566675,-9.045252142363507,-29.864,-0.004
2022,7,KARWAN,3,22,22,6.0,6.0,512103.66,1992261.55,6685.0,17.376013,78.4331894,-7.357040143594367,-8.99,1.0
2022,7,KATEDAN,16,4,4,32.0,27.0,577905.4,2936391.75,7015.0,17.3026835,78.4398207,-1.2653078280464742,-3.218,-0.732
2022,7,KISHAN BAGH,1,1,1,6.0,3.0,423594.7,1301694.7,5053.0,17.3575261,78.44485,-4.981351632256168,-19.652,1.0
2022,7,KISMATHPUR,18,379,379,60.0,47.0,2498671.81,5478086.65,13684.0,17.3343045,78.3936455,-14.163095030058026,-19.578,-7.69
2022,7,KONDAPUR,15,2855,2855,46.0,27.0,8929838.03,8180004.5,7906.0,17.4587912,78.3730556,-9.15338763082218,-13.794,-3.253
2022,7,KOTHAPETA,10,93,93,9.0,6.0,758865.63,2640706.85,7233.0,17.367222832295177,78.545668383567,-15.115934266731193,-24.0,38.681
2022,7,KPHB,9,1275,1275,18.0,12.0,8193982.62,14359378.3,9511.0,17.4939602,78.4008412,-46.34703747538678,-48.923,38.884
2022,7,KUKATPALLY,9,198,198,10.0,5.0,2358050.77,4945503.75,6772.0,17.4930841,78.4054408,-46.34703747538678,-48.923,38.884
2022,7,L.B.NAGAR,34,43,43,11.0,7.0,1270014.81,2863670.95,6199.0,17.349846,78.5479412,-36.09192193271679,-58.971,1.0
2022,7,LALAPET,7,23,23,4.0,3.0,3465421.9,5518968.7,6284.0,17.4388301,78.54187,-2.2643061664055764,-6.6,31.337
2022,7,LANGER HOUSE,3,6,6,11.0,10.0,1507353.47,3027975.55,7644.0,17.37331,78.41387,-6.272660829945958,-16.898,-0.04
2022,7,LINGOJIGUDA,10,59,59,2.0,2.0,1042188.88,2617868.35,7815.0,17.3478809,78.5364577,-36.09192193271679,-58.971,1.0
2022,7,MACHABOLLARAM,13,53,53,47.0,34.0,365832.08,2408969.2,6267.0,17.513866,78.5137342,-4.221987933535047,-6.62,-1.252
2022,7,MADANNAPET,2,7,7,1.0,1.0,334976.21,1625213.95,5891.0,17.3585578,78.4971064,-9.772093976293876,-15.772,8.35
2022,7,MADHAPUR,15,3586,3586,75.0,42.0,55163039.47,64386204.45,12962.0,17.4408924,78.3916304,-5.798614192233966,-10.565,-3.21
2022,7,MAILERDEV PALLY,16,12,12,31.0,25.0,376898.57,327994.4,7055.0,17.31916516561942,78.44588448683878,-7.546780559786242,-12.3,-1.008
2022,7,MALAKPET,2,39,39,3.0,3.0,973104.58,2812745.3,5147.0,17.3736706,78.4996484,-9.772093976293876,-15.772,8.35
2022,7,MANIKONDA,18,1352,1352,86.0,63.0,7584259.91,8727216.8,8514.0,17.3999951,78.3861689,-8.64049553514247,-16.362,1.0
2022,7,MANSOORABAD,34,140,140,8.0,1.0,1211523.85,5476249.8,5773.0,17.3541765,78.5652906,-11.76366817945535,-19.847,-2.831
2022,7,MARREDPALLY,7,185,185,6.0,1.0,416634.11,3418513.85,9196.0,17.4507936,78.5048972,-12.47414140833292,-21.362,12.404
2022,7,MARUTHINAGAR,10,342,342,7.0,7.0,1413524.96,3755792.8,7237.0,17.373499742570825,78.54268265383173,-15.115934266731193,-24.0,38.681
2022,7,MEERPET,20,64,64,37.0,30.0,1402921.31,2015028.45,9864.0,17.4546432,78.5715499,-6.441468392795172,-59.023,1.0
2022,7,MEHIDIPATNAM,3,150,150,9.0,5.0,543932.07,2997212.35,6575.0,17.399943921854806,78.43451065196552,-1.2240510318391513,-3.314,1.0
2022,7,METTUGUDA,7,22,22,1.0,1.0,343067.74,1302084.2,4460.0,17.4355036,78.5195573,-12.47414140833292,-21.362,12.404
2022,7,MISRIGUNJ,1,2,2,2.0,2.0,564854.0,1289589.55,4347.0,17.350101211439146,78.45939390321827,-4.981351632256168,-19.652,1.0
2022,7,MIYAPUR,15,583,583,18.0,16.0,1867899.07,6348758.25,7369.0,17.4981608,78.3567628,-7.088238213409196,-15.663,-1.104
2022,7,MOGHULPURA,1,1,1,,,710414.14,2171450.45,6259.0,17.3595023,78.4767749,-4.981351632256168,-19.652,1.0
2022,7,MOOSAPET,9,307,307,31.0,17.0,3623786.98,6861162.1,5669.0,17.4685307,78.4206695,-5.390432301805981,-9.201,-1.035
2022,7,MOOSARAMBAGH,2,194,194,8.0,6.0,1468092.14,5023927.6,7827.0,17.3743532,78.5160835,-9.772093976293876,-15.772,8.35
2022,7,MOTI NAGAR,9,192,192,11.0,10.0,477376.24,1486156.35,5785.0,17.4508069,78.422242,-4.2143448867979,-7.86,1.0
2022,7,MUSHEERABAD,5,244,244,6.0,4.0,1675097.0,8952687.3,5315.0,17.4191423,78.4985732,-6.740992341257842,-8.752,-0.051
2022,7,NACHARAM,14,148,148,27.0,18.0,5858833.94,10222218.94,10927.0,17.4284936,78.5528098,-2.2643061664055764,-6.6,31.337
2022,7,NAGARAM,19,3,3,38.0,30.0,1239221.05,2827135.2,10243.0,17.4910113,78.613677,-3.9776102214750892,-28.936,-0.751
2022,7,NAGOLE,34,13,13,21.0,16.0,1085276.34,4225583.72,7692.0,17.3775306,78.5601231,-8.68556577870009,-15.552,1.0
2022,7,NALLAGANDLA,15,8,8,26.0,19.0,4129690.21,4607426.96,8557.0,17.4774828,78.3060359,-29.150105105964958,-58.481,-4.338
2022,7,NALLAGUTTA,7,16,16,1.0,0.0,2101666.96,3062070.7,4753.0,17.4384334,78.4825328,-1.9424732071532318,-2.693,-0.068
2022,7,NARAYANGUDA,5,277,277,2.0,1.0,3688438.99,5885505.6,7167.0,17.3981159,78.4885006,-2.1866529029494384,-4.994,1.0
2022,7,NGO COLONY,34,45,45,8.0,7.0,595856.49,1989082.15,5599.0,17.327964,78.5657291,-8.534793235350607,-12.209,-3.889
2022,7,NIZAMPET,23,1477,1477,24.0,16.0,4056634.26,2368926.65,4371.0,17.4945061,78.4000017,-46.34703747538678,-48.923,38.884
2022,7,OLD MALLEPALLY,3,33,33,1.0,1.0,109102.72,882626.7,3831.0,17.386722270354426,78.45715718205514,-5.100407564636875,-8.085,-1.774
2022,7,PEERJADIGUDA,19,261,261,54.0,49.0,2495532.42,3299348.5,15920.0,17.4078747,78.6022666,-11.641342145249197,-19.598,24.579
2022,7,POCHARAM,19,3,3,48.0,42.0,436099.45,586242.9,8427.0,17.1766905,78.6024034,-7.168004578346216,-10.471,-3.471
2022,7,PRAGATHINAGAR,23,1480,1480,19.0,12.0,1297872.35,873037.55,6047.0,17.3985199,78.5411934,-17.80370829758031,-23.95,-4.554
2022,7,PRAKASHNAGAR,7,62,62,9.0,5.0,4708433.15,7871920.2,9511.0,17.4426888,78.4705479,-1.9424732071532318,-2.693,-0.068
2022,7,RADHIKA,14,132,132,39.0,24.0,1240484.98,4088985.75,9816.0,17.4771342,78.563299,-11.611257318416774,-13.556,-0.07
2022,7,RAMACHANDRAPURAM,15,3,3,7.0,6.0,1090840.71,1601181.45,7815.0,17.5086345,78.3018685,-10.108599999483703,-48.466,12.475
2022,7,RAMANTHAPUR,5,96,96,83.0,77.0,2652285.44,7822382.95,20206.0,17.3885044,78.5371677,-17.80370829758031,-23.95,-4.554
2022,7,REGIMENTAL BAZAR,7,96,96,2.0,1.0,1479695.99,3665497.73,4295.0,17.4348324,78.5012557,-6.740992341257842,-8.752,-0.051
2022,7,RIYASATH NAGAR,33,1,1,4.0,4.0,216330.36,1322280.95,4937.0,17.3890675,78.4053603,-6.272660829945958,-16.898,-0.04
2022,7,S.P.R HILLS,6,165,165,5.0,2.0,235142.0,590645.45,10599.0,17.446776445765586,78.41047091648177,-4.2143448867979,-7.86,1.0
2022,7,S.R.NAGAR,6,764,764,18.0,8.0,4407692.24,7214408.95,7044.0,17.4417071,78.4416081,-14.461797131758766,-44.338,1.0
2022,7,SAHEBNAGAR,10,258,258,82.0,56.0,1612501.85,3631408.2,12201.0,17.3206264,78.5769132,-4.1107347863508155,-15.067,1.203
2022,7,SAIBABA NAGAR,14,81,81,25.0,22.0,119884.67,2925168.6,7095.0,17.4507229,78.4100017,-5.390432301805981,-9.201,-1.035
2022,7,SAIDABAD,2,40,40,6.0,3.0,653276.65,2560612.25,5891.0,17.359533,78.5147979,-9.772093976293876,-15.772,8.35
2022,7,SAINATHPURAM,13,119,119,13.0,7.0,522274.37,4021413.0,11098.0,17.475693,78.5515621,-2.63240210193732,-54.763,1.0
2022,7,SANTOSHNAGAR,2,2,2,2.0,2.0,924617.42,2056506.25,6090.0,17.3467185,78.5081947,-9.772093976293876,-15.772,8.35
2022,7,SAROORNAGAR,10,268,268,9.0,6.0,1504711.04,3199186.2,6770.0,17.3611655,78.5387443,-36.09192193271679,-58.971,1.0
2022,7,SEETHAPALMANDI,7,88,88,1.0,1.0,525966.51,3121389.95,6169.0,17.425757541676237,78.51990378820871,-6.672931671786576,-12.052,1.0
2022,7,SHAIKPET,3,460,460,12.0,8.0,2360618.11,5944503.65,8301.0,17.4057955,78.4006536,-6.043137507893525,-6.746,-0.009
2022,7,SHAPOORNAGAR,12,189,189,13.0,8.0,988075.68,2617415.2,8036.0,17.51707481088814,78.44358687789398,-6.350885176856137,-10.305,-2.767
2022,7,SHIVAM,5,115,115,10.0,6.0,1401154.45,3500255.5,8943.0,17.3367947,78.6028951,-9.552658212982246,-46.221,1.0
2022,7,SOMAJIGUDA,6,1152,1152,3.0,1.0,5073737.86,9342032.5,6079.0,17.4255053,78.4585197,-6.267983222411594,-34.86,-1.588
2022,7,SRINIVAS NAGAR,7,161,161,4.0,3.0,515324.0,1254543.4,4794.0,17.4402595,78.4451055,-14.461797131758766,-44.338,1.0
2022,7,SUCHITRA,12,251,251,24.0,16.0,1976566.06,5789944.4,8809.0,17.5024582,78.4839794,-16.764837433599137,-24.574,36.118
2022,7,SULEMAN NAGAR,16,37,37,6.0,2.0,264915.5,1715221.15,7510.0,17.3486936,78.4231173,-28.590051792067662,-58.82,-3.436
2022,7,SULTAN BAZAR,4,136,136,4.0,2.0,2760060.75,3723297.25,5784.0,17.3870437,78.4869648,-3.423985738728608,-11.371,1.0
2022,7,SURARAM,12,32,32,32.0,31.0,1282307.73,19621821.9,10464.0,17.5360946,78.4186386,-5.1367885188728355,-18.138,-0.624
2022,7,TAPPA CHABUTRA,3,4,4,3.0,3.0,219436.49,1069471.05,5084.0,17.37851781010729,78.44605498735723,-5.100407564636875,-8.085,-1.774
2022,7,TARNAKA,7,584,584,4.0,2.0,12079173.34,13795450.37,5468.0,17.4285479,78.5379433,-2.2643061664055764,-6.6,31.337
2022,7,THATTIKHANA,6,833,833,9.0,4.0,8483905.55,12263999.45,10994.0,17.368368049566055,78.60318365434247,-19.009141170949153,-29.461,1.0
2022,7,THOOMKUNTA,25,1,1,48.0,42.0,473730.29,1083702.8,3448.0,17.5602279357445,78.55835134770649,-3.931106679410948,-6.3,-0.659
2022,7,TOLI CHOWK,3,161,161,8.0,4.0,802527.31,2608089.45,5031.0,17.399517081462932,78.41474423791212,-6.043137507893525,-6.746,-0.009
2022,7,TURKAYAMJAL,22,1,1,93.0,76.0,1607758.55,3102939.4,12103.0,17.2691643,78.5771279,-7.168004578346216,-10.471,-3.471
2022,7,UPPAL,14,225,225,36.0,31.0,963674.37,3819116.79,14482.0,17.4025091,78.5612562,-6.855199090082735,-16.385,1.0
2022,7,USHODAYA,12,40,40,5.0,3.0,308158.0,1979704.1,9647.0,17.384909,78.4388101,-5.100407564636875,-8.085,-1.774
2022,7,VAISHALINAGAR,10,56,56,15.0,12.0,1539277.99,5056041.15,10092.0,17.338969152148117,78.54402440653747,-13.665723696483987,-15.8,-7.95
2022,7,VAJPAYEE NAGAR,13,37,37,14.0,12.0,435238.03,2773214.6,8791.0,17.493544000750763,78.45891297321583,-16.764837433599137,-24.574,36.118
2022,7,VANASTHALIPURAM,34,75,75,7.0,6.0,3076074.99,3853917.6,7088.0,17.3303179,78.568278,-8.534793235350607,-12.209,-3.889
2022,7,VENGALRAONAGAR,6,453,453,5.0,4.0,2353150.26,5457937.25,8350.0,17.442176085833477,78.43833257797534,-14.461797131758766,-44.338,1.0
2022,7,VENKATAPURAM,13,83,83,14.0,11.0,709977.16,2303158.8,6809.0,17.496189,78.5043108,-8.97585561892137,-40.761,-6.248
2022,7,VIGYANPURI,5,45,45,3.0,3.0,5285352.56,6427537.35,4014.0,17.403003650874158,78.51134135120137,-2.1866529029494384,-4.994,1.0
2022,7,VIJAYNAGAR COLONY,3,373,373,1.0,1.0,1192586.26,3379791.2,6193.0,17.3442548,78.5412895,-13.665723696483987,-15.8,-7.95
2022,7,VINAY NAGAR,2,17,17,,,482033.25,2177851.5,5542.0,17.3515414,78.5111106,-9.772093976293876,-15.772,8.35
2022,7,VIVEKANANDA NAGAR,9,147,147,3.0,0.0,1439169.91,5732828.15,7151.0,17.3627254,78.5293456,-36.09192193271679,-58.971,1.0
2022,7,YAKATPURA,2,10,10,1.0,0.0,486411.03,1910463.1,7057.0,17.359093387793546,78.4853163967196,-9.772093976293876,-15.772,8.35
2022,7,YAPRAL,13,38,38,52.0,26.0,527170.38,2309173.25,6271.0,17.5030543,78.5407976,-6.247539089917872,-12.503,-0.354
2022,7,YELLAMMABANDA,9,279,279,30.0,25.0,331714.08,2575532.6,9576.0,17.5102678,78.4070824,-46.34703747538678,-48.923,38.884
2022,7,YELLAREDDYGUDA,6,462,462,11.0,5.0,3552762.6,5876216.0,8745.0,17.4333135,78.4415476,-14.461797131758766,-44.338,1.0
2022,7,ZIAGUDA,4,2,2,5.0,4.0,201862.9,1167552.5,5933.0,17.3658951,78.4503072,-6.23629193008042,-14.06,-2.04
2022,8,ADARSHNAGAR,12,13,13,1.0,1.0,11338424.35,12562551.12,5883.0,17.404546984247553,78.47358389715174,-4.225103036755199,-6.03,25.278
2022,8,ADIKMET,5,113,112,5.0,2.0,1202979.39,2971633.3,2931.0,17.4095495,78.5130943,-6.672931671786576,-12.052,1.0
2022,8,AHMED NAGAR,3,127,127,,,26347.0,385798.7,2906.0,17.404066,78.4442286,-1.2240510318391513,-3.314,1.0
2022,8,ALIABAD,33,7,7,7.0,5.0,170807.0,1633188.75,6411.0,17.34563,78.4726799,-4.981351632256168,-19.652,1.0
2022,8,ALKAPURI,10,179,179,16.0,10.0,1967796.46,7032824.8,8320.0,17.3662342,78.5549781,-15.115934266731193,-24.0,38.681
2022,8,ALLABANDA,4,4,4,2.0,2.0,173458.1,1414690.7,7805.0,17.3803134,78.4577022,-5.100407564636875,-8.085,-1.774
2022,8,ALWAL,13,37,37,28.0,7.0,35185495.98,37406626.35,8822.0,17.5022292,78.5088584,-4.221987933535047,-6.62,-1.252
2022,8,AMEENPUR,24,2,2,278.0,272.0,11364732.96,11502343.8,6832.0,17.5236905,78.3317297,-1.7808493513536299,-2.91,-0.787
2022,8,ASIF NAGAR,3,13,13,10.0,7.0,493794.29,1693887.25,5405.0,17.3857483,78.4505083,-5.100407564636875,-8.085,-1.774
2022,8,ASMANGARH,2,106,106,4.0,1.0,1013960.27,3481314.75,5575.0,17.36850992532914,78.51429549554615,-9.772093976293876,-15.772,8.35
2022,8,ATTAPUR,16,55,55,27.0,25.0,1133922.82,2430350.4,8743.0,17.3672244,78.4307278,-7.357040143594367,-8.99,1.0
2022,8,AUTONAGAR,34,67,67,95.0,77.0,2519629.74,5584533.95,10141.0,17.3356141,78.5792031,-18.449006726509495,-54.592,-0.173
2022,8,AZAMABAD,5,432,432,8.0,3.0,1471809.21,6594960.25,11028.0,17.4040194,78.5043767,-2.1866529029494384,-4.994,1.0
2022,8,AZAMPURA,2,5,5,3.0,2.0,464605.97,1794779.0,4920.0,17.3761935,78.490874,-3.423985738728608,-11.371,1.0
2022,8,B.N.REDDY NAGAR,34,24,24,42.0,29.0,997892.88,2574662.45,7039.0,17.321914,78.5597937,-8.534793235350607,-12.209,-3.889
2022,8,BACHUPALLY,23,8,8,33.0,18.0,8476857.32,9951786.1,3796.0,17.536648,78.3644736,-77.33563988117173,-83.42,20.074
2022,8,BADANGPET,20,9,9,149.0,134.0,4464620.19,6757656.65,20319.0,17.3383467,78.5222127,-13.665723696483987,-15.8,-7.95
2022,8,BAGH LINGAMPALLY,5,211,211,3.0,2.0,629267.6,3028229.7,6107.0,17.3974359,78.4979706,-2.1866529029494384,-4.994,1.0
2022,8,BAHADURPURA,1,9,9,8.0,5.0,5361095.79,6603704.28,5922.0,17.3570672,78.4545419,-4.981351632256168,-19.652,1.0
2022,8,BALAJINAGAR,9,756,756,9.0,6.0,3297651.55,4026348.45,7806.0,17.5149256,78.560679,-7.086502418049685,-10.359,1.0
2022,8,BALANAGAR,9,13,13,17.0,9.0,2037845.56,3259339.05,10809.0,17.4768224,78.4219645,-40.21863524752012,-59.528,-11.334
2022,8,BALAPUR,33,5,5,19.0,15.0,583078.1,2898942.45,5772.0,17.307521,78.5053298,-12.123256123445776,-15.781,1.0
2022,8,BANDLAGUDA,33,9,9,46.0,41.0,302191.33,1449373.15,7516.0,17.3714879,78.5727265,-19.009141170949153,-29.461,1.0
2022,8,BANJARA HILLS,6,1804,1804,19.0,6.0,16346931.03,18292722.05,10851.0,17.4177464,78.4399014,-6.267983222411594,-34.86,-1.588
2022,8,BARKATPURA,5,142,142,7.0,5.0,2070845.19,4801179.3,6439.0,17.3926121,78.4969683,-2.1866529029494384,-4.994,1.0
2022,8,BEERAMGUDA,24,2,2,189.0,176.0,2157974.92,4169854.15,9459.0,17.5091218,78.3004614,-10.108599999483703,-48.466,12.475
2022,8,BHAGATSINGH NAGAR,12,4,4,4.0,1.0,498329.26,2254821.91,5309.0,17.49324711103568,78.38735077021973,-21.42419514433048,-104.503,-11.263
2022,8,BHAGYANAGAR,9,400,400,11.0,7.0,7011092.91,9500973.55,6136.0,17.4076662,78.4957155,-2.1866529029494384,-4.994,1.0
2022,8,BHARATHNAGAR,9,263,263,6.0,5.0,645418.28,1203046.5,6549.0,17.3478913,78.55648,-11.76366817945535,-19.847,-2.831
2022,8,BODUPPAL,19,185,185,185.0,149.0,2842910.72,6493480.7,24375.0,17.3988408,78.5366218,-17.80370829758031,-23.95,-4.554
2022,8,BOIGUDA,7,46,46,7.0,3.0,409497.3,1483928.15,5641.0,17.4286363,78.4969962,-6.740992341257842,-8.752,-0.051
2022,8,BORABANDA,6,100,100,3.0,2.0,233476.35,1372845.35,7113.0,17.4590687,78.4078664,-5.390432301805981,-9.201,-1.035
2022,8,BOUDHANAGAR,7,53,53,5.0,3.0,314792.37,1447323.95,6418.0,17.4160319,78.517419,-6.672931671786576,-12.052,1.0
2022,8,BUDVEL,16,57,57,14.0,11.0,3410185.11,4681828.63,7311.0,17.33298,78.406191,-8.60961196694741,-20.379,1.0
2022,8,CHANCHALGUDA,2,14,14,2.0,1.0,978112.94,2349644.35,5459.0,17.3673732,78.4965799,-9.772093976293876,-15.772,8.35
2022,8,CHANDA NAGAR,15,215,215,12.0,11.0,1878386.39,4121038.7,8790.0,17.4534764,78.3943669,-5.798614192233966,-10.565,-3.21
2022,8,CHANUDLAL BHARADARI,1,7,7,4.0,0.0,710155.67,3022019.15,8558.0,17.35207924290198,78.45954822278678,-4.981351632256168,-19.652,1.0
2022,8,CHANUKYAPURI,13,98,98,20.0,9.0,1284471.84,4009163.16,11820.0,17.35903320948377,78.5617337593459,-11.76366817945535,-19.847,-2.831
2022,8,CHERLAPALLY,14,13,13,64.0,49.0,529875.99,7435314.55,8202.0,17.4687455,78.6024858,-3.9776102214750892,-28.936,-0.751
2022,8,CHINTAL,12,21,21,22.0,15.0,8767395.59,12502265.65,9602.0,17.5021756,78.440609,-6.350885176856137,-10.305,-2.767
2022,8,CHINTAL BASTHI,3,129,129,5.0,2.0,792253.95,4984545.6,5178.0,17.4073576,78.4567152,-1.2240510318391513,-3.314,1.0
2022,8,DARUL SHIFA,1,5,5,4.0,1.0,717235.98,2321687.4,6264.0,17.366904,78.481078,-3.423985738728608,-11.371,1.0
2022,8,DEEPTHISRI NAGAR,15,220,220,25.0,22.0,4714055.35,10525952.0,4998.0,17.50066559761306,78.33937200961574,-1.7808493513536299,-2.91,-0.787
2022,8,DEFENCE COLONY,13,115,115,6.0,4.0,650097.18,3880370.1,11573.0,17.3176682,78.6117136,-9.552658212982246,-46.221,1.0
2022,8,DHAMMAIGUDA,19,2,2,56.0,35.0,274259.51,746230.6,10517.0,17.4989069255254,78.59838586027956,-19.770034480776104,-59.541,14.483
2022,8,DHOOD BOWLI,1,5,5,5.0,5.0,961878.14,2291551.0,6088.0,17.358865699843125,78.46540079693314,-4.981351632256168,-19.652,1.0
2022,8,DILSHUKNAGAR,10,112,112,5.0,3.0,1821588.36,3550953.2,6069.0,17.3710329,78.5254623,-36.09192193271679,-58.971,1.0
2022,8,DOMALGUDA,5,33,33,2.0,1.0,1134792.22,4484080.25,5458.0,17.4078455,78.4850003,-4.225103036755199,-6.03,25.278
2022,8,ERRAGADDA,6,77,77,4.0,4.0,1186565.95,6209634.5,6676.0,17.4487999,78.4356074,-4.2143448867979,-7.86,1.0
2022,8,FATHENAGAR,6,242,242,5.0,2.0,4704993.65,9128123.3,7680.0,17.4598339,78.4525504,-4.2143448867979,-7.86,1.0
2022,8,FATHER BALAIAHNAGAR,13,369,369,19.0,17.0,858569.22,3032012.05,5926.0,17.50818327428803,78.4937064516262,-16.764837433599137,-24.574,36.118
2022,8,FILM NAGAR,6,241,241,10.0,9.0,7823037.78,10173011.3,7940.0,17.4140574,78.4105031,-6.043137507893525,-6.746,-0.009
2022,8,GACHIBOWLI,15,584,584,32.0,22.0,40572607.56,49479955.54,6498.0,17.4436222,78.3519638,-7.851808252285321,-13.636,1.0
2022,8,GAJULARAMARAM,12,236,236,82.0,70.0,1812235.49,7414138.0,7949.0,17.5271759,78.4200077,-5.1367885188728355,-18.138,-0.624
2022,8,GANDHINAGAR,5,332,332,2.0,0.0,1272625.74,3612880.05,5999.0,17.4077928,78.4925707,-4.225103036755199,-6.03,25.278
2022,8,GANDIMAISAMMA,23,1,1,84.0,68.0,281756.7,840901.45,3936.0,17.576965,78.421959,-12.080203428747952,-41.208,-9.662
2022,8,GAYATRI NAGAR,9,211,211,32.0,23.0,735963.31,1512995.8,6816.0,17.4566764,78.4035867,-5.798614192233966,-10.565,-3.21
2022,8,GODE-KI-KABAR,4,24,24,3.0,2.0,490400.71,2366536.7,7862.0,17.376976148401162,78.46196399554636,-5.100407564636875,-8.085,-1.774
2022,8,GOLCONDA,3,2,2,2.0,1.0,13572512.63,10171827.74,5885.0,17.3873294,78.4057336,-6.272660829945958,-16.898,-0.04
2022,8,GOWLIGUDA,4,32,32,,,1368883.37,6146675.7,4791.0,17.377643,78.4787716,-3.423985738728608,-11.371,1.0
2022,8,GOWTHAM NAGAR,13,92,92,7.0,2.0,1105737.59,3414001.5,8014.0,17.4539263,78.527344,-4.236881728429952,-6.098,1.0
2022,8,GUNFOUNDRY,4,222,222,1.0,0.0,2471988.64,6006588.7,3780.0,17.3936441,78.4756654,-3.3423306430785304,-5.452,1.0
2022,8,HAFEEZPET,15,1610,1610,23.0,17.0,7169098.43,13925824.65,6578.0,17.4834409,78.3611316,-17.663445787684253,-26.918,1.0
2022,8,HAKEEMPET,3,24,24,12.0,8.0,499572.21,1557289.95,4478.0,17.4056403,78.4178824,-6.043137507893525,-6.746,-0.009
2022,8,HASMATHPET,9,227,227,18.0,8.0,1657283.64,3293928.0,10051.0,17.4758254,78.4847371,-1.3120815705640303,-1.67,1.0
2022,8,HASSAN NAGAR,1,2,2,4.0,0.0,78917.21,915521.23,4465.0,17.336155,78.44363,-28.06282154849126,-35.473,1.0
2022,8,HOUSING BOARD,14,32,32,18.0,16.0,274449.72,1187582.3,9338.0,17.4922068,78.3973638,-21.42419514433048,-104.503,-11.263
2022,8,HUBSIGUDA,14,213,213,18.0,12.0,7252601.35,7806980.1,6965.0,17.412012724821263,78.54561665602095,-7.538105379814497,-8.769,-2.539
2022,8,HYDERGUDA,16,179,179,23.0,21.0,1586756.08,3875120.85,6414.0,17.4012791,78.4804894,-4.225103036755199,-6.03,25.278
2022,8,JAGATHGIRIGUTTA,12,55,55,10.0,10.0,417516.92,2571614.25,11396.0,17.4993176,78.4226016,-5.1367885188728355,-18.138,-0.624
2022,8,JALPALLY,20,1,1,400.0,326.0,421807.75,1171169.65,13942.0,17.3061541,78.4738589,-7.546780559786242,-12.3,-1.008
2022,8,JEEDIMETLA,12,51,51,27.0,22.0,5998226.27,8559134.42,8413.0,17.519687,78.4468876,-6.350885176856137,-10.305,-2.767
2022,8,JILLELAGUDA,20,15,15,12.0,9.0,1093911.88,1359813.6,4930.0,17.3376801,78.5322366,-13.665723696483987,-15.8,-7.95
2022,8,JUBILEE HILLS,6,1017,1017,19.0,2.0,6648487.38,8602979.9,6632.0,17.4308362,78.4102882,-6.043137507893525,-6.746,-0.009
2022,8,KAKATIYA NAGAR,3,91,91,1.0,1.0,403136.15,2444334.65,3997.0,17.4785837,78.5406026,-12.484480768704271,-19.217,1.0
2022,8,KAMALANAGAR,34,43,43,28.0,26.0,1193929.73,5093258.15,7910.0,17.4728043,78.566675,-9.045252142363507,-29.864,-0.004
2022,8,KARWAN,3,22,22,8.0,6.0,335015.77,2170062.35,6685.0,17.376013,78.4331894,-7.357040143594367,-8.99,1.0
2022,8,KISHAN BAGH,1,1,1,4.0,2.0,507325.07,1398016.85,5053.0,17.3575261,78.44485,-4.981351632256168,-19.652,1.0
2022,8,KISMATHPUR,18,236,236,68.0,56.0,2275666.96,5802029.45,13684.0,17.3343045,78.3936455,-14.163095030058026,-19.578,-7.69
2022,8,KONDAPUR,15,2401,2401,46.0,28.0,6284419.65,18561866.55,7906.0,17.4587912,78.3730556,-9.15338763082218,-13.794,-3.253
2022,8,KOTHAPETA,10,86,86,7.0,5.0,860610.04,3558990.6,7233.0,17.367222832295177,78.545668383567,-15.115934266731193,-24.0,38.681
2022,8,KPHB,9,933,933,26.0,22.0,9378444.03,12335946.85,9511.0,17.4939602,78.4008412,-46.34703747538678,-48.923,38.884
2022,8,KUKATPALLY,9,139,139,20.0,8.0,2305880.38,3870540.75,6772.0,17.4930841,78.4054408,-46.34703747538678,-48.923,38.884
2022,8,L.B.NAGAR,34,45,45,9.0,7.0,1380872.22,10711146.25,6199.0,17.349846,78.5479412,-36.09192193271679,-58.971,1.0
2022,8,LALAPET,7,25,25,5.0,3.0,3606824.5,5690534.7,6284.0,17.4388301,78.54187,-2.2643061664055764,-6.6,31.337
2022,8,LANGER HOUSE,3,6,6,20.0,17.0,571146.75,3238639.1,7644.0,17.37331,78.41387,-6.272660829945958,-16.898,-0.04
2022,8,LINGOJIGUDA,10,58,58,8.0,5.0,1901726.82,9470523.55,7815.0,17.3478809,78.5364577,-36.09192193271679,-58.971,1.0
2022,8,MACHABOLLARAM,13,26,26,20.0,15.0,352534.36,2360775.1,6267.0,17.513866,78.5137342,-4.221987933535047,-6.62,-1.252
2022,8,MADANNAPET,2,4,4,2.0,1.0,510834.14,2100011.7,5891.0,17.3585578,78.4971064,-9.772093976293876,-15.772,8.35
2022,8,MADHAPUR,15,3336,3336,87.0,43.0,60361824.85,72215149.71,12962.0,17.4408924,78.3916304,-5.798614192233966,-10.565,-3.21
2022,8,MAILERDEV PALLY,16,8,8,24.0,15.0,600287.46,1549122.1,7055.0,17.31916516561942,78.44588448683878,-7.546780559786242,-12.3,-1.008
2022,8,MALAKPET,2,43,43,3.0,1.0,1220725.36,3099749.05,5147.0,17.3736706,78.4996484,-9.772093976293876,-15.772,8.35
2022,8,MANIKONDA,18,555,555,97.0,71.0,7684472.02,8867006.0,8514.0,17.3999951,78.3861689,-8.64049553514247,-16.362,1.0
2022,8,MANSOORABAD,34,57,57,12.0,4.0,1203756.35,5581046.95,5773.0,17.3541765,78.5652906,-11.76366817945535,-19.847,-2.831
2022,8,MARREDPALLY,7,169,169,9.0,2.0,496085.07,2223002.8,9196.0,17.4507936,78.5048972,-12.47414140833292,-21.362,12.404
2022,8,MARUTHINAGAR,10,240,240,4.0,3.0,1945482.39,4841522.65,7237.0,17.373499742570825,78.54268265383173,-15.115934266731193,-24.0,38.681
2022,8,MEERPET,20,34,34,22.0,21.0,1682055.8,2764531.15,9864.0,17.4546432,78.5715499,-6.441468392795172,-59.023,1.0
2022,8,MEHIDIPATNAM,3,119,119,6.0,5.0,823740.13,3813084.5,6575.0,17.399943921854806,78.43451065196552,-1.2240510318391513,-3.314,1.0
2022,8,METTUGUDA,7,29,29,1.0,1.0,349856.26,1303962.4,4460.0,17.4355036,78.5195573,-12.47414140833292,-21.362,12.404
2022,8,MISRIGUNJ,1,7,7,3.0,2.0,544303.11,1382496.8,4347.0,17.350101211439146,78.45939390321827,-4.981351632256168,-19.652,1.0
2022,8,MIYAPUR,15,387,387,29.0,17.0,2915045.7,7664134.2,7369.0,17.4981608,78.3567628,-7.088238213409196,-15.663,-1.104
2022,8,MOGHULPURA,1,15,15,7.0,2.0,387737.7,2587815.9,6259.0,17.3595023,78.4767749,-4.981351632256168,-19.652,1.0
2022,8,MOOSAPET,9,349,349,16.0,11.0,2669796.2,7929846.3,5669.0,17.4685307,78.4206695,-5.390432301805981,-9.201,-1.035
2022,8,MOOSARAMBAGH,2,255,255,7.0,6.0,1820647.31,9444473.6,7827.0,17.3743532,78.5160835,-9.772093976293876,-15.772,8.35
2022,8,MOTI NAGAR,9,160,160,8.0,6.0,583829.26,1407366.9,5785.0,17.4508069,78.422242,-4.2143448867979,-7.86,1.0
2022,8,MUSHEERABAD,5,135,135,3.0,3.0,1289943.35,10157042.85,5315.0,17.4191423,78.4985732,-6.740992341257842,-8.752,-0.051
2022,8,NACHARAM,14,119,119,35.0,23.0,11245943.66,17072803.49,10927.0,17.4284936,78.5528098,-2.2643061664055764,-6.6,31.337
2022,8,NAGARAM,19,3,3,81.0,61.0,1239360.59,2021634.2,10243.0,17.4910113,78.613677,-3.9776102214750892,-28.936,-0.751
2022,8,NAGOLE,34,14,14,24.0,14.0,1053503.46,3274652.95,7692.0,17.3775306,78.5601231,-8.68556577870009,-15.552,1.0
2022,8,NALLAGANDLA,15,5,5,31.0,27.0,3121405.34,6289074.8,8557.0,17.4774828,78.3060359,-29.150105105964958,-58.481,-4.338
2022,8,NALLAGUTTA,7,13,13,1.0,1.0,1497360.49,2959604.25,4753.0,17.4384334,78.4825328,-1.9424732071532318,-2.693,-0.068
2022,8,NARAYANGUDA,5,227,227,2.0,1.0,3694926.32,7636259.5,7167.0,17.3981159,78.4885006,-2.1866529029494384,-4.994,1.0
2022,8,NGO COLONY,34,38,38,4.0,4.0,831063.08,2394956.55,5599.0,17.327964,78.5657291,-8.534793235350607,-12.209,-3.889
2022,8,NIZAMPET,23,958,958,29.0,24.0,4171176.38,8947004.2,4371.0,17.4945061,78.4000017,-46.34703747538678,-48.923,38.884
2022,8,OLD MALLEPALLY,3,40,40,7.0,4.0,161612.42,1335989.9,3831.0,17.386722270354426,78.45715718205514,-5.100407564636875,-8.085,-1.774
2022,8,PATANCHERU,15,1,1,27.0,22.0,0.0,264793.45,7009.0,17.5286092,78.2674254,-15.572393745172485,-19.944,-9.782
2022,8,PATHERGATTI,1,1,1,3.0,3.0,2425345.15,4156241.6,4778.0,17.3659836,78.4754866,-3.423985738728608,-11.371,1.0
2022,8,PEDDA AMBERPET,22,2,2,73.0,59.0,963663.55,3003137.65,9408.0,17.3172848,78.6384505,-13.164451668738684,-102.918,-4.079
2022,8,PEERJADIGUDA,19,151,151,53.0,41.0,2080174.12,8281739.15,15920.0,17.4078747,78.6022666,-11.641342145249197,-19.598,24.579
2022,8,POCHARAM,19,1,1,36.0,31.0,336714.5,1015170.5,8427.0,17.1766905,78.6024034,-7.168004578346216,-10.471,-3.471
2022,8,PRAGATHINAGAR,23,826,826,15.0,14.0,787935.72,871652.25,6047.0,17.3985199,78.5411934,-17.80370829758031,-23.95,-4.554
2022,8,PRAKASHNAGAR,7,58,58,13.0,9.0,5382502.9,8355783.4,9511.0,17.4426888,78.4705479,-1.9424732071532318,-2.693,-0.068
2022,8,RADHIKA,14,108,108,18.0,10.0,943433.84,5086476.85,9816.0,17.4771342,78.563299,-11.611257318416774,-13.556,-0.07
2022,8,RAMACHANDRAPURAM,15,9,9,9.0,3.0,584339.51,3004944.65,7815.0,17.5086345,78.3018685,-10.108599999483703,-48.466,12.475
2022,8,RAMANTHAPUR,5,134,134,42.0,39.0,2508399.24,9255533.6,20206.0,17.3885044,78.5371677,-17.80370829758031,-23.95,-4.554
2022,8,REGIMENTAL BAZAR,7,139,139,1.0,1.0,1494207.25,2494917.37,4295.0,17.4348324,78.5012557,-6.740992341257842,-8.752,-0.051
2022,8,RIYASATH NAGAR,33,1,1,3.0,3.0,236796.2,1005773.85,4937.0,17.3890675,78.4053603,-6.272660829945958,-16.898,-0.04
2022,8,S.P.R HILLS,6,149,149,8.0,4.0,201930.5,1266885.4,10599.0,17.446776445765586,78.41047091648177,-4.2143448867979,-7.86,1.0
2022,8,S.R.NAGAR,6,457,457,7.0,5.0,5558663.69,7493504.7,7044.0,17.4417071,78.4416081,-14.461797131758766,-44.338,1.0
2022,8,SAHEBNAGAR,10,87,87,46.0,27.0,1864958.77,5168939.65,12201.0,17.3206264,78.5769132,-4.1107347863508155,-15.067,1.203
2022,8,SAIBABA NAGAR,14,54,54,40.0,32.0,335686.55,1885616.5,7095.0,17.4507229,78.4100017,-5.390432301805981,-9.201,-1.035
2022,8,SAIDABAD,2,93,93,3.0,3.0,786074.87,3576371.45,5891.0,17.359533,78.5147979,-9.772093976293876,-15.772,8.35
2022,8,SAINATHPURAM,13,159,159,15.0,6.0,445162.47,4093113.3,11098.0,17.475693,78.5515621,-2.63240210193732,-54.763,1.0
2022,8,SAROORNAGAR,10,239,239,4.0,2.0,1848758.37,4483662.7,6770.0,17.3611655,78.5387443,-36.09192193271679,-58.971,1.0
2022,8,SEETHAPALMANDI,7,96,96,2.0,1.0,474926.03,2123142.05,6169.0,17.425757541676237,78.51990378820871,-6.672931671786576,-12.052,1.0
2022,8,SHAIKPET,3,165,165,22.0,10.0,2638942.17,7786554.05,8301.0,17.4057955,78.4006536,-6.043137507893525,-6.746,-0.009
2022,8,SHAPOORNAGAR,12,180,180,8.0,5.0,1469488.71,2983789.15,8036.0,17.51707481088814,78.44358687789398,-6.350885176856137,-10.305,-2.767
2022,8,SHIVAM,5,157,156,7.0,4.0,1525822.83,3702273.8,8943.0,17.3367947,78.6028951,-9.552658212982246,-46.221,1.0
2022,8,SOMAJIGUDA,6,866,866,2.0,1.0,8070311.81,8708751.75,6079.0,17.4255053,78.4585197,-6.267983222411594,-34.86,-1.588
2022,8,SRINIVAS NAGAR,7,133,133,,,500309.51,1888931.65,4794.0,17.4402595,78.4451055,-14.461797131758766,-44.338,1.0
2022,8,SUCHITRA,12,294,294,14.0,9.0,2072485.49,6059578.56,8809.0,17.5024582,78.4839794,-16.764837433599137,-24.574,36.118
2022,8,SULEMAN NAGAR,16,25,25,26.0,25.0,220001.56,1378986.2,7510.0,17.3486936,78.4231173,-28.590051792067662,-58.82,-3.436
2022,8,SULTAN BAZAR,4,146,146,5.0,3.0,2294009.86,4592622.7,5784.0,17.3870437,78.4869648,-3.423985738728608,-11.371,1.0
2022,8,SURARAM,12,36,36,28.0,27.0,1200112.0,3816607.9,10464.0,17.5360946,78.4186386,-5.1367885188728355,-18.138,-0.624
2022,8,TAPPA CHABUTRA,3,4,4,5.0,5.0,112897.75,1066242.0,5084.0,17.37851781010729,78.44605498735723,-5.100407564636875,-8.085,-1.774
2022,8,TARNAKA,7,392,392,2.0,1.0,13214828.01,16886728.26,5468.0,17.4285479,78.5379433,-2.2643061664055764,-6.6,31.337
2022,8,THATTIKHANA,6,642,642,12.0,7.0,8875086.51,13305741.95,10994.0,17.368368049566055,78.60318365434247,-19.009141170949153,-29.461,1.0
2022,8,TOLI CHOWK,3,82,82,15.0,11.0,926970.47,3038476.25,5031.0,17.399517081462932,78.41474423791212,-6.043137507893525,-6.746,-0.009
2022,8,TURKAYAMJAL,22,1,1,120.0,91.0,1674940.09,3356103.9,12103.0,17.2691643,78.5771279,-7.168004578346216,-10.471,-3.471
2022,8,UPPAL,14,127,127,31.0,23.0,1056078.32,2499235.42,14482.0,17.4025091,78.5612562,-6.855199090082735,-16.385,1.0
2022,8,USHODAYA,12,45,44,18.0,8.0,338197.73,2003486.4,9647.0,17.384909,78.4388101,-5.100407564636875,-8.085,-1.774
2022,8,VAISHALINAGAR,10,54,54,28.0,20.0,2153960.06,6764788.05,10092.0,17.338969152148117,78.54402440653747,-13.665723696483987,-15.8,-7.95
2022,8,VAJPAYEE NAGAR,13,30,30,6.0,6.0,485149.78,2341030.65,8791.0,17.493544000750763,78.45891297321583,-16.764837433599137,-24.574,36.118
2022,8,VANASTHALIPURAM,34,63,63,11.0,7.0,2262429.55,4405526.65,7088.0,17.3303179,78.568278,-8.534793235350607,-12.209,-3.889
2022,8,VENGALRAONAGAR,6,344,344,6.0,5.0,2746812.75,5927696.35,8350.0,17.442176085833477,78.43833257797534,-14.461797131758766,-44.338,1.0
2022,8,VENKATAPURAM,13,102,102,10.0,5.0,599772.61,2236552.35,6809.0,17.496189,78.5043108,-8.97585561892137,-40.761,-6.248
2022,8,VIGYANPURI,5,39,39,8.0,4.0,5425634.3,6865233.35,4014.0,17.403003650874158,78.51134135120137,-2.1866529029494384,-4.994,1.0
2022,8,VIJAYNAGAR COLONY,3,377,377,5.0,4.0,1373115.54,4328059.8,6193.0,17.3442548,78.5412895,-13.665723696483987,-15.8,-7.95
2022,8,VINAY NAGAR,2,11,11,3.0,2.0,481280.43,2344908.85,5542.0,17.3515414,78.5111106,-9.772093976293876,-15.772,8.35
2022,8,VIVEKANANDA NAGAR,9,136,136,2.0,1.0,2121910.19,4323784.5,7151.0,17.3627254,78.5293456,-36.09192193271679,-58.971,1.0
2022,8,YAKATPURA,2,7,7,4.0,4.0,452518.75,2175697.75,7057.0,17.359093387793546,78.4853163967196,-9.772093976293876,-15.772,8.35
2022,8,YAPRAL,13,57,57,51.0,37.0,666048.39,2419894.05,6271.0,17.5030543,78.5407976,-6.247539089917872,-12.503,-0.354
2022,8,YELLAMMABANDA,9,154,154,48.0,39.0,398212.5,4138903.0,9576.0,17.5102678,78.4070824,-46.34703747538678,-48.923,38.884
2022,8,YELLAREDDYGUDA,6,330,330,6.0,2.0,3349377.33,7509608.3,8745.0,17.4333135,78.4415476,-14.461797131758766,-44.338,1.0
2022,8,ZIAGUDA,4,2,2,10.0,6.0,155746.58,1228640.1,5933.0,17.3658951,78.4503072,-6.23629193008042,-14.06,-2.04
2022,9,ADARSHNAGAR,12,13,13,5.0,2.0,11379801.84,12833398.41,5883.0,17.404546984247553,78.47358389715174,-4.225103036755199,-6.03,25.278
2022,9,ADIKMET,5,91,90,5.0,3.0,1539284.19,2156171.75,2931.0,17.4095495,78.5130943,-6.672931671786576,-12.052,1.0
2022,9,AHMED NAGAR,3,122,122,4.0,3.0,569579.0,686464.3,2906.0,17.404066,78.4442286,-1.2240510318391513,-3.314,1.0
2022,9,ALIABAD,33,1,1,1.0,1.0,635302.56,1404345.6,6411.0,17.34563,78.4726799,-4.981351632256168,-19.652,1.0
2022,9,ALKAPURI,10,100,100,8.0,3.0,3822211.5,6009987.4,8320.0,17.3662342,78.5549781,-15.115934266731193,-24.0,38.681
2022,9,ALLABANDA,4,1,1,3.0,3.0,597705.48,1537276.75,7805.0,17.3803134,78.4577022,-5.100407564636875,-8.085,-1.774
2022,9,ALWAL,13,23,23,22.0,6.0,35211419.59,36446128.9,8822.0,17.5022292,78.5088584,-4.221987933535047,-6.62,-1.252
2022,9,AMEENPUR,24,4,4,197.0,185.0,11088580.6,11280461.2,6832.0,17.5236905,78.3317297,-1.7808493513536299,-2.91,-0.787
2022,9,ASIF NAGAR,3,6,6,4.0,4.0,1102188.01,1726761.0,5405.0,17.3857483,78.4505083,-5.100407564636875,-8.085,-1.774
2022,9,ASMANGARH,2,42,42,1.0,1.0,1897525.16,2293010.6,5575.0,17.36850992532914,78.51429549554615,-9.772093976293876,-15.772,8.35
2022,9,ATTAPUR,16,70,70,22.0,18.0,2514857.03,2565223.7,8743.0,17.3672244,78.4307278,-7.357040143594367,-8.99,1.0
2022,9,AUTONAGAR,34,52,52,62.0,52.0,5672113.56,7663022.5,10141.0,17.3356141,78.5792031,-18.449006726509495,-54.592,-0.173
2022,9,AZAMABAD,5,171,171,7.0,2.0,2608472.95,4732969.4,11028.0,17.4040194,78.5043767,-2.1866529029494384,-4.994,1.0
2022,9,B.N.REDDY NAGAR,34,7,7,49.0,16.0,1203015.17,2482926.55,7039.0,17.321914,78.5597937,-8.534793235350607,-12.209,-3.889
2022,9,BACHUPALLY,23,19,19,35.0,22.0,9580678.65,10930208.9,3796.0,17.536648,78.3644736,-77.33563988117173,-83.42,20.074
2022,9,BADANGPET,20,9,9,163.0,144.0,5029447.69,8854916.05,20319.0,17.3383467,78.5222127,-13.665723696483987,-15.8,-7.95
2022,9,BAGH LINGAMPALLY,5,168,168,4.0,0.0,3041970.93,4152290.6,6107.0,17.3974359,78.4979706,-2.1866529029494384,-4.994,1.0
2022,9,BAHADURPURA,1,4,4,11.0,6.0,4799012.37,5374362.31,5922.0,17.3570672,78.4545419,-4.981351632256168,-19.652,1.0
2022,9,BALAJINAGAR,9,935,935,6.0,3.0,5023209.05,4848477.3,7806.0,17.5149256,78.560679,-7.086502418049685,-10.359,1.0
2022,9,BALANAGAR,9,16,16,8.0,1.0,4895380.76,8287992.72,10809.0,17.4768224,78.4219645,-40.21863524752012,-59.528,-11.334
2022,9,BANDLAGUDA,33,4,4,60.0,56.0,849556.1,1518024.15,7516.0,17.3714879,78.5727265,-19.009141170949153,-29.461,1.0
2022,9,BANJARA HILLS,6,1835,1835,12.0,6.0,21006399.17,23771669.65,10851.0,17.4177464,78.4399014,-6.267983222411594,-34.86,-1.588
2022,9,BARKATPURA,5,94,94,6.0,1.0,4477771.59,3768454.25,6439.0,17.3926121,78.4969683,-2.1866529029494384,-4.994,1.0
2022,9,BEERAMGUDA,24,5,5,162.0,153.0,2324509.73,3042015.1,9459.0,17.5091218,78.3004614,-10.108599999483703,-48.466,12.475
2022,9,BHAGATSINGH NAGAR,12,17,17,2.0,2.0,1380879.96,1952505.36,5309.0,17.49324711103568,78.38735077021973,-21.42419514433048,-104.503,-11.263
2022,9,BHAGYANAGAR,9,932,932,11.0,3.0,9715581.24,9075267.55,6136.0,17.4076662,78.4957155,-2.1866529029494384,-4.994,1.0
2022,9,BHARATHNAGAR,9,221,221,10.0,2.0,1506882.97,3891486.8,6549.0,17.3478913,78.55648,-11.76366817945535,-19.847,-2.831
2022,9,BODUPPAL,19,113,113,168.0,130.0,3710165.19,7315328.3,24375.0,17.3988408,78.5366218,-17.80370829758031,-23.95,-4.554
2022,9,BOIGUDA,7,32,32,5.0,4.0,885833.57,2179612.35,5641.0,17.4286363,78.4969962,-6.740992341257842,-8.752,-0.051
2022,9,BORABANDA,6,119,119,14.0,14.0,463090.7,1304264.4,7113.0,17.4590687,78.4078664,-5.390432301805981,-9.201,-1.035
2022,9,BOUDHANAGAR,7,25,25,,,1059640.31,1910728.2,6418.0,17.4160319,78.517419,-6.672931671786576,-12.052,1.0
2022,9,BUDVEL,16,42,42,33.0,28.0,4460529.39,4610786.48,7311.0,17.33298,78.406191,-8.60961196694741,-20.379,1.0
2022,9,CHANCHALGUDA,2,2,2,,,756861.69,2333523.0,5459.0,17.3673732,78.4965799,-9.772093976293876,-15.772,8.35
2022,9,CHANDA NAGAR,15,227,227,18.0,9.0,3135325.12,4039967.1,8790.0,17.4534764,78.3943669,-5.798614192233966,-10.565,-3.21
2022,9,CHANUDLAL BHARADARI,1,1,1,1.0,0.0,1626423.53,3011127.6,8558.0,17.35207924290198,78.45954822278678,-4.981351632256168,-19.652,1.0
2022,9,CHANUKYAPURI,13,108,108,16.0,15.0,3251530.82,4174794.56,11820.0,17.35903320948377,78.5617337593459,-11.76366817945535,-19.847,-2.831
2022,9,CHERLAPALLY,14,15,15,46.0,26.0,1291632.24,12547470.4,8202.0,17.4687455,78.6024858,-3.9776102214750892,-28.936,-0.751
2022,9,CHINTAL,12,42,42,13.0,9.0,13754485.42,11833753.0,9602.0,17.5021756,78.440609,-6.350885176856137,-10.305,-2.767
2022,9,CHINTAL BASTHI,3,138,138,2.0,1.0,3069935.82,3437527.85,5178.0,17.4073576,78.4567152,-1.2240510318391513,-3.314,1.0
2022,9,DEEPTHISRI NAGAR,15,304,304,9.0,8.0,6832625.42,7194478.95,4998.0,17.50066559761306,78.33937200961574,-1.7808493513536299,-2.91,-0.787
2022,9,DEFENCE COLONY,13,122,122,13.0,7.0,1719528.85,3960301.75,11573.0,17.3176682,78.6117136,-9.552658212982246,-46.221,1.0
2022,9,DHAMMAIGUDA,19,2,2,86.0,55.0,303764.78,3855249.3,10517.0,17.4989069255254,78.59838586027956,-19.770034480776104,-59.541,14.483
2022,9,DILSHUKNAGAR,10,44,43,3.0,3.0,4513687.21,3476199.65,6069.0,17.3710329,78.5254623,-36.09192193271679,-58.971,1.0
2022,9,DOMALGUDA,5,63,63,1.0,1.0,2449487.85,3485408.2,5458.0,17.4078455,78.4850003,-4.225103036755199,-6.03,25.278
2022,9,ERRAGADDA,6,83,83,10.0,10.0,2649755.32,10247935.95,6676.0,17.4487999,78.4356074,-4.2143448867979,-7.86,1.0
2022,9,FATHENAGAR,6,231,231,6.0,3.0,6893183.73,7874930.8,7680.0,17.4598339,78.4525504,-4.2143448867979,-7.86,1.0
2022,9,FATHER BALAIAHNAGAR,13,354,354,18.0,10.0,2090529.56,2222014.6,5926.0,17.50818327428803,78.4937064516262,-16.764837433599137,-24.574,36.118
2022,9,FILM NAGAR,6,329,329,14.0,7.0,10116484.65,10641758.55,7940.0,17.4140574,78.4105031,-6.043137507893525,-6.746,-0.009
2022,9,GACHIBOWLI,15,618,618,34.0,22.0,45738938.36,48018667.19,6498.0,17.4436222,78.3519638,-7.851808252285321,-13.636,1.0
2022,9,GAJULARAMARAM,12,199,199,74.0,55.0,4383693.99,3620884.45,7949.0,17.5271759,78.4200077,-5.1367885188728355,-18.138,-0.624
2022,9,GANDHINAGAR,5,176,176,1.0,1.0,3523202.07,3459614.2,5999.0,17.4077928,78.4925707,-4.225103036755199,-6.03,25.278
2022,9,GAYATRI NAGAR,9,229,229,30.0,15.0,2393882.35,5967615.15,6816.0,17.4566764,78.4035867,-5.798614192233966,-10.565,-3.21
2022,9,GODE-KI-KABAR,4,21,21,4.0,2.0,1892950.67,2469420.55,7862.0,17.376976148401162,78.46196399554636,-5.100407564636875,-8.085,-1.774
2022,9,GOLCONDA,3,6,6,6.0,3.0,5790987.28,10779075.64,5885.0,17.3873294,78.4057336,-6.272660829945958,-16.898,-0.04
2022,9,GOWLIGUDA,4,40,40,1.0,0.0,2303448.6,5891655.65,4791.0,17.377643,78.4787716,-3.423985738728608,-11.371,1.0
2022,9,GOWTHAM NAGAR,13,90,90,6.0,4.0,3106413.66,3467559.55,8014.0,17.4539263,78.527344,-4.236881728429952,-6.098,1.0
2022,9,GUNFOUNDRY,4,208,208,1.0,1.0,4965152.82,6841757.2,3780.0,17.3936441,78.4756654,-3.3423306430785304,-5.452,1.0
2022,9,HAFEEZPET,15,2003,2003,14.0,9.0,10880717.19,39659810.5,6578.0,17.4834409,78.3611316,-17.663445787684253,-26.918,1.0
2022,9,HAKEEMPET,3,19,19,2.0,0.0,1166630.85,1317158.7,4478.0,17.4056403,78.4178824,-6.043137507893525,-6.746,-0.009
2022,9,HASMATHPET,9,175,175,18.0,4.0,2693608.76,6517147.65,10051.0,17.4758254,78.4847371,-1.3120815705640303,-1.67,1.0
2022,9,HOUSING BOARD,14,27,27,19.0,16.0,1451705.7,8202767.8,9338.0,17.4922068,78.3973638,-21.42419514433048,-104.503,-11.263
2022,9,HUBSIGUDA,14,186,186,10.0,7.0,9974481.52,18066887.7,6965.0,17.412012724821263,78.54561665602095,-7.538105379814497,-8.769,-2.539
2022,9,HYDERGUDA,16,109,109,20.0,16.0,4274689.92,5178594.0,6414.0,17.4012791,78.4804894,-4.225103036755199,-6.03,25.278
2022,9,JAGATHGIRIGUTTA,12,39,39,16.0,12.0,1108866.76,2540803.35,11396.0,17.4993176,78.4226016,-5.1367885188728355,-18.138,-0.624
2022,9,JAHANUMA,33,1,1,7.0,2.0,668585.19,1569494.65,6142.0,17.3433524,78.4614644,-4.981351632256168,-19.652,1.0
2022,9,JALPALLY,20,2,2,264.0,222.0,1288137.35,9634210.1,13942.0,17.3061541,78.4738589,-7.546780559786242,-12.3,-1.008
2022,9,JAWAHARNAGAR,25,2,2,546.0,410.0,3354324.9,4881153.55,15303.0,17.437754,78.4845463,-1.9424732071532318,-2.693,-0.068
2022,9,JEEDIMETLA,12,57,57,31.0,22.0,8675086.97,9156806.35,8413.0,17.519687,78.4468876,-6.350885176856137,-10.305,-2.767
2022,9,JILLELAGUDA,20,15,15,10.0,8.0,1084794.77,1501216.3,4930.0,17.3376801,78.5322366,-13.665723696483987,-15.8,-7.95
2022,9,JUBILEE HILLS,6,1027,1027,14.0,3.0,8386742.42,8365082.3,6632.0,17.4308362,78.4102882,-6.043137507893525,-6.746,-0.009
2022,9,KAKATIYA NAGAR,3,74,74,6.0,3.0,1629183.53,2980492.55,3997.0,17.4785837,78.5406026,-12.484480768704271,-19.217,1.0
2022,9,KAMALANAGAR,34,29,29,14.0,11.0,2128944.98,4753326.8,7910.0,17.4728043,78.566675,-9.045252142363507,-29.864,-0.004
2022,9,KARWAN,3,17,17,4.0,3.0,1102305.61,2028079.0,6685.0,17.376013,78.4331894,-7.357040143594367,-8.99,1.0
2022,9,KATEDAN,16,2,2,17.0,13.0,2105970.95,2149873.9,7015.0,17.3026835,78.4398207,-1.2653078280464742,-3.218,-0.732
2022,9,KISHAN BAGH,1,1,1,8.0,6.0,879563.74,1358375.5,5053.0,17.3575261,78.44485,-4.981351632256168,-19.652,1.0
2022,9,KISMATHPUR,18,172,172,77.0,59.0,3057804.81,4935554.9,13684.0,17.3343045,78.3936455,-14.163095030058026,-19.578,-7.69
2022,9,KOMPALLY,25,2,2,17.0,4.0,2732635.68,4244696.9,4183.0,17.5354868,78.5096979,-4.171070941747054,-7.296,1.0
2022,9,KONDAPUR,15,2408,2408,44.0,24.0,18528986.0,29429053.25,7906.0,17.4587912,78.3730556,-9.15338763082218,-13.794,-3.253
2022,9,KOTHAPETA,10,64,64,10.0,4.0,1674702.87,3520077.7,7233.0,17.367222832295177,78.545668383567,-15.115934266731193,-24.0,38.681
2022,9,KPHB,9,1190,1190,12.0,6.0,12013689.04,14300785.85,9511.0,17.4939602,78.4008412,-46.34703747538678,-48.923,38.884
2022,9,KUKATPALLY,9,161,161,19.0,7.0,4609927.45,5670444.8,6772.0,17.4930841,78.4054408,-46.34703747538678,-48.923,38.884
2022,9,L.B.NAGAR,34,20,20,18.0,13.0,2867127.71,4661320.2,6199.0,17.349846,78.5479412,-36.09192193271679,-58.971,1.0
2022,9,LALAPET,7,26,26,4.0,4.0,4800249.95,7051451.15,6284.0,17.4388301,78.54187,-2.2643061664055764,-6.6,31.337
2022,9,LANGER HOUSE,3,6,5,16.0,13.0,1782160.75,2759391.3,7644.0,17.37331,78.41387,-6.272660829945958,-16.898,-0.04
2022,9,LINGOJIGUDA,10,41,41,6.0,4.0,3983062.72,4793893.55,7815.0,17.3478809,78.5364577,-36.09192193271679,-58.971,1.0
2022,9,MACHABOLLARAM,13,21,21,54.0,44.0,1824762.58,-380118.8,6267.0,17.513866,78.5137342,-4.221987933535047,-6.62,-1.252
2022,9,MADANNAPET,2,2,2,3.0,2.0,683843.2,1700173.3,5891.0,17.3585578,78.4971064,-9.772093976293876,-15.772,8.35
2022,9,MADHAPUR,15,3654,3654,64.0,23.0,74552660.4,72536846.85,12962.0,17.4408924,78.3916304,-5.798614192233966,-10.565,-3.21
2022,9,MAILERDEV PALLY,16,8,8,30.0,23.0,1863919.4,3208259.7,7055.0,17.31916516561942,78.44588448683878,-7.546780559786242,-12.3,-1.008
2022,9,MALAKPET,2,25,25,2.0,0.0,1955537.48,2480692.1,5147.0,17.3736706,78.4996484,-9.772093976293876,-15.772,8.35
2022,9,MANIKONDA,18,558,557,61.0,45.0,8746250.42,10432766.25,8514.0,17.3999951,78.3861689,-8.64049553514247,-16.362,1.0
2022,9,MANSOORABAD,34,57,57,12.0,2.0,2195027.25,4253615.2,5773.0,17.3541765,78.5652906,-11.76366817945535,-19.847,-2.831
2022,9,MARREDPALLY,7,166,166,1.0,1.0,1788693.36,7800953.55,9196.0,17.4507936,78.5048972,-12.47414140833292,-21.362,12.404
2022,9,MARUTHINAGAR,10,137,137,5.0,5.0,3383133.37,3604261.35,7237.0,17.373499742570825,78.54268265383173,-15.115934266731193,-24.0,38.681
2022,9,MEERPET,20,49,49,28.0,27.0,1849997.3,3001612.45,9864.0,17.4546432,78.5715499,-6.441468392795172,-59.023,1.0
2022,9,MEHIDIPATNAM,3,117,117,5.0,3.0,2866968.32,3680138.5,6575.0,17.399943921854806,78.43451065196552,-1.2240510318391513,-3.314,1.0
2022,9,METTUGUDA,7,32,32,4.0,0.0,804268.96,1291936.85,4460.0,17.4355036,78.5195573,-12.47414140833292,-21.362,12.404
2022,9,MIYAPUR,15,482,482,16.0,12.0,4974061.26,8586616.55,7369.0,17.4981608,78.3567628,-7.088238213409196,-15.663,-1.104
2022,9,MOGHULPURA,1,1,1,,,872722.52,2085259.3,6259.0,17.3595023,78.4767749,-4.981351632256168,-19.652,1.0
2022,9,MOOSAPET,9,351,351,4.0,1.0,7449052.14,5793987.0,5669.0,17.4685307,78.4206695,-5.390432301805981,-9.201,-1.035
2022,9,MOOSARAMBAGH,2,147,147,8.0,6.0,2882368.02,6897924.3,7827.0,17.3743532,78.5160835,-9.772093976293876,-15.772,8.35
2022,9,MOTI NAGAR,9,155,155,10.0,9.0,1380713.83,3424283.25,5785.0,17.4508069,78.422242,-4.2143448867979,-7.86,1.0
2022,9,MUSHEERABAD,5,61,61,6.0,3.0,1213285.34,10140463.45,5315.0,17.4191423,78.4985732,-6.740992341257842,-8.752,-0.051
2022,9,NACHARAM,14,106,106,24.0,14.0,11348410.21,20074841.41,10927.0,17.4284936,78.5528098,-2.2643061664055764,-6.6,31.337
2022,9,NAGARAM,19,4,4,63.0,46.0,1102062.48,2194122.9,10243.0,17.4910113,78.613677,-3.9776102214750892,-28.936,-0.751
2022,9,NAGOLE,34,11,11,20.0,10.0,1820158.26,3200889.1,7692.0,17.3775306,78.5601231,-8.68556577870009,-15.552,1.0
2022,9,NALLAGANDLA,15,7,7,34.0,25.0,9117916.1,10776279.2,8557.0,17.4774828,78.3060359,-29.150105105964958,-58.481,-4.338
2022,9,NALLAGUTTA,7,14,14,2.0,2.0,3664653.28,3386414.25,4753.0,17.4384334,78.4825328,-1.9424732071532318,-2.693,-0.068
2022,9,NARAYANGUDA,5,164,164,1.0,1.0,8598034.39,6853681.75,7167.0,17.3981159,78.4885006,-2.1866529029494384,-4.994,1.0
2022,9,NGO COLONY,34,23,23,2.0,1.0,1589975.85,2070992.45,5599.0,17.327964,78.5657291,-8.534793235350607,-12.209,-3.889
2022,9,NIZAMPET,23,1667,1667,11.0,5.0,6619155.72,8007031.1,4371.0,17.4945061,78.4000017,-46.34703747538678,-48.923,38.884
2022,9,OLD MALLEPALLY,3,47,47,6.0,4.0,433196.55,1139599.55,3831.0,17.386722270354426,78.45715718205514,-5.100407564636875,-8.085,-1.774
2022,9,PATHERGATTI,1,2,2,5.0,2.0,3164367.68,4226570.65,4778.0,17.3659836,78.4754866,-3.423985738728608,-11.371,1.0
2022,9,PEDDA AMBERPET,22,2,2,97.0,79.0,1120159.79,2997266.9,9408.0,17.3172848,78.6384505,-13.164451668738684,-102.918,-4.079
2022,9,PEERJADIGUDA,19,118,118,34.0,22.0,3234436.72,6933636.4,15920.0,17.4078747,78.6022666,-11.641342145249197,-19.598,24.579
2022,9,POCHARAM,19,1,1,36.0,30.0,1019625.6,1336983.0,8427.0,17.1766905,78.6024034,-7.168004578346216,-10.471,-3.471
2022,9,PRAGATHINAGAR,23,968,968,8.0,5.0,2058027.83,6066103.4,6047.0,17.3985199,78.5411934,-17.80370829758031,-23.95,-4.554
2022,9,PRAKASHNAGAR,7,56,56,9.0,6.0,7701080.96,7696937.35,9511.0,17.4426888,78.4705479,-1.9424732071532318,-2.693,-0.068
2022,9,RADHIKA,14,120,118,15.0,5.0,2618021.32,6827557.6,9816.0,17.4771342,78.563299,-11.611257318416774,-13.556,-0.07
2022,9,RAMACHANDRAPURAM,15,10,10,2.0,2.0,1683335.71,2587260.9,7815.0,17.5086345,78.3018685,-10.108599999483703,-48.466,12.475
2022,9,RAMANTHAPUR,5,89,88,15.0,15.0,6410564.18,8670938.65,20206.0,17.3885044,78.5371677,-17.80370829758031,-23.95,-4.554
2022,9,REGIMENTAL BAZAR,7,103,103,2.0,0.0,3636178.16,5143892.77,4295.0,17.4348324,78.5012557,-6.740992341257842,-8.752,-0.051
2022,9,S.P.R HILLS,6,132,132,5.0,4.0,563697.42,1863210.9,10599.0,17.446776445765586,78.41047091648177,-4.2143448867979,-7.86,1.0
2022,9,S.R.NAGAR,6,447,447,10.0,4.0,6971974.81,8268863.2,7044.0,17.4417071,78.4416081,-14.461797131758766,-44.338,1.0
2022,9,SAHEBNAGAR,10,90,90,42.0,32.0,3005733.46,4910602.85,12201.0,17.3206264,78.5769132,-4.1107347863508155,-15.067,1.203
2022,9,SAIBABA NAGAR,14,82,82,31.0,25.0,1437450.67,9479625.75,7095.0,17.4507229,78.4100017,-5.390432301805981,-9.201,-1.035
2022,9,SAIDABAD,2,25,25,5.0,1.0,1561165.01,2521516.85,5891.0,17.359533,78.5147979,-9.772093976293876,-15.772,8.35
2022,9,SAINATHPURAM,13,145,145,15.0,4.0,1986035.61,4820561.6,11098.0,17.475693,78.5515621,-2.63240210193732,-54.763,1.0
2022,9,SANTOSHNAGAR,2,3,3,3.0,1.0,1337710.4,2167216.5,6090.0,17.3467185,78.5081947,-9.772093976293876,-15.772,8.35
2022,9,SAROORNAGAR,10,240,240,11.0,1.0,5108848.86,4971117.7,6770.0,17.3611655,78.5387443,-36.09192193271679,-58.971,1.0
2022,9,SEETHAPALMANDI,7,66,66,1.0,1.0,1569281.19,2320949.65,6169.0,17.425757541676237,78.51990378820871,-6.672931671786576,-12.052,1.0
2022,9,SHAIKPET,3,102,102,20.0,15.0,5802880.31,6262487.64,8301.0,17.4057955,78.4006536,-6.043137507893525,-6.746,-0.009
2022,9,SHAPOORNAGAR,12,160,160,15.0,11.0,2591375.31,2420393.15,8036.0,17.51707481088814,78.44358687789398,-6.350885176856137,-10.305,-2.767
2022,9,SHIVAM,5,86,86,3.0,2.0,2577363.46,3728852.65,8943.0,17.3367947,78.6028951,-9.552658212982246,-46.221,1.0
2022,9,SOMAJIGUDA,6,802,802,3.0,0.0,8584662.58,7921238.35,6079.0,17.4255053,78.4585197,-6.267983222411594,-34.86,-1.588
2022,9,SRINIVAS NAGAR,7,92,92,3.0,2.0,1451844.44,5138838.6,4794.0,17.4402595,78.4451055,-14.461797131758766,-44.338,1.0
2022,9,SUCHITRA,12,179,179,14.0,12.0,4820597.95,5954980.76,8809.0,17.5024582,78.4839794,-16.764837433599137,-24.574,36.118
2022,9,SULEMAN NAGAR,16,22,22,14.0,11.0,832920.5,1540967.0,7510.0,17.3486936,78.4231173,-28.590051792067662,-58.82,-3.436
2022,9,SULTAN BAZAR,4,146,146,2.0,2.0,4678543.33,4377465.8,5784.0,17.3870437,78.4869648,-3.423985738728608,-11.371,1.0
2022,9,SURARAM,12,44,44,18.0,17.0,2465375.32,3621870.95,10464.0,17.5360946,78.4186386,-5.1367885188728355,-18.138,-0.624
2022,9,TAPPA CHABUTRA,3,1,1,3.0,3.0,605051.93,1057981.5,5084.0,17.37851781010729,78.44605498735723,-5.100407564636875,-8.085,-1.774
2022,9,TARNAKA,7,328,328,1.0,1.0,13524940.42,14849573.56,5468.0,17.4285479,78.5379433,-2.2643061664055764,-6.6,31.337
2022,9,THATTIKHANA,6,520,520,14.0,9.0,12891751.7,14709396.35,10994.0,17.368368049566055,78.60318365434247,-19.009141170949153,-29.461,1.0
2022,9,TOLI CHOWK,3,81,81,10.0,3.0,2440036.15,3018484.61,5031.0,17.399517081462932,78.41474423791212,-6.043137507893525,-6.746,-0.009
2022,9,UPPAL,14,104,104,35.0,27.0,2549404.91,7656446.57,14482.0,17.4025091,78.5612562,-6.855199090082735,-16.385,1.0
2022,9,USHODAYA,12,38,38,22.0,20.0,1026623.51,2207128.6,9647.0,17.384909,78.4388101,-5.100407564636875,-8.085,-1.774
2022,9,VAISHALINAGAR,10,56,56,21.0,15.0,3695098.78,4661589.6,10092.0,17.338969152148117,78.54402440653747,-13.665723696483987,-15.8,-7.95
2022,9,VAJPAYEE NAGAR,13,27,27,4.0,1.0,1436240.55,3242450.55,8791.0,17.493544000750763,78.45891297321583,-16.764837433599137,-24.574,36.118
2022,9,VANASTHALIPURAM,34,35,35,2.0,1.0,3817212.87,5163483.75,7088.0,17.3303179,78.568278,-8.534793235350607,-12.209,-3.889
2022,9,VENGALRAONAGAR,6,334,334,5.0,4.0,3974719.07,5619609.56,8350.0,17.442176085833477,78.43833257797534,-14.461797131758766,-44.338,1.0
2022,9,VENKATAPURAM,13,46,46,31.0,27.0,1570137.38,1832253.0,6809.0,17.496189,78.5043108,-8.97585561892137,-40.761,-6.248
2022,9,VIGYANPURI,5,23,23,8.0,1.0,6094179.0,6474997.0,4014.0,17.403003650874158,78.51134135120137,-2.1866529029494384,-4.994,1.0
2022,9,VIJAYNAGAR COLONY,3,356,356,1.0,0.0,3215578.82,3599200.3,6193.0,17.3442548,78.5412895,-13.665723696483987,-15.8,-7.95
2022,9,VINAY NAGAR,2,11,11,4.0,2.0,1581398.67,2241483.65,5542.0,17.3515414,78.5111106,-9.772093976293876,-15.772,8.35
2022,9,VIVEKANANDA NAGAR,9,155,155,10.0,5.0,2871211.14,5496502.85,7151.0,17.3627254,78.5293456,-36.09192193271679,-58.971,1.0
2022,9,YAPRAL,13,50,50,98.0,84.0,1784889.28,1856100.95,6271.0,17.5030543,78.5407976,-6.247539089917872,-12.503,-0.354
2022,9,YELLAMMABANDA,9,214,214,16.0,13.0,1986665.97,3298414.6,9576.0,17.5102678,78.4070824,-46.34703747538678,-48.923,38.884
2022,9,YELLAREDDYGUDA,6,385,385,3.0,1.0,4723142.29,8781756.75,8745.0,17.4333135,78.4415476,-14.461797131758766,-44.338,1.0
2022,9,ZIAGUDA,4,1,1,5.0,5.0,869252.28,1525078.7,5933.0,17.3658951,78.4503072,-6.23629193008042,-14.06,-2.04
2022,10,ADARSHNAGAR,12,20,20,4.0,1.0,11160721.16,11717379.15,5883.0,17.404546984247553,78.47358389715174,-4.225103036755199,-6.03,25.278
2022,10,ADIKMET,5,67,67,1.0,1.0,1446099.74,1621611.45,2931.0,17.4095495,78.5130943,-6.672931671786576,-12.052,1.0
2022,10,AHMED NAGAR,3,122,122,3.0,2.0,531017.0,526017.8,2906.0,17.404066,78.4442286,-1.2240510318391513,-3.314,1.0
2022,10,ALKAPURI,10,113,113,14.0,3.0,3192911.55,5918514.6,8320.0,17.3662342,78.5549781,-15.115934266731193,-24.0,38.681
2022,10,ALLABANDA,4,3,3,4.0,3.0,493222.16,2128578.55,7805.0,17.3803134,78.4577022,-5.100407564636875,-8.085,-1.774
2022,10,ALWAL,13,50,50,7.0,3.0,35596139.1,36744788.8,8822.0,17.5022292,78.5088584,-4.221987933535047,-6.62,-1.252
2022,10,AMEENPUR,24,2,2,74.0,68.0,10188093.02,10147910.5,6832.0,17.5236905,78.3317297,-1.7808493513536299,-2.91,-0.787
2022,10,ASIF NAGAR,3,6,6,12.0,8.0,1463992.47,2995622.35,5405.0,17.3857483,78.4505083,-5.100407564636875,-8.085,-1.774
2022,10,ASMANGARH,2,34,34,1.0,0.0,1874046.44,2388932.2,5575.0,17.36850992532914,78.51429549554615,-9.772093976293876,-15.772,8.35
2022,10,ATTAPUR,16,54,54,28.0,20.0,1949995.5,2696512.45,8743.0,17.3672244,78.4307278,-7.357040143594367,-8.99,1.0
2022,10,AUTONAGAR,34,58,58,59.0,45.0,6974395.46,9703444.35,10141.0,17.3356141,78.5792031,-18.449006726509495,-54.592,-0.173
2022,10,AZAMABAD,5,158,158,6.0,1.0,3180949.87,4089801.3,11028.0,17.4040194,78.5043767,-2.1866529029494384,-4.994,1.0
2022,10,AZAMPURA,2,1,1,4.0,0.0,1057961.95,2281125.05,4920.0,17.3761935,78.490874,-3.423985738728608,-11.371,1.0
2022,10,B.N.REDDY NAGAR,34,13,13,90.0,77.0,1046553.46,1797740.3,7039.0,17.321914,78.5597937,-8.534793235350607,-12.209,-3.889
2022,10,BACHUPALLY,23,25,25,22.0,10.0,8561233.45,8459085.6,3796.0,17.536648,78.3644736,-77.33563988117173,-83.42,20.074
2022,10,BADANGPET,20,6,6,142.0,127.0,4663733.91,6319108.75,20319.0,17.3383467,78.5222127,-13.665723696483987,-15.8,-7.95
2022,10,BAGH LINGAMPALLY,5,202,202,1.0,0.0,2779826.97,2567604.4,6107.0,17.3974359,78.4979706,-2.1866529029494384,-4.994,1.0
2022,10,BAHADURPURA,1,1,1,6.0,1.0,5547700.84,5624620.08,5922.0,17.3570672,78.4545419,-4.981351632256168,-19.652,1.0
2022,10,BALAJINAGAR,9,670,670,11.0,2.0,6766121.6,8424762.05,7806.0,17.5149256,78.560679,-7.086502418049685,-10.359,1.0
2022,10,BALANAGAR,9,19,19,4.0,2.0,5416775.61,8037222.81,10809.0,17.4768224,78.4219645,-40.21863524752012,-59.528,-11.334
2022,10,BALAPUR,33,3,3,6.0,0.0,786790.99,1807741.1,5772.0,17.307521,78.5053298,-12.123256123445776,-15.781,1.0
2022,10,BANDLAGUDA,33,2,2,25.0,14.0,657073.59,1453071.9,7516.0,17.3714879,78.5727265,-19.009141170949153,-29.461,1.0
2022,10,BANJARA HILLS,6,1765,1765,8.0,2.0,20194766.79,18228850.15,10851.0,17.4177464,78.4399014,-6.267983222411594,-34.86,-1.588
2022,10,BARKATPURA,5,85,85,7.0,1.0,3051896.58,2944909.05,6439.0,17.3926121,78.4969683,-2.1866529029494384,-4.994,1.0
2022,10,BEERAMGUDA,24,2,2,60.0,54.0,2872808.7,4001817.65,9459.0,17.5091218,78.3004614,-10.108599999483703,-48.466,12.475
2022,10,BHAGATSINGH NAGAR,12,11,11,4.0,3.0,1324350.28,2069920.78,5309.0,17.49324711103568,78.38735077021973,-21.42419514433048,-104.503,-11.263
2022,10,BHAGYANAGAR,9,386,386,8.0,4.0,8013108.26,11213763.55,6136.0,17.4076662,78.4957155,-2.1866529029494384,-4.994,1.0
2022,10,BHARATHNAGAR,9,215,215,20.0,12.0,1824443.62,4103079.3,6549.0,17.3478913,78.55648,-11.76366817945535,-19.847,-2.831
2022,10,BODUPPAL,19,50,50,146.0,76.0,3719688.62,7156878.5,24375.0,17.3988408,78.5366218,-17.80370829758031,-23.95,-4.554
2022,10,BOIGUDA,7,25,25,3.0,2.0,1276208.42,8745030.7,5641.0,17.4286363,78.4969962,-6.740992341257842,-8.752,-0.051
2022,10,BOLLARAM,24,1,1,1.0,0.0,3139176.0,2468610.0,3959.0,17.5065065,78.3623994,-7.088238213409196,-15.663,-1.104
2022,10,BORABANDA,6,107,107,8.0,7.0,1027256.47,3207361.2,7113.0,17.4590687,78.4078664,-5.390432301805981,-9.201,-1.035
2022,10,BOUDHANAGAR,7,20,20,8.0,5.0,797461.86,2246688.8,6418.0,17.4160319,78.517419,-6.672931671786576,-12.052,1.0
2022,10,BUDVEL,16,44,44,30.0,18.0,4471193.44,6008091.85,7311.0,17.33298,78.406191,-8.60961196694741,-20.379,1.0
2022,10,CHANCHALGUDA,2,3,3,,,869040.09,1982546.9,5459.0,17.3673732,78.4965799,-9.772093976293876,-15.772,8.35
2022,10,CHANDA NAGAR,15,186,186,21.0,13.0,4524850.96,7268447.65,8790.0,17.4534764,78.3943669,-5.798614192233966,-10.565,-3.21
2022,10,CHANUDLAL BHARADARI,1,2,2,6.0,0.0,1373432.2,2936134.05,8558.0,17.35207924290198,78.45954822278678,-4.981351632256168,-19.652,1.0
2022,10,CHANUKYAPURI,13,103,102,10.0,6.0,1728260.44,2099283.72,11820.0,17.35903320948377,78.5617337593459,-11.76366817945535,-19.847,-2.831
2022,10,CHERLAPALLY,14,10,10,69.0,42.0,1368973.92,8248291.6,8202.0,17.4687455,78.6024858,-3.9776102214750892,-28.936,-0.751
2022,10,CHINTAL,12,23,23,12.0,7.0,11609421.25,11774401.45,9602.0,17.5021756,78.440609,-6.350885176856137,-10.305,-2.767
2022,10,CHINTAL BASTHI,3,159,159,2.0,0.0,3123235.91,2698439.0,5178.0,17.4073576,78.4567152,-1.2240510318391513,-3.314,1.0
2022,10,DARUL SHIFA,1,1,1,1.0,0.0,1780740.87,2077261.75,6264.0,17.366904,78.481078,-3.423985738728608,-11.371,1.0
2022,10,DEEPTHISRI NAGAR,15,223,223,12.0,7.0,4043773.58,4261852.35,4998.0,17.50066559761306,78.33937200961574,-1.7808493513536299,-2.91,-0.787
2022,10,DEFENCE COLONY,13,103,103,10.0,4.0,1664308.94,2084201.25,11573.0,17.3176682,78.6117136,-9.552658212982246,-46.221,1.0
2022,10,DHAMMAIGUDA,19,4,4,30.0,18.0,1938078.89,27245559.75,10517.0,17.4989069255254,78.59838586027956,-19.770034480776104,-59.541,14.483
2022,10,DHOOD BOWLI,1,1,1,1.0,1.0,1756664.31,2059246.9,6088.0,17.358865699843125,78.46540079693314,-4.981351632256168,-19.652,1.0
2022,10,DILSHUKNAGAR,10,50,50,5.0,1.0,3063250.72,2527269.7,6069.0,17.3710329,78.5254623,-36.09192193271679,-58.971,1.0
2022,10,DOMALGUDA,5,62,62,4.0,2.0,1966066.58,2649164.55,5458.0,17.4078455,78.4850003,-4.225103036755199,-6.03,25.278
2022,10,ERRAGADDA,6,98,98,6.0,6.0,2758823.72,11946354.5,6676.0,17.4487999,78.4356074,-4.2143448867979,-7.86,1.0
2022,10,FATHENAGAR,6,211,211,13.0,7.0,6157689.1,-328.1,7680.0,17.4598339,78.4525504,-4.2143448867979,-7.86,1.0
2022,10,FATHER BALAIAHNAGAR,13,390,390,22.0,11.0,1884787.21,2735064.65,5926.0,17.50818327428803,78.4937064516262,-16.764837433599137,-24.574,36.118
2022,10,FILM NAGAR,6,244,244,15.0,5.0,10677085.22,11478534.9,7940.0,17.4140574,78.4105031,-6.043137507893525,-6.746,-0.009
2022,10,GACHIBOWLI,15,549,549,52.0,38.0,48898094.8,47254457.0,6498.0,17.4436222,78.3519638,-7.851808252285321,-13.636,1.0
2022,10,GAJULARAMARAM,12,83,83,65.0,44.0,2585920.57,3012910.55,7949.0,17.5271759,78.4200077,-5.1367885188728355,-18.138,-0.624
2022,10,GANDHINAGAR,5,165,165,2.0,0.0,2771239.47,3156250.4,5999.0,17.4077928,78.4925707,-4.225103036755199,-6.03,25.278
2022,10,GANDIMAISAMMA,23,2,2,46.0,13.0,636979.82,1281069.75,3936.0,17.576965,78.421959,-12.080203428747952,-41.208,-9.662
2022,10,GAYATRI NAGAR,9,189,189,8.0,0.0,3162839.6,3193556.35,6816.0,17.4566764,78.4035867,-5.798614192233966,-10.565,-3.21
2022,10,GODE-KI-KABAR,4,39,39,5.0,2.0,740360.54,3076862.1,7862.0,17.376976148401162,78.46196399554636,-5.100407564636875,-8.085,-1.774
2022,10,GOLCONDA,3,3,3,3.0,0.0,9640192.48,11710565.1,5885.0,17.3873294,78.4057336,-6.272660829945958,-16.898,-0.04
2022,10,GOWLIGUDA,4,39,39,,,1950158.5,5931649.55,4791.0,17.377643,78.4787716,-3.423985738728608,-11.371,1.0
2022,10,GOWTHAM NAGAR,13,97,97,10.0,6.0,2405148.99,1602749.15,8014.0,17.4539263,78.527344,-4.236881728429952,-6.098,1.0
2022,10,GUNFOUNDRY,4,294,293,1.0,1.0,4491886.01,7078889.8,3780.0,17.3936441,78.4756654,-3.3423306430785304,-5.452,1.0
2022,10,HAFEEZPET,15,1388,1388,19.0,12.0,14172240.67,13451753.9,6578.0,17.4834409,78.3611316,-17.663445787684253,-26.918,1.0
2022,10,HAKEEMPET,3,26,26,,,1043693.7,1518060.3,4478.0,17.4056403,78.4178824,-6.043137507893525,-6.746,-0.009
2022,10,HASMATHPET,9,234,234,18.0,6.0,3148387.42,7813466.9,10051.0,17.4758254,78.4847371,-1.3120815705640303,-1.67,1.0
2022,10,HASSAN NAGAR,1,1,1,7.0,2.0,375093.0,1208098.44,4465.0,17.336155,78.44363,-28.06282154849126,-35.473,1.0
2022,10,HOUSING BOARD,14,15,15,16.0,8.0,2361767.9,4350495.05,9338.0,17.4922068,78.3973638,-21.42419514433048,-104.503,-11.263
2022,10,HUBSIGUDA,14,143,143,16.0,6.0,10891708.76,24775841.03,6965.0,17.412012724821263,78.54561665602095,-7.538105379814497,-8.769,-2.539
2022,10,HYDERGUDA,16,83,83,32.0,18.0,4001550.71,4787045.25,6414.0,17.4012791,78.4804894,-4.225103036755199,-6.03,25.278
2022,10,JAGATHGIRIGUTTA,12,22,22,19.0,18.0,951720.83,2399127.15,11396.0,17.4993176,78.4226016,-5.1367885188728355,-18.138,-0.624
2022,10,JAWAHARNAGAR,25,5,5,396.0,308.0,4658482.26,4550240.45,15303.0,17.437754,78.4845463,-1.9424732071532318,-2.693,-0.068
2022,10,JEEDIMETLA,12,34,34,20.0,10.0,8813112.06,8481789.35,8413.0,17.519687,78.4468876,-6.350885176856137,-10.305,-2.767
2022,10,JILLELAGUDA,20,8,8,4.0,3.0,1571618.84,1592883.05,4930.0,17.3376801,78.5322366,-13.665723696483987,-15.8,-7.95
2022,10,JUBILEE HILLS,6,1036,1036,14.0,2.0,8370270.99,7398836.4,6632.0,17.4308362,78.4102882,-6.043137507893525,-6.746,-0.009
2022,10,KAKATIYA NAGAR,3,75,75,10.0,7.0,2294367.22,1680582.55,3997.0,17.4785837,78.5406026,-12.484480768704271,-19.217,1.0
2022,10,KAMALANAGAR,34,42,42,53.0,45.0,1484785.31,6706855.9,7910.0,17.4728043,78.566675,-9.045252142363507,-29.864,-0.004
2022,10,KANCHANBAGH,33,3,3,1.0,0.0,542955.5,2161674.9,6281.0,17.3280563,78.5001695,-12.123256123445776,-15.781,1.0
2022,10,KARWAN,3,13,13,7.0,4.0,1239722.0,1716424.3,6685.0,17.376013,78.4331894,-7.357040143594367,-8.99,1.0
2022,10,KATEDAN,16,24,24,20.0,10.0,1697517.01,3232302.65,7015.0,17.3026835,78.4398207,-1.2653078280464742,-3.218,-0.732
2022,10,KISHAN BAGH,1,6,6,3.0,0.0,1136411.34,1339531.8,5053.0,17.3575261,78.44485,-4.981351632256168,-19.652,1.0
2022,10,KISMATHPUR,18,176,176,79.0,44.0,4184533.63,6895557.85,13684.0,17.3343045,78.3936455,-14.163095030058026,-19.578,-7.69
2022,10,KOMPALLY,25,3,3,12.0,5.0,2589100.5,1964303.05,4183.0,17.5354868,78.5096979,-4.171070941747054,-7.296,1.0
2022,10,KONDAPUR,15,1848,1848,56.0,33.0,17233889.26,35984329.65,7906.0,17.4587912,78.3730556,-9.15338763082218,-13.794,-3.253
2022,10,KOTHAPETA,10,53,53,7.0,2.0,1359047.0,4338019.45,7233.0,17.367222832295177,78.545668383567,-15.115934266731193,-24.0,38.681
2022,10,KPHB,9,911,911,22.0,16.0,13219860.03,26402459.75,9511.0,17.4939602,78.4008412,-46.34703747538678,-48.923,38.884
2022,10,KUKATPALLY,9,113,113,17.0,1.0,5631175.44,5538738.25,6772.0,17.4930841,78.4054408,-46.34703747538678,-48.923,38.884
2022,10,L.B.NAGAR,34,36,36,15.0,6.0,1876311.23,5690155.75,6199.0,17.349846,78.5479412,-36.09192193271679,-58.971,1.0
2022,10,LALAPET,7,23,23,1.0,0.0,4718018.02,10541330.4,6284.0,17.4388301,78.54187,-2.2643061664055764,-6.6,31.337
2022,10,LANGER HOUSE,3,12,12,13.0,7.0,2173840.1,3318863.55,7644.0,17.37331,78.41387,-6.272660829945958,-16.898,-0.04
2022,10,LINGOJIGUDA,10,42,42,5.0,1.0,3140399.42,5193137.6,7815.0,17.3478809,78.5364577,-36.09192193271679,-58.971,1.0
2022,10,MACHABOLLARAM,13,33,33,69.0,39.0,1217551.65,3074599.05,6267.0,17.513866,78.5137342,-4.221987933535047,-6.62,-1.252
2022,10,MADANNAPET,2,1,1,1.0,1.0,1192949.73,1789756.2,5891.0,17.3585578,78.4971064,-9.772093976293876,-15.772,8.35
2022,10,MADHAPUR,15,2723,2723,81.0,35.0,70562801.31,71268559.27,12962.0,17.4408924,78.3916304,-5.798614192233966,-10.565,-3.21
2022,10,MAILERDEV PALLY,16,4,4,20.0,15.0,1999691.41,3129417.95,7055.0,17.31916516561942,78.44588448683878,-7.546780559786242,-12.3,-1.008
2022,10,MALAKPET,2,19,19,4.0,1.0,1179955.33,1645154.1,5147.0,17.3736706,78.4996484,-9.772093976293876,-15.772,8.35
2022,10,MANIKONDA,18,502,502,60.0,31.0,10128672.68,12164701.65,8514.0,17.3999951,78.3861689,-8.64049553514247,-16.362,1.0
2022,10,MANSOORABAD,34,58,58,26.0,5.0,2043495.54,3078168.95,5773.0,17.3541765,78.5652906,-11.76366817945535,-19.847,-2.831
2022,10,MARREDPALLY,7,138,137,5.0,1.0,1706476.23,6020273.7,9196.0,17.4507936,78.5048972,-12.47414140833292,-21.362,12.404
2022,10,MARUTHINAGAR,10,159,159,4.0,3.0,2268039.07,2912102.05,7237.0,17.373499742570825,78.54268265383173,-15.115934266731193,-24.0,38.681
2022,10,MEERPET,20,56,56,16.0,15.0,1593414.63,3710418.4,9864.0,17.4546432,78.5715499,-6.441468392795172,-59.023,1.0
2022,10,MEHIDIPATNAM,3,106,106,7.0,4.0,3094455.85,2695491.9,6575.0,17.399943921854806,78.43451065196552,-1.2240510318391513,-3.314,1.0
2022,10,METTUGUDA,7,24,24,3.0,0.0,602086.91,1307616.1,4460.0,17.4355036,78.5195573,-12.47414140833292,-21.362,12.404
2022,10,MISRIGUNJ,1,3,3,,,1108434.13,1175507.0,4347.0,17.350101211439146,78.45939390321827,-4.981351632256168,-19.652,1.0
2022,10,MIYAPUR,15,293,293,23.0,16.0,4257818.49,8193626.4,7369.0,17.4981608,78.3567628,-7.088238213409196,-15.663,-1.104
2022,10,MOOSAPET,9,321,321,7.0,5.0,5063134.81,7507652.15,5669.0,17.4685307,78.4206695,-5.390432301805981,-9.201,-1.035
2022,10,MOOSARAMBAGH,2,143,143,9.0,4.0,4312361.72,5686081.7,7827.0,17.3743532,78.5160835,-9.772093976293876,-15.772,8.35
2022,10,MOTI NAGAR,9,125,125,7.0,4.0,1925747.39,4707620.75,5785.0,17.4508069,78.422242,-4.2143448867979,-7.86,1.0
2022,10,MUSHEERABAD,5,61,61,4.0,2.0,1376339.62,10634399.6,5315.0,17.4191423,78.4985732,-6.740992341257842,-8.752,-0.051
2022,10,MYSARAM,33,1,1,9.0,5.0,19482126.01,23802672.9,5969.0,17.318186408097194,78.48361779724075,-12.123256123445776,-15.781,1.0
2022,10,NACHARAM,14,102,102,24.0,13.0,10517890.1,23413608.04,10927.0,17.4284936,78.5528098,-2.2643061664055764,-6.6,31.337
2022,10,NAGARAM,19,4,4,86.0,70.0,1827307.24,9107661.3,10243.0,17.4910113,78.613677,-3.9776102214750892,-28.936,-0.751
2022,10,NAGOLE,34,5,5,26.0,17.0,1490118.77,3701181.1,7692.0,17.3775306,78.5601231,-8.68556577870009,-15.552,1.0
2022,10,NALLAGANDLA,15,6,6,27.0,14.0,6169101.9,9807483.4,8557.0,17.4774828,78.3060359,-29.150105105964958,-58.481,-4.338
2022,10,NALLAGUTTA,7,17,17,6.0,6.0,3665827.22,4236028.55,4753.0,17.4384334,78.4825328,-1.9424732071532318,-2.693,-0.068
2022,10,NARAYANGUDA,5,169,169,2.0,0.0,5320175.86,5651687.75,7167.0,17.3981159,78.4885006,-2.1866529029494384,-4.994,1.0
2022,10,NGO COLONY,34,20,20,8.0,6.0,1038032.95,1435137.25,5599.0,17.327964,78.5657291,-8.534793235350607,-12.209,-3.889
2022,10,NIZAMPET,23,841,840,22.0,15.0,7592613.46,5203419.25,4371.0,17.4945061,78.4000017,-46.34703747538678,-48.923,38.884
2022,10,OLD MALLEPALLY,3,60,60,,,930395.91,1084317.8,3831.0,17.386722270354426,78.45715718205514,-5.100407564636875,-8.085,-1.774
2022,10,PATANCHERU,15,1,1,25.0,18.0,2339.0,8680491.65,7009.0,17.5286092,78.2674254,-15.572393745172485,-19.944,-9.782
2022,10,PATHERGATTI,1,1,1,2.0,1.0,2994388.76,4415552.9,4778.0,17.3659836,78.4754866,-3.423985738728608,-11.371,1.0
2022,10,PEDDA AMBERPET,22,2,2,139.0,62.0,1066500.94,3065759.4,9408.0,17.3172848,78.6384505,-13.164451668738684,-102.918,-4.079
2022,10,PEERJADIGUDA,19,76,76,72.0,43.0,4526315.48,10060982.25,15920.0,17.4078747,78.6022666,-11.641342145249197,-19.598,24.579
2022,10,POCHARAM,19,3,3,45.0,39.0,1160763.97,9590778.65,8427.0,17.1766905,78.6024034,-7.168004578346216,-10.471,-3.471
2022,10,PRAGATHINAGAR,23,1187,1187,14.0,5.0,3332914.21,936009.7,6047.0,17.3985199,78.5411934,-17.80370829758031,-23.95,-4.554
2022,10,PRAKASHNAGAR,7,72,72,10.0,3.0,7398393.74,6583631.9,9511.0,17.4426888,78.4705479,-1.9424732071532318,-2.693,-0.068
2022,10,RADHIKA,14,58,58,23.0,16.0,2272506.25,8213824.45,9816.0,17.4771342,78.563299,-11.611257318416774,-13.556,-0.07
2022,10,RAMACHANDRAPURAM,15,6,6,9.0,3.0,1402387.73,5423021.5,7815.0,17.5086345,78.3018685,-10.108599999483703,-48.466,12.475
2022,10,RAMANTHAPUR,5,72,72,28.0,23.0,5981370.6,15516172.5,20206.0,17.3885044,78.5371677,-17.80370829758031,-23.95,-4.554
2022,10,REGIMENTAL BAZAR,7,88,88,2.0,0.0,4551255.14,5991769.58,4295.0,17.4348324,78.5012557,-6.740992341257842,-8.752,-0.051
2022,10,RIYASATH NAGAR,33,1,1,3.0,1.0,1096346.38,1763413.4,4937.0,17.3890675,78.4053603,-6.272660829945958,-16.898,-0.04
2022,10,S.P.R HILLS,6,138,138,7.0,2.0,926887.13,9565973.75,10599.0,17.446776445765586,78.41047091648177,-4.2143448867979,-7.86,1.0
2022,10,S.R.NAGAR,6,414,414,9.0,0.0,11181534.76,6292334.45,7044.0,17.4417071,78.4416081,-14.461797131758766,-44.338,1.0
2022,10,SAHEBNAGAR,10,56,56,40.0,21.0,3229504.55,9121849.45,12201.0,17.3206264,78.5769132,-4.1107347863508155,-15.067,1.203
2022,10,SAIBABA NAGAR,14,70,70,25.0,20.0,1550428.34,6201796.2,7095.0,17.4507229,78.4100017,-5.390432301805981,-9.201,-1.035
2022,10,SAIDABAD,2,22,22,,,1387714.58,2328294.0,5891.0,17.359533,78.5147979,-9.772093976293876,-15.772,8.35
2022,10,SAINATHPURAM,13,114,114,21.0,8.0,1267239.51,3885406.55,11098.0,17.475693,78.5515621,-2.63240210193732,-54.763,1.0
2022,10,SANTOSHNAGAR,2,2,2,6.0,2.0,1885352.33,1934364.45,6090.0,17.3467185,78.5081947,-9.772093976293876,-15.772,8.35
2022,10,SAROORNAGAR,10,173,173,8.0,5.0,3426425.47,6789938.7,6770.0,17.3611655,78.5387443,-36.09192193271679,-58.971,1.0
2022,10,SEETHAPALMANDI,7,55,55,2.0,1.0,1424582.05,3223880.85,6169.0,17.425757541676237,78.51990378820871,-6.672931671786576,-12.052,1.0
2022,10,SHAIKPET,3,110,110,6.0,2.0,5653016.06,5330510.35,8301.0,17.4057955,78.4006536,-6.043137507893525,-6.746,-0.009
2022,10,SHAPOORNAGAR,12,145,145,14.0,7.0,1792015.47,2261334.45,8036.0,17.51707481088814,78.44358687789398,-6.350885176856137,-10.305,-2.767
2022,10,SHIVAM,5,95,95,4.0,2.0,3276336.73,6000981.5,8943.0,17.3367947,78.6028951,-9.552658212982246,-46.221,1.0
2022,10,SOMAJIGUDA,6,821,821,8.0,2.0,8745962.91,8327312.4,6079.0,17.4255053,78.4585197,-6.267983222411594,-34.86,-1.588
2022,10,SRINIVAS NAGAR,7,71,71,3.0,3.0,1288673.66,4054328.75,4794.0,17.4402595,78.4451055,-14.461797131758766,-44.338,1.0
2022,10,SUCHITRA,12,113,113,20.0,12.0,3922648.89,4990021.45,8809.0,17.5024582,78.4839794,-16.764837433599137,-24.574,36.118
2022,10,SULEMAN NAGAR,16,15,15,7.0,6.0,714811.0,2598414.85,7510.0,17.3486936,78.4231173,-28.590051792067662,-58.82,-3.436
2022,10,SULTAN BAZAR,4,146,146,1.0,1.0,4454129.46,5019410.85,5784.0,17.3870437,78.4869648,-3.423985738728608,-11.371,1.0
2022,10,SURARAM,12,40,40,15.0,12.0,1908128.41,3752615.15,10464.0,17.5360946,78.4186386,-5.1367885188728355,-18.138,-0.624
2022,10,TAPPA CHABUTRA,3,2,2,4.0,2.0,645488.7,995584.15,5084.0,17.37851781010729,78.44605498735723,-5.100407564636875,-8.085,-1.774
2022,10,TARNAKA,7,296,296,1.0,0.0,12835734.09,14650044.87,5468.0,17.4285479,78.5379433,-2.2643061664055764,-6.6,31.337
2022,10,THATTIKHANA,6,467,467,14.0,10.0,11633230.93,13164136.65,10994.0,17.368368049566055,78.60318365434247,-19.009141170949153,-29.461,1.0
2022,10,TOLI CHOWK,3,68,68,9.0,3.0,2576254.96,2639927.9,5031.0,17.399517081462932,78.41474423791212,-6.043137507893525,-6.746,-0.009
2022,10,TURKAYAMJAL,22,1,1,184.0,109.0,6135715.24,2621504.3,12103.0,17.2691643,78.5771279,-7.168004578346216,-10.471,-3.471
2022,10,UPPAL,14,79,79,51.0,26.0,3130931.9,19952680.59,14482.0,17.4025091,78.5612562,-6.855199090082735,-16.385,1.0
2022,10,USHODAYA,12,41,41,7.0,5.0,1133075.41,2373668.95,9647.0,17.384909,78.4388101,-5.100407564636875,-8.085,-1.774
2022,10,VAISHALINAGAR,10,44,43,13.0,7.0,2649097.67,3903050.45,10092.0,17.338969152148117,78.54402440653747,-13.665723696483987,-15.8,-7.95
2022,10,VAJPAYEE NAGAR,13,22,22,14.0,11.0,1283543.38,2620961.9,8791.0,17.493544000750763,78.45891297321583,-16.764837433599137,-24.574,36.118
2022,10,VANASTHALIPURAM,34,40,40,11.0,9.0,3154907.74,4304923.55,7088.0,17.3303179,78.568278,-8.534793235350607,-12.209,-3.889
2022,10,VENGALRAONAGAR,6,329,329,5.0,2.0,3760145.43,5617392.4,8350.0,17.442176085833477,78.43833257797534,-14.461797131758766,-44.338,1.0
2022,10,VENKATAPURAM,13,67,67,16.0,7.0,1602992.7,4308737.05,6809.0,17.496189,78.5043108,-8.97585561892137,-40.761,-6.248
2022,10,VIGYANPURI,5,27,27,3.0,1.0,4640244.0,5062318.7,4014.0,17.403003650874158,78.51134135120137,-2.1866529029494384,-4.994,1.0
2022,10,VIJAYNAGAR COLONY,3,431,431,2.0,0.0,3443499.71,2712229.15,6193.0,17.3442548,78.5412895,-13.665723696483987,-15.8,-7.95
2022,10,VINAY NAGAR,2,17,17,3.0,1.0,1804554.86,2146756.05,5542.0,17.3515414,78.5111106,-9.772093976293876,-15.772,8.35
2022,10,VIVEKANANDA NAGAR,9,158,158,13.0,0.0,3125898.15,4709152.15,7151.0,17.3627254,78.5293456,-36.09192193271679,-58.971,1.0
2022,10,YAPRAL,13,46,46,37.0,23.0,1490523.2,3326534.85,6271.0,17.5030543,78.5407976,-6.247539089917872,-12.503,-0.354
2022,10,YELLAMMABANDA,9,158,158,36.0,32.0,1217347.5,3889142.8,9576.0,17.5102678,78.4070824,-46.34703747538678,-48.923,38.884
2022,10,YELLAREDDYGUDA,6,326,326,5.0,1.0,5414794.61,7610470.35,8745.0,17.4333135,78.4415476,-14.461797131758766,-44.338,1.0
2022,11,ADARSHNAGAR,12,23,23,7.0,3.0,11400607.89,11998328.7,5883.0,17.404546984247553,78.47358389715174,-4.225103036755199,-6.03,25.278
2022,11,ADIKMET,5,64,64,4.0,0.0,1774799.99,2085722.4,2931.0,17.4095495,78.5130943,-6.672931671786576,-12.052,1.0
2022,11,AHMED NAGAR,3,142,142,3.0,0.0,549243.0,565364.3,2906.0,17.404066,78.4442286,-1.2240510318391513,-3.314,1.0
2022,11,ALIABAD,33,1,1,4.0,0.0,624955.72,1175134.0,6411.0,17.34563,78.4726799,-4.981351632256168,-19.652,1.0
2022,11,ALKAPURI,10,91,91,6.0,0.0,2928424.73,6330900.35,8320.0,17.3662342,78.5549781,-15.115934266731193,-24.0,38.681
2022,11,ALLABANDA,4,4,4,2.0,0.0,713501.8,1636120.1,7805.0,17.3803134,78.4577022,-5.100407564636875,-8.085,-1.774
2022,11,ALWAL,13,34,34,11.0,0.0,35670712.58,35924660.55,8822.0,17.5022292,78.5088584,-4.221987933535047,-6.62,-1.252
2022,11,AMEENPUR,24,2,2,40.0,23.0,11746089.18,9877719.85,6832.0,17.5236905,78.3317297,-1.7808493513536299,-2.91,-0.787
2022,11,ASIF NAGAR,3,11,11,5.0,3.0,1156870.35,1711277.6,5405.0,17.3857483,78.4505083,-5.100407564636875,-8.085,-1.774
2022,11,ASMANGARH,2,37,37,4.0,1.0,2385927.82,2165234.55,5575.0,17.36850992532914,78.51429549554615,-9.772093976293876,-15.772,8.35
2022,11,ATTAPUR,16,49,49,28.0,9.0,1769008.63,2527785.8,8743.0,17.3672244,78.4307278,-7.357040143594367,-8.99,1.0
2022,11,AUTONAGAR,34,59,59,50.0,11.0,5190422.79,5182821.6,10141.0,17.3356141,78.5792031,-18.449006726509495,-54.592,-0.173
2022,11,AZAMABAD,5,208,208,4.0,0.0,3206139.8,4040998.05,11028.0,17.4040194,78.5043767,-2.1866529029494384,-4.994,1.0
2022,11,AZAMPURA,2,1,1,,,1077583.94,1924519.65,4920.0,17.3761935,78.490874,-3.423985738728608,-11.371,1.0
2022,11,B.N.REDDY NAGAR,34,10,10,55.0,13.0,1082168.59,1095164.15,7039.0,17.321914,78.5597937,-8.534793235350607,-12.209,-3.889
2022,11,BACHUPALLY,23,10,10,23.0,0.0,10175208.98,10085445.45,3796.0,17.536648,78.3644736,-77.33563988117173,-83.42,20.074
2022,11,BADANGPET,20,13,13,103.0,33.0,5112984.33,7170363.2,20319.0,17.3383467,78.5222127,-13.665723696483987,-15.8,-7.95
2022,11,BAGH LINGAMPALLY,5,184,184,2.0,0.0,3730932.79,1774187.55,6107.0,17.3974359,78.4979706,-2.1866529029494384,-4.994,1.0
2022,11,BAHADURPURA,1,1,1,3.0,0.0,5235853.83,5625346.31,5922.0,17.3570672,78.4545419,-4.981351632256168,-19.652,1.0
2022,11,BALAJINAGAR,9,892,892,17.0,0.0,5361726.05,5084917.8,7806.0,17.5149256,78.560679,-7.086502418049685,-10.359,1.0
2022,11,BALANAGAR,9,30,30,12.0,2.0,4819845.42,4663895.07,10809.0,17.4768224,78.4219645,-40.21863524752012,-59.528,-11.334
2022,11,BANDLAGUDA,33,3,3,41.0,36.0,868988.02,1453675.05,7516.0,17.3714879,78.5727265,-19.009141170949153,-29.461,1.0
2022,11,BANJARA HILLS,6,1703,1703,19.0,2.0,19259547.72,20625424.65,10851.0,17.4177464,78.4399014,-6.267983222411594,-34.86,-1.588
2022,11,BARKATPURA,5,66,66,5.0,0.0,3684668.94,5057074.45,6439.0,17.3926121,78.4969683,-2.1866529029494384,-4.994,1.0
2022,11,BHAGATSINGH NAGAR,12,23,23,12.0,5.0,1280779.96,2123500.96,5309.0,17.49324711103568,78.38735077021973,-21.42419514433048,-104.503,-11.263
2022,11,BHAGYANAGAR,9,569,569,13.0,1.0,7663047.27,6753167.55,6136.0,17.4076662,78.4957155,-2.1866529029494384,-4.994,1.0
2022,11,BHARATHNAGAR,9,208,207,5.0,0.0,2027477.36,1707653.9,6549.0,17.3478913,78.55648,-11.76366817945535,-19.847,-2.831
2022,11,BODUPPAL,19,51,51,105.0,30.0,3992305.18,6927011.55,24375.0,17.3988408,78.5366218,-17.80370829758031,-23.95,-4.554
2022,11,BOIGUDA,7,34,34,5.0,3.0,1459446.13,2692942.65,5641.0,17.4286363,78.4969962,-6.740992341257842,-8.752,-0.051
2022,11,BOLLARAM,24,1,1,,,1906403.0,2553450.0,3959.0,17.5065065,78.3623994,-7.088238213409196,-15.663,-1.104
2022,11,BORABANDA,6,88,88,9.0,1.0,749568.0,1770011.2,7113.0,17.4590687,78.4078664,-5.390432301805981,-9.201,-1.035
2022,11,BOUDHANAGAR,7,29,29,1.0,0.0,722386.96,1620579.65,6418.0,17.4160319,78.517419,-6.672931671786576,-12.052,1.0
2022,11,BUDVEL,16,51,51,20.0,6.0,5655122.6,5881362.63,7311.0,17.33298,78.406191,-8.60961196694741,-20.379,1.0
2022,11,CHANCHALGUDA,2,5,5,1.0,0.0,938817.14,2146622.6,5459.0,17.3673732,78.4965799,-9.772093976293876,-15.772,8.35
2022,11,CHANDA NAGAR,15,172,172,16.0,4.0,3917743.69,4862560.05,8790.0,17.4534764,78.3943669,-5.798614192233966,-10.565,-3.21
2022,11,CHANUDLAL BHARADARI,1,1,1,3.0,0.0,1923633.15,2739781.2,8558.0,17.35207924290198,78.45954822278678,-4.981351632256168,-19.652,1.0
2022,11,CHANUKYAPURI,13,123,123,7.0,1.0,1939555.95,3172174.61,11820.0,17.35903320948377,78.5617337593459,-11.76366817945535,-19.847,-2.831
2022,11,CHERLAPALLY,14,18,18,40.0,7.0,1684059.42,2917771.55,8202.0,17.4687455,78.6024858,-3.9776102214750892,-28.936,-0.751
2022,11,CHINTAL,12,25,25,24.0,2.0,11952099.58,10886879.4,9602.0,17.5021756,78.440609,-6.350885176856137,-10.305,-2.767
2022,11,CHINTAL BASTHI,3,115,115,2.0,0.0,2492548.12,2501842.2,5178.0,17.4073576,78.4567152,-1.2240510318391513,-3.314,1.0
2022,11,DEEPTHISRI NAGAR,15,202,202,12.0,3.0,4406363.47,8729819.1,4998.0,17.50066559761306,78.33937200961574,-1.7808493513536299,-2.91,-0.787
2022,11,DEFENCE COLONY,13,113,113,10.0,3.0,1836692.67,2500820.9,11573.0,17.3176682,78.6117136,-9.552658212982246,-46.221,1.0
2022,11,DHAMMAIGUDA,19,2,2,39.0,8.0,2385029.56,-29914839.65,10517.0,17.4989069255254,78.59838586027956,-19.770034480776104,-59.541,14.483
2022,11,DHOOD BOWLI,1,1,1,4.0,1.0,1916473.92,1731698.95,6088.0,17.358865699843125,78.46540079693314,-4.981351632256168,-19.652,1.0
2022,11,DILSHUKNAGAR,10,37,37,3.0,0.0,3089263.24,2618637.1,6069.0,17.3710329,78.5254623,-36.09192193271679,-58.971,1.0
2022,11,DOMALGUDA,5,61,61,,,2108849.05,2955336.15,5458.0,17.4078455,78.4850003,-4.225103036755199,-6.03,25.278
2022,11,ERRAGADDA,6,92,92,5.0,1.0,5284581.95,6044746.9,6676.0,17.4487999,78.4356074,-4.2143448867979,-7.86,1.0
2022,11,FATHENAGAR,6,202,202,4.0,0.0,7372201.88,7735650.4,7680.0,17.4598339,78.4525504,-4.2143448867979,-7.86,1.0
2022,11,FATHER BALAIAHNAGAR,13,299,299,12.0,1.0,1672485.47,1602624.55,5926.0,17.50818327428803,78.4937064516262,-16.764837433599137,-24.574,36.118
2022,11,FILM NAGAR,6,208,208,3.0,0.0,9582213.32,10217802.85,7940.0,17.4140574,78.4105031,-6.043137507893525,-6.746,-0.009
2022,11,GACHIBOWLI,15,761,761,39.0,6.0,44973257.35,41729862.54,6498.0,17.4436222,78.3519638,-7.851808252285321,-13.636,1.0
2022,11,GAJULARAMARAM,12,158,158,57.0,18.0,3404247.88,4171245.5,7949.0,17.5271759,78.4200077,-5.1367885188728355,-18.138,-0.624
2022,11,GANDHINAGAR,5,147,147,2.0,0.0,2521668.78,3404392.05,5999.0,17.4077928,78.4925707,-4.225103036755199,-6.03,25.278
2022,11,GAYATRI NAGAR,9,212,212,21.0,0.0,2481923.6,2262409.35,6816.0,17.4566764,78.4035867,-5.798614192233966,-10.565,-3.21
2022,11,GODE-KI-KABAR,4,23,23,5.0,1.0,1308150.1,2967136.6,7862.0,17.376976148401162,78.46196399554636,-5.100407564636875,-8.085,-1.774
2022,11,GOLCONDA,3,2,2,6.0,1.0,9024833.65,9407380.45,5885.0,17.3873294,78.4057336,-6.272660829945958,-16.898,-0.04
2022,11,GOWLIGUDA,4,30,30,6.0,0.0,2359486.51,6217809.4,4791.0,17.377643,78.4787716,-3.423985738728608,-11.371,1.0
2022,11,GOWTHAM NAGAR,13,111,111,5.0,0.0,1693829.23,1892579.7,8014.0,17.4539263,78.527344,-4.236881728429952,-6.098,1.0
2022,11,GUNDLAPOCHAMPALLY,25,1,1,34.0,0.0,958000.0,1218601.7,1822.0,17.568913,78.480271,-12.080203428747952,-41.208,-9.662
2022,11,GUNFOUNDRY,4,177,177,2.0,1.0,4347068.12,4970658.3,3780.0,17.3936441,78.4756654,-3.3423306430785304,-5.452,1.0
2022,11,HAFEEZPET,15,1984,1984,15.0,4.0,8992678.26,10948719.0,6578.0,17.4834409,78.3611316,-17.663445787684253,-26.918,1.0
2022,11,HAKEEMPET,3,20,20,,,968232.05,1305284.2,4478.0,17.4056403,78.4178824,-6.043137507893525,-6.746,-0.009
2022,11,HASMATHPET,9,298,298,10.0,0.0,2604012.87,4528968.95,10051.0,17.4758254,78.4847371,-1.3120815705640303,-1.67,1.0
2022,11,HOUSING BOARD,14,22,22,16.0,6.0,1890845.97,2439739.2,9338.0,17.4922068,78.3973638,-21.42419514433048,-104.503,-11.263
2022,11,HUBSIGUDA,14,157,157,13.0,2.0,9111012.86,9006589.79,6965.0,17.412012724821263,78.54561665602095,-7.538105379814497,-8.769,-2.539
2022,11,HYDERGUDA,16,108,108,44.0,8.0,3537688.64,4231301.55,6414.0,17.4012791,78.4804894,-4.225103036755199,-6.03,25.278
2022,11,JAGATHGIRIGUTTA,12,51,51,21.0,3.0,1029121.24,2305394.65,11396.0,17.4993176,78.4226016,-5.1367885188728355,-18.138,-0.624
2022,11,JALPALLY,20,3,3,250.0,112.0,1444113.64,3771320.75,13942.0,17.3061541,78.4738589,-7.546780559786242,-12.3,-1.008
2022,11,JANGAMMET,33,1,1,1.0,0.0,508782.08,1138256.0,4789.0,17.336251,78.4744044,-12.123256123445776,-15.781,1.0
2022,11,JAWAHARNAGAR,25,3,3,314.0,159.0,4503755.68,3755131.35,15303.0,17.437754,78.4845463,-1.9424732071532318,-2.693,-0.068
2022,11,JEEDIMETLA,12,49,49,23.0,7.0,8318271.29,8115845.65,8413.0,17.519687,78.4468876,-6.350885176856137,-10.305,-2.767
2022,11,JILLELAGUDA,20,12,12,7.0,0.0,1744146.26,1400701.05,4930.0,17.3376801,78.5322366,-13.665723696483987,-15.8,-7.95
2022,11,JUBILEE HILLS,6,1159,1159,14.0,1.0,9002954.01,8166932.45,6632.0,17.4308362,78.4102882,-6.043137507893525,-6.746,-0.009
2022,11,KAKATIYA NAGAR,3,63,63,2.0,0.0,1866325.4,2276793.5,3997.0,17.4785837,78.5406026,-12.484480768704271,-19.217,1.0
2022,11,KAMALANAGAR,34,42,42,34.0,15.0,1605266.1,1829014.95,7910.0,17.4728043,78.566675,-9.045252142363507,-29.864,-0.004
2022,11,KANCHANBAGH,33,1,1,,,686149.55,1323683.0,6281.0,17.3280563,78.5001695,-12.123256123445776,-15.781,1.0
2022,11,KARWAN,3,10,10,4.0,1.0,926367.34,1685541.25,6685.0,17.376013,78.4331894,-7.357040143594367,-8.99,1.0
2022,11,KATEDAN,16,7,7,19.0,5.0,1778064.31,3224255.4,7015.0,17.3026835,78.4398207,-1.2653078280464742,-3.218,-0.732
2022,11,KISMATHPUR,18,171,171,61.0,16.0,5364879.43,8568096.8,13684.0,17.3343045,78.3936455,-14.163095030058026,-19.578,-7.69
2022,11,KOMPALLY,25,1,1,9.0,3.0,3880280.76,5443726.37,4183.0,17.5354868,78.5096979,-4.171070941747054,-7.296,1.0
2022,11,KONDAPUR,15,2462,2462,51.0,16.0,13787586.97,15018875.7,7906.0,17.4587912,78.3730556,-9.15338763082218,-13.794,-3.253
2022,11,KOTHAPETA,10,60,60,5.0,1.0,1920241.07,2617467.75,7233.0,17.367222832295177,78.545668383567,-15.115934266731193,-24.0,38.681
2022,11,KPHB,9,1162,1162,15.0,0.0,13248028.08,15074655.05,9511.0,17.4939602,78.4008412,-46.34703747538678,-48.923,38.884
2022,11,KUKATPALLY,9,129,129,6.0,0.0,5757176.92,4768165.75,6772.0,17.4930841,78.4054408,-46.34703747538678,-48.923,38.884
2022,11,L.B.NAGAR,34,15,15,9.0,0.0,3483998.95,3229146.95,6199.0,17.349846,78.5479412,-36.09192193271679,-58.971,1.0
2022,11,LALAPET,7,14,14,5.0,4.0,4516937.04,7090229.5,6284.0,17.4388301,78.54187,-2.2643061664055764,-6.6,31.337
2022,11,LANGER HOUSE,3,19,19,9.0,3.0,2039260.08,2644728.3,7644.0,17.37331,78.41387,-6.272660829945958,-16.898,-0.04
2022,11,LINGOJIGUDA,10,37,37,9.0,0.0,3202476.06,3072349.55,7815.0,17.3478809,78.5364577,-36.09192193271679,-58.971,1.0
2022,11,MACHABOLLARAM,13,25,25,40.0,6.0,1317056.87,1818171.3,6267.0,17.513866,78.5137342,-4.221987933535047,-6.62,-1.252
2022,11,MADANNAPET,2,1,1,4.0,1.0,1454302.35,1555677.55,5891.0,17.3585578,78.4971064,-9.772093976293876,-15.772,8.35
2022,11,MADHAPUR,15,3444,3444,67.0,4.0,71752893.79,73292204.7,12962.0,17.4408924,78.3916304,-5.798614192233966,-10.565,-3.21
2022,11,MAILERDEV PALLY,16,7,7,18.0,8.0,1751765.04,2202984.4,7055.0,17.31916516561942,78.44588448683878,-7.546780559786242,-12.3,-1.008
2022,11,MALAKPET,2,31,31,2.0,1.0,1239279.21,2006517.6,5147.0,17.3736706,78.4996484,-9.772093976293876,-15.772,8.35
2022,11,MANIKONDA,18,524,524,48.0,5.0,10745988.27,10354534.0,8514.0,17.3999951,78.3861689,-8.64049553514247,-16.362,1.0
2022,11,MANSOORABAD,34,54,54,8.0,0.0,1554536.87,2756347.4,5773.0,17.3541765,78.5652906,-11.76366817945535,-19.847,-2.831
2022,11,MARREDPALLY,7,168,168,6.0,0.0,1700621.74,2705104.1,9196.0,17.4507936,78.5048972,-12.47414140833292,-21.362,12.404
2022,11,MARUTHINAGAR,10,127,127,2.0,1.0,1631036.75,2317405.65,7237.0,17.373499742570825,78.54268265383173,-15.115934266731193,-24.0,38.681
2022,11,MEERPET,20,38,38,25.0,12.0,2075287.97,2302503.35,9864.0,17.4546432,78.5715499,-6.441468392795172,-59.023,1.0
2022,11,MEHIDIPATNAM,3,80,80,9.0,0.0,2673485.42,2744480.35,6575.0,17.399943921854806,78.43451065196552,-1.2240510318391513,-3.314,1.0
2022,11,METTUGUDA,7,25,25,1.0,0.0,724379.72,1272864.35,4460.0,17.4355036,78.5195573,-12.47414140833292,-21.362,12.404
2022,11,MISRIGUNJ,1,1,1,,,1166190.94,1161407.95,4347.0,17.350101211439146,78.45939390321827,-4.981351632256168,-19.652,1.0
2022,11,MIYAPUR,15,331,331,21.0,9.0,3314033.51,5564100.25,7369.0,17.4981608,78.3567628,-7.088238213409196,-15.663,-1.104
2022,11,MOGHULPURA,1,2,2,1.0,1.0,1155564.1,1853761.4,6259.0,17.3595023,78.4767749,-4.981351632256168,-19.652,1.0
2022,11,MOOSAPET,9,307,306,3.0,1.0,4214192.19,5594381.1,5669.0,17.4685307,78.4206695,-5.390432301805981,-9.201,-1.035
2022,11,MOOSARAMBAGH,2,90,90,5.0,1.0,4365862.33,3411994.15,7827.0,17.3743532,78.5160835,-9.772093976293876,-15.772,8.35
2022,11,MOTI NAGAR,9,113,113,5.0,0.0,1716107.6,2870888.25,5785.0,17.4508069,78.422242,-4.2143448867979,-7.86,1.0
2022,11,MUSHEERABAD,5,63,63,3.0,0.0,1446623.6,9754437.25,5315.0,17.4191423,78.4985732,-6.740992341257842,-8.752,-0.051
2022,11,NACHARAM,14,116,116,19.0,5.0,10629422.06,9845693.94,10927.0,17.4284936,78.5528098,-2.2643061664055764,-6.6,31.337
2022,11,NAGARAM,19,1,1,75.0,42.0,2306416.73,-5419125.85,10243.0,17.4910113,78.613677,-3.9776102214750892,-28.936,-0.751
2022,11,NAGOLE,34,14,14,27.0,4.0,2347915.73,2596996.0,7692.0,17.3775306,78.5601231,-8.68556577870009,-15.552,1.0
2022,11,NALLAGANDLA,15,10,10,29.0,8.0,5897690.47,9149107.75,8557.0,17.4774828,78.3060359,-29.150105105964958,-58.481,-4.338
2022,11,NALLAGUTTA,7,19,19,5.0,1.0,3596378.74,3064471.4,4753.0,17.4384334,78.4825328,-1.9424732071532318,-2.693,-0.068
2022,11,NARAYANGUDA,5,166,166,5.0,2.0,6088127.09,7285298.55,7167.0,17.3981159,78.4885006,-2.1866529029494384,-4.994,1.0
2022,11,NGO COLONY,34,24,24,1.0,0.0,1077971.15,1013519.4,5599.0,17.327964,78.5657291,-8.534793235350607,-12.209,-3.889
2022,11,NIZAMPET,23,1242,1241,7.0,1.0,8479768.91,7992068.5,4371.0,17.4945061,78.4000017,-46.34703747538678,-48.923,38.884
2022,11,OLD MALLEPALLY,3,31,31,5.0,1.0,681815.0,1157307.9,3831.0,17.386722270354426,78.45715718205514,-5.100407564636875,-8.085,-1.774
2022,11,PEDDA AMBERPET,22,1,1,52.0,14.0,1242018.16,8299238.25,9408.0,17.3172848,78.6384505,-13.164451668738684,-102.918,-4.079
2022,11,PEERJADIGUDA,19,138,138,51.0,14.0,5046295.34,5584009.6,15920.0,17.4078747,78.6022666,-11.641342145249197,-19.598,24.579
2022,11,PRAGATHINAGAR,23,1375,1375,8.0,0.0,2882788.69,4455260.64,6047.0,17.3985199,78.5411934,-17.80370829758031,-23.95,-4.554
2022,11,PRAKASHNAGAR,7,79,79,8.0,0.0,7235549.75,7313932.3,9511.0,17.4426888,78.4705479,-1.9424732071532318,-2.693,-0.068
2022,11,RADHIKA,14,64,64,18.0,0.0,2355846.65,4061393.35,9816.0,17.4771342,78.563299,-11.611257318416774,-13.556,-0.07
2022,11,RAMACHANDRAPURAM,15,18,18,2.0,1.0,2469998.1,2402000.8,7815.0,17.5086345,78.3018685,-10.108599999483703,-48.466,12.475
2022,11,RAMANTHAPUR,5,93,93,20.0,9.0,5811208.6,6578825.35,20206.0,17.3885044,78.5371677,-17.80370829758031,-23.95,-4.554
2022,11,REGIMENTAL BAZAR,7,88,88,1.0,1.0,3949704.49,3140140.8,4295.0,17.4348324,78.5012557,-6.740992341257842,-8.752,-0.051
2022,11,RIYASATH NAGAR,33,1,1,4.0,0.0,1198731.8,1216640.1,4937.0,17.3890675,78.4053603,-6.272660829945958,-16.898,-0.04
2022,11,S.P.R HILLS,6,110,110,7.0,1.0,925517.94,2422491.0,10599.0,17.446776445765586,78.41047091648177,-4.2143448867979,-7.86,1.0
2022,11,S.R.NAGAR,6,486,486,11.0,0.0,8371349.92,5912292.2,7044.0,17.4417071,78.4416081,-14.461797131758766,-44.338,1.0
2022,11,SAHEBNAGAR,10,62,62,40.0,11.0,2977592.09,4077760.4,12201.0,17.3206264,78.5769132,-4.1107347863508155,-15.067,1.203
2022,11,SAIBABA NAGAR,14,46,46,24.0,4.0,1471408.99,2130117.9,7095.0,17.4507229,78.4100017,-5.390432301805981,-9.201,-1.035
2022,11,SAIDABAD,2,25,25,3.0,0.0,1555839.57,1819834.9,5891.0,17.359533,78.5147979,-9.772093976293876,-15.772,8.35
2022,11,SAINATHPURAM,13,141,141,10.0,0.0,1784873.37,3552717.15,11098.0,17.475693,78.5515621,-2.63240210193732,-54.763,1.0
2022,11,SAROORNAGAR,10,141,141,6.0,0.0,3512306.52,4599639.75,6770.0,17.3611655,78.5387443,-36.09192193271679,-58.971,1.0
2022,11,SEETHAPALMANDI,7,43,43,3.0,2.0,1422463.17,2109550.8,6169.0,17.425757541676237,78.51990378820871,-6.672931671786576,-12.052,1.0
2022,11,SHAIKPET,3,103,103,14.0,2.0,5534549.12,5760726.05,8301.0,17.4057955,78.4006536,-6.043137507893525,-6.746,-0.009
2022,11,SHAPOORNAGAR,12,160,160,10.0,2.0,2661413.52,2538414.15,8036.0,17.51707481088814,78.44358687789398,-6.350885176856137,-10.305,-2.767
2022,11,SHIVAM,5,91,91,6.0,0.0,3433825.96,3851163.05,8943.0,17.3367947,78.6028951,-9.552658212982246,-46.221,1.0
2022,11,SOMAJIGUDA,6,832,832,4.0,0.0,6823067.87,7225794.3,6079.0,17.4255053,78.4585197,-6.267983222411594,-34.86,-1.588
2022,11,SRINIVAS NAGAR,7,60,60,5.0,2.0,1020306.35,1673079.75,4794.0,17.4402595,78.4451055,-14.461797131758766,-44.338,1.0
2022,11,SUCHITRA,12,170,170,21.0,5.0,4135208.24,5379172.41,8809.0,17.5024582,78.4839794,-16.764837433599137,-24.574,36.118
2022,11,SULEMAN NAGAR,16,15,15,5.0,0.0,742124.76,1629361.75,7510.0,17.3486936,78.4231173,-28.590051792067662,-58.82,-3.436
2022,11,SULTAN BAZAR,4,130,130,4.0,1.0,3788960.32,5362707.8,5784.0,17.3870437,78.4869648,-3.423985738728608,-11.371,1.0
2022,11,SURARAM,12,49,49,15.0,7.0,2712856.85,3642091.8,10464.0,17.5360946,78.4186386,-5.1367885188728355,-18.138,-0.624
2022,11,TARNAKA,7,351,351,3.0,0.0,14246812.47,14442332.92,5468.0,17.4285479,78.5379433,-2.2643061664055764,-6.6,31.337
2022,11,THATTIKHANA,6,604,604,10.0,1.0,10563395.24,13143081.5,10994.0,17.368368049566055,78.60318365434247,-19.009141170949153,-29.461,1.0
2022,11,TOLI CHOWK,3,70,70,5.0,0.0,2520481.11,2890840.31,5031.0,17.399517081462932,78.41474423791212,-6.043137507893525,-6.746,-0.009
2022,11,TURKAYAMJAL,22,2,2,137.0,37.0,2117559.8,7221832.15,12103.0,17.2691643,78.5771279,-7.168004578346216,-10.471,-3.471
2022,11,UPPAL,14,78,78,44.0,13.0,3617548.5,4331358.67,14482.0,17.4025091,78.5612562,-6.855199090082735,-16.385,1.0
2022,11,USHODAYA,12,65,65,16.0,5.0,1268059.0,1994402.75,9647.0,17.384909,78.4388101,-5.100407564636875,-8.085,-1.774
2022,11,VAISHALINAGAR,10,47,47,10.0,0.0,2653396.65,3671194.35,10092.0,17.338969152148117,78.54402440653747,-13.665723696483987,-15.8,-7.95
2022,11,VAJPAYEE NAGAR,13,23,23,7.0,2.0,1636897.52,1311232.45,8791.0,17.493544000750763,78.45891297321583,-16.764837433599137,-24.574,36.118
2022,11,VANASTHALIPURAM,34,39,39,7.0,2.0,2404066.81,2889406.4,7088.0,17.3303179,78.568278,-8.534793235350607,-12.209,-3.889
2022,11,VENGALRAONAGAR,6,414,414,3.0,0.0,3384713.96,5276078.01,8350.0,17.442176085833477,78.43833257797534,-14.461797131758766,-44.338,1.0
2022,11,VENKATAPURAM,13,62,62,14.0,1.0,1958906.98,3774807.15,6809.0,17.496189,78.5043108,-8.97585561892137,-40.761,-6.248
2022,11,VIGYANPURI,5,20,20,3.0,0.0,5503390.28,5255993.05,4014.0,17.403003650874158,78.51134135120137,-2.1866529029494384,-4.994,1.0
2022,11,VIJAYNAGAR COLONY,3,306,306,4.0,0.0,4191263.78,4506001.65,6193.0,17.3442548,78.5412895,-13.665723696483987,-15.8,-7.95
2022,11,VINAY NAGAR,2,9,9,1.0,1.0,1870403.88,1875821.55,5542.0,17.3515414,78.5111106,-9.772093976293876,-15.772,8.35
2022,11,VIVEKANANDA NAGAR,9,168,168,4.0,0.0,3511767.44,4621050.3,7151.0,17.3627254,78.5293456,-36.09192193271679,-58.971,1.0
2022,11,YAKATPURA,2,1,1,,,629487.42,1780008.15,7057.0,17.359093387793546,78.4853163967196,-9.772093976293876,-15.772,8.35
2022,11,YAPRAL,13,60,60,42.0,13.0,1527912.23,1710820.75,6271.0,17.5030543,78.5407976,-6.247539089917872,-12.503,-0.354
2022,11,YELLAMMABANDA,9,205,205,25.0,11.0,1258744.44,2510528.3,9576.0,17.5102678,78.4070824,-46.34703747538678,-48.923,38.884
2022,11,YELLAREDDYGUDA,6,290,290,4.0,0.0,6118490.29,6756155.2,8745.0,17.4333135,78.4415476,-14.461797131758766,-44.338,1.0
2022,11,ZIAGUDA,4,3,3,,,1081356.77,1232345.1,5933.0,17.3658951,78.4503072,-6.23629193008042,-14.06,-2.04
2023,1,ADARSHNAGAR,12,14,14,1.0,0.0,11299865.84,18869368.12,5883.0,17.404546984247553,78.47358389715174,-4.225103036755199,-6.03,25.278
2023,1,ADIKMET,5,64,64,3.0,0.0,806258.06,9867096.65,2931.0,17.4095495,78.5130943,-6.672931671786576,-12.052,1.0
2023,1,AHMED NAGAR,3,106,106,4.0,0.0,11081.0,2868716.6,2906.0,17.404066,78.4442286,-1.2240510318391513,-3.314,1.0
2023,1,ALIABAD,33,2,2,8.0,3.0,104191.4,7206657.5,6411.0,17.34563,78.4726799,-4.981351632256168,-19.652,1.0
2023,1,ALKAPURI,10,102,102,16.0,1.0,1088264.39,24713771.15,8320.0,17.3662342,78.5549781,-15.115934266731193,-24.0,38.681
2023,1,ALLABANDA,4,4,4,4.0,1.0,92972.0,13062532.55,7805.0,17.3803134,78.4577022,-5.100407564636875,-8.085,-1.774
2023,1,ALWAL,13,28,28,31.0,2.0,34859162.42,48249116.8,8822.0,17.5022292,78.5088584,-4.221987933535047,-6.62,-1.252
2023,1,ASIF NAGAR,3,6,6,14.0,6.0,126611.0,13887638.6,5405.0,17.3857483,78.4505083,-5.100407564636875,-8.085,-1.774
2023,1,ASMANGARH,2,27,27,2.0,0.0,1020495.5,15722247.2,5575.0,17.36850992532914,78.51429549554615,-9.772093976293876,-15.772,8.35
2023,1,ATTAPUR,16,59,59,42.0,19.0,267184.1,18364476.65,8743.0,17.3672244,78.4307278,-7.357040143594367,-8.99,1.0
2023,1,AUTONAGAR,34,51,51,59.0,25.0,3797607.0,13276616.05,10141.0,17.3356141,78.5792031,-18.449006726509495,-54.592,-0.173
2023,1,AZAMABAD,5,227,227,2.0,0.0,829246.4,29630378.1,11028.0,17.4040194,78.5043767,-2.1866529029494384,-4.994,1.0
2023,1,B.N.REDDY NAGAR,34,9,9,23.0,5.0,162387.59,14978497.8,7039.0,17.321914,78.5597937,-8.534793235350607,-12.209,-3.889
2023,1,BACHUPALLY,23,10,10,45.0,15.0,7184762.26,10166219.3,3796.0,17.536648,78.3644736,-77.33563988117173,-83.42,20.074
2023,1,BADANGPET,20,16,16,84.0,24.0,4262911.18,5591706.4,20319.0,17.3383467,78.5222127,-13.665723696483987,-15.8,-7.95
2023,1,BAGH LINGAMPALLY,5,166,166,1.0,0.0,517861.29,7632832.65,6107.0,17.3974359,78.4979706,-2.1866529029494384,-4.994,1.0
2023,1,BAHADURPURA,1,2,2,7.0,0.0,4711396.39,13297529.03,5922.0,17.3570672,78.4545419,-4.981351632256168,-19.652,1.0
2023,1,BALAJINAGAR,9,988,988,7.0,0.0,1909397.22,21714097.9,7806.0,17.5149256,78.560679,-7.086502418049685,-10.359,1.0
2023,1,BALANAGAR,9,37,37,15.0,3.0,1534225.93,28170095.93,10809.0,17.4768224,78.4219645,-40.21863524752012,-59.528,-11.334
2023,1,BALAPUR,33,1,1,9.0,3.0,251331.2,8903187.75,5772.0,17.307521,78.5053298,-12.123256123445776,-15.781,1.0
2023,1,BANDLAGUDA,33,6,6,47.0,24.0,36594.0,4825489.0,7516.0,17.3714879,78.5727265,-19.009141170949153,-29.461,1.0
2023,1,BANJARA HILLS,6,2051,2051,17.0,2.0,16555549.68,58109719.2,10851.0,17.4177464,78.4399014,-6.267983222411594,-34.86,-1.588
2023,1,BARKATPURA,5,60,60,3.0,0.0,1008671.18,14980531.95,6439.0,17.3926121,78.4969683,-2.1866529029494384,-4.994,1.0
2023,1,BEERAMGUDA,24,3,3,36.0,16.0,3062822.3,2575255.4,9459.0,17.5091218,78.3004614,-10.108599999483703,-48.466,12.475
2023,1,BHAGATSINGH NAGAR,12,21,21,5.0,0.0,219587.14,8004347.01,5309.0,17.49324711103568,78.38735077021973,-21.42419514433048,-104.503,-11.263
2023,1,BHAGYANAGAR,9,747,747,18.0,1.0,2702140.18,49237821.53,6136.0,17.4076662,78.4957155,-2.1866529029494384,-4.994,1.0
2023,1,BHARATHNAGAR,9,213,213,4.0,0.0,342096.52,11802777.4,6549.0,17.3478913,78.55648,-11.76366817945535,-19.847,-2.831
2023,1,BODUPPAL,19,116,115,99.0,45.0,3902646.73,6130709.35,24375.0,17.3988408,78.5366218,-17.80370829758031,-23.95,-4.554
2023,1,BOIGUDA,7,66,66,3.0,1.0,257361.0,13906174.4,5641.0,17.4286363,78.4969962,-6.740992341257842,-8.752,-0.051
2023,1,BORABANDA,6,63,63,12.0,5.0,100427.0,12033617.4,7113.0,17.4590687,78.4078664,-5.390432301805981,-9.201,-1.035
2023,1,BOUDHANAGAR,7,23,23,2.0,0.0,124352.69,8105340.15,6418.0,17.4160319,78.517419,-6.672931671786576,-12.052,1.0
2023,1,BUDVEL,16,89,89,23.0,7.0,3207412.28,27919917.03,7311.0,17.33298,78.406191,-8.60961196694741,-20.379,1.0
2023,1,CHANCHALGUDA,2,6,6,2.0,1.0,86121.6,12992988.85,5459.0,17.3673732,78.4965799,-9.772093976293876,-15.772,8.35
2023,1,CHANDA NAGAR,15,247,247,27.0,2.0,580226.64,27447768.6,8790.0,17.4534764,78.3943669,-5.798614192233966,-10.565,-3.21
2023,1,CHANUDLAL BHARADARI,1,2,2,9.0,0.0,278223.3,17179787.0,8558.0,17.35207924290198,78.45954822278678,-4.981351632256168,-19.652,1.0
2023,1,CHANUKYAPURI,13,135,135,13.0,0.0,355990.8,18410336.71,11820.0,17.35903320948377,78.5617337593459,-11.76366817945535,-19.847,-2.831
2023,1,CHERLAPALLY,14,17,17,12.0,2.0,249181.18,11135696.55,8202.0,17.4687455,78.6024858,-3.9776102214750892,-28.936,-0.751
2023,1,CHINTAL,12,26,26,23.0,5.0,8099773.22,31363524.1,9602.0,17.5021756,78.440609,-6.350885176856137,-10.305,-2.767
2023,1,CHINTAL BASTHI,3,98,98,3.0,0.0,918129.0,14179549.95,5178.0,17.4073576,78.4567152,-1.2240510318391513,-3.314,1.0
2023,1,DEEPTHISRI NAGAR,15,381,381,26.0,10.0,1348747.33,30477375.75,4998.0,17.50066559761306,78.33937200961574,-1.7808493513536299,-2.91,-0.787
2023,1,DEFENCE COLONY,13,129,129,16.0,9.0,249822.81,14109919.2,11573.0,17.3176682,78.6117136,-9.552658212982246,-46.221,1.0
2023,1,DHAMMAIGUDA,19,5,5,243.0,5.0,361954.87,3347197.05,10517.0,17.4989069255254,78.59838586027956,-19.770034480776104,-59.541,14.483
2023,1,DILSHUKNAGAR,10,52,52,6.0,1.0,730671.92,16327642.3,6069.0,17.3710329,78.5254623,-36.09192193271679,-58.971,1.0
2023,1,DOMALGUDA,5,33,33,3.0,0.0,569446.56,15167441.6,5458.0,17.4078455,78.4850003,-4.225103036755199,-6.03,25.278
2023,1,ERRAGADDA,6,95,95,17.0,7.0,773300.3,31932930.05,6676.0,17.4487999,78.4356074,-4.2143448867979,-7.86,1.0
2023,1,FATHENAGAR,6,178,178,8.0,0.0,4005926.62,33923651.25,7680.0,17.4598339,78.4525504,-4.2143448867979,-7.86,1.0
2023,1,FATHER BALAIAHNAGAR,13,427,427,32.0,14.0,161085.28,14074495.35,5926.0,17.50818327428803,78.4937064516262,-16.764837433599137,-24.574,36.118
2023,1,FILM NAGAR,6,238,238,2.0,0.0,6731020.72,43548171.7,7940.0,17.4140574,78.4105031,-6.043137507893525,-6.746,-0.009
2023,1,GACHIBOWLI,15,1017,1017,40.0,14.0,31042552.29,71966589.53,6498.0,17.4436222,78.3519638,-7.851808252285321,-13.636,1.0
2023,1,GAJULARAMARAM,12,111,111,74.0,24.0,556369.5,9264478.0,7949.0,17.5271759,78.4200077,-5.1367885188728355,-18.138,-0.624
2023,1,GANDHINAGAR,5,139,139,1.0,0.0,961906.45,22620126.95,5999.0,17.4077928,78.4925707,-4.225103036755199,-6.03,25.278
2023,1,GAYATRI NAGAR,9,258,258,18.0,1.0,366151.04,15942137.45,6816.0,17.4566764,78.4035867,-5.798614192233966,-10.565,-3.21
2023,1,GODE-KI-KABAR,4,27,27,2.0,0.0,250822.1,15224372.0,7862.0,17.376976148401162,78.46196399554636,-5.100407564636875,-8.085,-1.774
2023,1,GOLCONDA,3,4,4,4.0,1.0,7223059.0,13171605.4,5885.0,17.3873294,78.4057336,-6.272660829945958,-16.898,-0.04
2023,1,GOWLIGUDA,4,5,5,,,880828.8,10393594.0,4791.0,17.377643,78.4787716,-3.423985738728608,-11.371,1.0
2023,1,GOWTHAM NAGAR,13,108,107,9.0,3.0,475300.89,19239286.7,8014.0,17.4539263,78.527344,-4.236881728429952,-6.098,1.0
2023,1,GUNFOUNDRY,4,217,217,4.0,0.0,3886340.32,9027509.2,3780.0,17.3936441,78.4756654,-3.3423306430785304,-5.452,1.0
2023,1,HAFEEZPET,15,4217,4217,31.0,15.0,3121942.44,25054811.05,6578.0,17.4834409,78.3611316,-17.663445787684253,-26.918,1.0
2023,1,HAKEEMPET,3,43,43,5.0,1.0,175114.01,48070438.5,4478.0,17.4056403,78.4178824,-6.043137507893525,-6.746,-0.009
2023,1,HASMATHPET,9,225,225,23.0,2.0,654463.89,35049261.5,10051.0,17.4758254,78.4847371,-1.3120815705640303,-1.67,1.0
2023,1,HASSAN NAGAR,1,2,2,2.0,0.0,55645.62,8156757.25,4465.0,17.336155,78.44363,-28.06282154849126,-35.473,1.0
2023,1,HOUSING BOARD,14,24,24,12.0,4.0,190856.5,14665319.75,9338.0,17.4922068,78.3973638,-21.42419514433048,-104.503,-11.263
2023,1,HUBSIGUDA,14,129,129,19.0,4.0,7598783.36,43424939.07,6965.0,17.412012724821263,78.54561665602095,-7.538105379814497,-8.769,-2.539
2023,1,HYDERGUDA,16,182,182,39.0,11.0,473113.97,35234845.95,6414.0,17.4012791,78.4804894,-4.225103036755199,-6.03,25.278
2023,1,JAGATHGIRIGUTTA,12,81,81,58.0,38.0,142538.67,14945607.15,11396.0,17.4993176,78.4226016,-5.1367885188728355,-18.138,-0.624
2023,1,JALPALLY,20,3,3,256.0,71.0,73778.0,131199.4,13942.0,17.3061541,78.4738589,-7.546780559786242,-12.3,-1.008
2023,1,JAWAHARNAGAR,25,2,2,905.0,493.0,3081756.21,4251587.95,15303.0,17.437754,78.4845463,-1.9424732071532318,-2.693,-0.068
2023,1,JEEDIMETLA,12,42,42,24.0,4.0,4755899.05,16065291.1,8413.0,17.519687,78.4468876,-6.350885176856137,-10.305,-2.767
2023,1,JILLELAGUDA,20,5,5,38.0,2.0,1099553.06,1371384.95,4930.0,17.3376801,78.5322366,-13.665723696483987,-15.8,-7.95
2023,1,JUBILEE HILLS,6,1127,1127,14.0,0.0,3469511.63,38547882.35,6632.0,17.4308362,78.4102882,-6.043137507893525,-6.746,-0.009
2023,1,KAKATIYA NAGAR,3,52,52,2.0,0.0,369614.01,13180180.15,3997.0,17.4785837,78.5406026,-12.484480768704271,-19.217,1.0
2023,1,KAMALANAGAR,34,33,33,18.0,6.0,325800.76,7728604.65,7910.0,17.4728043,78.566675,-9.045252142363507,-29.864,-0.004
2023,1,KARWAN,3,10,10,5.0,1.0,130089.26,11458094.15,6685.0,17.376013,78.4331894,-7.357040143594367,-8.99,1.0
2023,1,KISHAN BAGH,1,1,1,6.0,0.0,116769.0,8851203.25,5053.0,17.3575261,78.44485,-4.981351632256168,-19.652,1.0
2023,1,KISMATHPUR,18,229,229,158.0,46.0,2127112.79,4597255.35,13684.0,17.3343045,78.3936455,-14.163095030058026,-19.578,-7.69
2023,1,KOMPALLY,25,1,1,14.0,2.0,1252377.29,910701.95,4183.0,17.5354868,78.5096979,-4.171070941747054,-7.296,1.0
2023,1,KONDAPUR,15,5596,5596,73.0,26.0,3684961.88,25666819.12,7906.0,17.4587912,78.3730556,-9.15338763082218,-13.794,-3.253
2023,1,KOTHAPETA,10,73,73,9.0,2.0,380908.45,16595343.6,7233.0,17.367222832295177,78.545668383567,-15.115934266731193,-24.0,38.681
2023,1,KPHB,9,1967,1967,14.0,2.0,6457836.91,5023686677.0,9511.0,17.4939602,78.4008412,-46.34703747538678,-48.923,38.884
2023,1,KUKATPALLY,9,124,124,25.0,4.0,1342802.03,25921793.65,6772.0,17.4930841,78.4054408,-46.34703747538678,-48.923,38.884
2023,1,L.B.NAGAR,34,16,16,8.0,2.0,757575.95,12535155.2,6199.0,17.349846,78.5479412,-36.09192193271679,-58.971,1.0
2023,1,LALAPET,7,14,14,5.0,1.0,3929421.67,12478750.35,6284.0,17.4388301,78.54187,-2.2643061664055764,-6.6,31.337
2023,1,LANGER HOUSE,3,23,23,5.0,1.0,233339.2,13102725.5,7644.0,17.37331,78.41387,-6.272660829945958,-16.898,-0.04
2023,1,LINGOJIGUDA,10,26,26,6.0,0.0,515741.57,18687776.9,7815.0,17.3478809,78.5364577,-36.09192193271679,-58.971,1.0
2023,1,MACHABOLLARAM,13,30,30,50.0,23.0,30641.8,5839530.45,6267.0,17.513866,78.5137342,-4.221987933535047,-6.62,-1.252
2023,1,MADANNAPET,2,4,4,2.0,1.0,102487.0,10262891.2,5891.0,17.3585578,78.4971064,-9.772093976293876,-15.772,8.35
2023,1,MADHAPUR,15,5700,5700,126.0,31.0,48844615.02,96163057.97,12962.0,17.4408924,78.3916304,-5.798614192233966,-10.565,-3.21
2023,1,MAILERDEV PALLY,16,11,11,15.0,7.0,110316.0,14742545.35,7055.0,17.31916516561942,78.44588448683878,-7.546780559786242,-12.3,-1.008
2023,1,MALAKPET,2,18,18,4.0,1.0,678075.42,11952235.05,5147.0,17.3736706,78.4996484,-9.772093976293876,-15.772,8.35
2023,1,MANIKONDA,18,1290,1290,109.0,18.0,6652779.67,9043375.75,8514.0,17.3999951,78.3861689,-8.64049553514247,-16.362,1.0
2023,1,MANSOORABAD,34,29,29,17.0,1.0,524109.69,13369875.9,5773.0,17.3541765,78.5652906,-11.76366817945535,-19.847,-2.831
2023,1,MARREDPALLY,7,239,239,10.0,0.0,204407.5,11663872.3,9196.0,17.4507936,78.5048972,-12.47414140833292,-21.362,12.404
2023,1,MARUTHINAGAR,10,161,160,1.0,1.0,772512.48,12033690.05,7237.0,17.373499742570825,78.54268265383173,-15.115934266731193,-24.0,38.681
2023,1,MEERPET,20,55,55,17.0,6.0,2099427.15,2834703.55,9864.0,17.4546432,78.5715499,-6.441468392795172,-59.023,1.0
2023,1,MEHIDIPATNAM,3,54,54,10.0,0.0,404196.32,15874853.1,6575.0,17.399943921854806,78.43451065196552,-1.2240510318391513,-3.314,1.0
2023,1,METTUGUDA,7,40,40,4.0,0.0,93039.33,7663819.75,4460.0,17.4355036,78.5195573,-12.47414140833292,-21.362,12.404
2023,1,MIYAPUR,15,348,348,26.0,5.0,739709.08,19080865.95,7369.0,17.4981608,78.3567628,-7.088238213409196,-15.663,-1.104
2023,1,MOGHULPURA,1,2,2,8.0,0.0,580779.16,11635404.85,6259.0,17.3595023,78.4767749,-4.981351632256168,-19.652,1.0
2023,1,MOOSAPET,9,297,297,10.0,0.0,2280699.0,14565930.35,5669.0,17.4685307,78.4206695,-5.390432301805981,-9.201,-1.035
2023,1,MOOSARAMBAGH,2,59,59,9.0,1.0,682775.6,22190665.65,7827.0,17.3743532,78.5160835,-9.772093976293876,-15.772,8.35
2023,1,MOTI NAGAR,9,136,136,7.0,1.0,252859.01,10145352.8,5785.0,17.4508069,78.422242,-4.2143448867979,-7.86,1.0
2023,1,MUSHEERABAD,5,82,82,5.0,0.0,269991.8,16435817.55,5315.0,17.4191423,78.4985732,-6.740992341257842,-8.752,-0.051
2023,1,NACHARAM,14,106,106,20.0,9.0,7185091.67,28750626.08,10927.0,17.4284936,78.5528098,-2.2643061664055764,-6.6,31.337
2023,1,NAGARAM,19,5,5,47.0,11.0,1518503.47,2852622.0,10243.0,17.4910113,78.613677,-3.9776102214750892,-28.936,-0.751
2023,1,NAGOLE,34,8,8,12.0,5.0,266561.6,14784778.2,7692.0,17.3775306,78.5601231,-8.68556577870009,-15.552,1.0
2023,1,NALLAGANDLA,15,3,3,40.0,14.0,2263245.12,34657970.79,8557.0,17.4774828,78.3060359,-29.150105105964958,-58.481,-4.338
2023,1,NALLAGUTTA,7,22,22,4.0,0.0,1289977.3,12250862.75,4753.0,17.4384334,78.4825328,-1.9424732071532318,-2.693,-0.068
2023,1,NARAYANGUDA,5,196,196,3.0,0.0,3453352.98,24547242.55,7167.0,17.3981159,78.4885006,-2.1866529029494384,-4.994,1.0
2023,1,NGO COLONY,34,21,21,4.0,0.0,237130.07,14475453.05,5599.0,17.327964,78.5657291,-8.534793235350607,-12.209,-3.889
2023,1,NIZAMPET,23,1500,1500,19.0,2.0,4225168.75,5038168.0,4371.0,17.4945061,78.4000017,-46.34703747538678,-48.923,38.884
2023,1,OLD MALLEPALLY,3,6,6,9.0,7.0,50082.0,4273048.85,3831.0,17.386722270354426,78.45715718205514,-5.100407564636875,-8.085,-1.774
2023,1,PATANCHERU,15,1,1,16.0,8.0,903.0,26419400.65,7009.0,17.5286092,78.2674254,-15.572393745172485,-19.944,-9.782
2023,1,PEDDA AMBERPET,22,2,2,33.0,12.0,1006203.58,6543331.4,9408.0,17.3172848,78.6384505,-13.164451668738684,-102.918,-4.079
2023,1,PEERJADIGUDA,19,215,215,79.0,16.0,1726252.52,3398227.2,15920.0,17.4078747,78.6022666,-11.641342145249197,-19.598,24.579
2023,1,PRAGATHINAGAR,23,1318,1318,8.0,1.0,1541732.95,1775264.05,6047.0,17.3985199,78.5411934,-17.80370829758031,-23.95,-4.554
2023,1,PRAKASHNAGAR,7,154,154,9.0,0.0,3564722.44,29518450.05,9511.0,17.4426888,78.4705479,-1.9424732071532318,-2.693,-0.068
2023,1,RADHIKA,14,75,74,28.0,15.0,436119.23,14522871.7,9816.0,17.4771342,78.563299,-11.611257318416774,-13.556,-0.07
2023,1,RAMACHANDRAPURAM,15,9,9,7.0,1.0,334878.95,14501080.35,7815.0,17.5086345,78.3018685,-10.108599999483703,-48.466,12.475
2023,1,RAMANTHAPUR,5,83,83,33.0,7.0,1046449.77,39591296.15,20206.0,17.3885044,78.5371677,-17.80370829758031,-23.95,-4.554
2023,1,REGIMENTAL BAZAR,7,106,106,1.0,0.0,1312863.94,9699354.05,4295.0,17.4348324,78.5012557,-6.740992341257842,-8.752,-0.051
2023,1,RIYASATH NAGAR,33,1,1,7.0,1.0,79201.0,8120959.6,4937.0,17.3890675,78.4053603,-6.272660829945958,-16.898,-0.04
2023,1,S.P.R HILLS,6,45,45,6.0,0.0,102957.76,18842700.4,10599.0,17.446776445765586,78.41047091648177,-4.2143448867979,-7.86,1.0
2023,1,S.R.NAGAR,6,987,987,6.0,2.0,3522150.24,20498956.75,7044.0,17.4417071,78.4416081,-14.461797131758766,-44.338,1.0
2023,1,SAHEBNAGAR,10,102,102,53.0,14.0,322486.5,20118435.25,12201.0,17.3206264,78.5769132,-4.1107347863508155,-15.067,1.203
2023,1,SAIBABA NAGAR,14,50,50,30.0,12.0,64268.38,4531655.45,7095.0,17.4507229,78.4100017,-5.390432301805981,-9.201,-1.035
2023,1,SAIDABAD,2,29,29,2.0,0.0,283336.5,14232213.0,5891.0,17.359533,78.5147979,-9.772093976293876,-15.772,8.35
2023,1,SAINATHPURAM,13,132,132,28.0,5.0,121697.81,15208339.5,11098.0,17.475693,78.5515621,-2.63240210193732,-54.763,1.0
2023,1,SANTOSHNAGAR,2,4,4,2.0,0.0,464415.4,14184461.65,6090.0,17.3467185,78.5081947,-9.772093976293876,-15.772,8.35
2023,1,SAROORNAGAR,10,185,185,5.0,0.0,799656.3,21150956.65,6770.0,17.3611655,78.5387443,-36.09192193271679,-58.971,1.0
2023,1,SEETHAPALMANDI,7,74,74,8.0,4.0,164307.9,11810179.85,6169.0,17.425757541676237,78.51990378820871,-6.672931671786576,-12.052,1.0
2023,1,SHAIKPET,3,335,335,26.0,5.0,695526.09,36732522.7,8301.0,17.4057955,78.4006536,-6.043137507893525,-6.746,-0.009
2023,1,SHAPOORNAGAR,12,154,154,21.0,7.0,178742.9,14067871.65,8036.0,17.51707481088814,78.44358687789398,-6.350885176856137,-10.305,-2.767
2023,1,SHIVAM,5,51,51,7.0,1.0,520223.19,23305603.95,8943.0,17.3367947,78.6028951,-9.552658212982246,-46.221,1.0
2023,1,SOMAJIGUDA,6,654,654,2.0,1.0,4071927.4,20218200.15,6079.0,17.4255053,78.4585197,-6.267983222411594,-34.86,-1.588
2023,1,SRINIVAS NAGAR,7,89,89,6.0,2.0,209125.5,12683943.3,4794.0,17.4402595,78.4451055,-14.461797131758766,-44.338,1.0
2023,1,SUCHITRA,12,222,222,14.0,6.0,629946.33,43209686.15,8809.0,17.5024582,78.4839794,-16.764837433599137,-24.574,36.118
2023,1,SULEMAN NAGAR,16,39,39,13.0,7.0,57688.0,9826625.2,7510.0,17.3486936,78.4231173,-28.590051792067662,-58.82,-3.436
2023,1,SULTAN BAZAR,4,140,140,1.0,0.0,1868698.97,12250677.15,5784.0,17.3870437,78.4869648,-3.423985738728608,-11.371,1.0
2023,1,SURARAM,12,77,77,35.0,17.0,433466.2,9042135.45,10464.0,17.5360946,78.4186386,-5.1367885188728355,-18.138,-0.624
2023,1,TAPPA CHABUTRA,3,10,10,5.0,1.0,93426.0,4814036.45,5084.0,17.37851781010729,78.44605498735723,-5.100407564636875,-8.085,-1.774
2023,1,TARNAKA,7,323,323,4.0,0.0,9844854.38,18042114.26,5468.0,17.4285479,78.5379433,-2.2643061664055764,-6.6,31.337
2023,1,THATTIKHANA,6,592,592,31.0,2.0,8146294.22,39377992.8,10994.0,17.368368049566055,78.60318365434247,-19.009141170949153,-29.461,1.0
2023,1,TOLI CHOWK,3,182,182,11.0,2.0,409783.85,11704528.25,5031.0,17.399517081462932,78.41474423791212,-6.043137507893525,-6.746,-0.009
2023,1,TURKAYAMJAL,22,4,4,57.0,11.0,1857479.07,3520575.35,12103.0,17.2691643,78.5771279,-7.168004578346216,-10.471,-3.471
2023,1,UPPAL,14,102,102,36.0,8.0,553835.46,25356987.87,14482.0,17.4025091,78.5612562,-6.855199090082735,-16.385,1.0
2023,1,USHODAYA,12,57,57,11.0,2.0,67344.35,12930490.5,9647.0,17.384909,78.4388101,-5.100407564636875,-8.085,-1.774
2023,1,VAISHALINAGAR,10,49,49,42.0,1.0,503369.5,16778481.55,10092.0,17.338969152148117,78.54402440653747,-13.665723696483987,-15.8,-7.95
2023,1,VAJPAYEE NAGAR,13,47,47,20.0,12.0,174474.9,12552692.6,8791.0,17.493544000750763,78.45891297321583,-16.764837433599137,-24.574,36.118
2023,1,VANASTHALIPURAM,34,59,59,10.0,1.0,892463.53,20626316.1,7088.0,17.3303179,78.568278,-8.534793235350607,-12.209,-3.889
2023,1,VENGALRAONAGAR,6,298,298,8.0,1.0,1189298.83,29975072.71,8350.0,17.442176085833477,78.43833257797534,-14.461797131758766,-44.338,1.0
2023,1,VENKATAPURAM,13,58,58,27.0,16.0,125952.7,7289729.8,6809.0,17.496189,78.5043108,-8.97585561892137,-40.761,-6.248
2023,1,VIGYANPURI,5,26,26,4.0,0.0,3882133.59,11553843.65,4014.0,17.403003650874158,78.51134135120137,-2.1866529029494384,-4.994,1.0
2023,1,VIJAYNAGAR COLONY,3,322,322,6.0,0.0,1230620.73,20012516.65,6193.0,17.3442548,78.5412895,-13.665723696483987,-15.8,-7.95
2023,1,VINAY NAGAR,2,14,14,1.0,1.0,310415.25,10840709.15,5542.0,17.3515414,78.5111106,-9.772093976293876,-15.772,8.35
2023,1,VIVEKANANDA NAGAR,9,163,163,13.0,0.0,874765.87,38654545.45,7151.0,17.3627254,78.5293456,-36.09192193271679,-58.971,1.0
2023,1,YAPRAL,13,47,47,84.0,39.0,160629.0,5778441.4,6271.0,17.5030543,78.5407976,-6.247539089917872,-12.503,-0.354
2023,1,YELLAMMABANDA,9,298,298,42.0,19.0,78630.0,12897694.9,9576.0,17.5102678,78.4070824,-46.34703747538678,-48.923,38.884
2023,1,YELLAREDDYGUDA,6,332,332,14.0,0.0,1862796.19,27411155.4,8745.0,17.4333135,78.4415476,-14.461797131758766,-44.338,1.0
2023,1,ZIAGUDA,4,4,4,9.0,0.0,89483.0,8612694.65,5933.0,17.3658951,78.4503072,-6.23629193008042,-14.06,-2.04
2023,2,ADARSHNAGAR,12,22,22,8.0,4.0,11572480.07,15446780.18,5883.0,17.404546984247553,78.47358389715174,-4.225103036755199,-6.03,25.278
2023,2,ADIKMET,5,88,88,3.0,0.0,767674.03,4208197.35,2931.0,17.4095495,78.5130943,-6.672931671786576,-12.052,1.0
2023,2,AHMED NAGAR,3,158,158,2.0,0.0,7251.0,1401909.05,2906.0,17.404066,78.4442286,-1.2240510318391513,-3.314,1.0
2023,2,ALIABAD,33,1,1,14.0,1.0,154564.0,2224537.3,6411.0,17.34563,78.4726799,-4.981351632256168,-19.652,1.0
2023,2,ALKAPURI,10,208,208,12.0,1.0,1486914.98,9073955.55,8320.0,17.3662342,78.5549781,-15.115934266731193,-24.0,38.681
2023,2,ALLABANDA,4,2,2,6.0,4.0,92551.0,1670501.9,7805.0,17.3803134,78.4577022,-5.100407564636875,-8.085,-1.774
2023,2,ALWAL,13,40,40,13.0,0.0,33614021.34,40455729.55,8822.0,17.5022292,78.5088584,-4.221987933535047,-6.62,-1.252
2023,2,AMEENPUR,24,1,1,49.0,27.0,11679594.44,11882450.55,6832.0,17.5236905,78.3317297,-1.7808493513536299,-2.91,-0.787
2023,2,ASIF NAGAR,3,11,11,7.0,2.0,295399.0,3322207.1,5405.0,17.3857483,78.4505083,-5.100407564636875,-8.085,-1.774
2023,2,ASMANGARH,2,73,73,,,819270.38,5122723.95,5575.0,17.36850992532914,78.51429549554615,-9.772093976293876,-15.772,8.35
2023,2,ATTAPUR,16,85,85,38.0,21.0,394701.0,4148517.05,8743.0,17.3672244,78.4307278,-7.357040143594367,-8.99,1.0
2023,2,AUTONAGAR,34,74,74,67.0,30.0,1767609.88,9749730.3,10141.0,17.3356141,78.5792031,-18.449006726509495,-54.592,-0.173
2023,2,AZAMABAD,5,317,317,9.0,1.0,1212748.23,6846696.55,11028.0,17.4040194,78.5043767,-2.1866529029494384,-4.994,1.0
2023,2,AZAMPURA,2,4,4,2.0,0.0,245522.73,2371583.95,4920.0,17.3761935,78.490874,-3.423985738728608,-11.371,1.0
2023,2,B.N.REDDY NAGAR,34,23,23,20.0,8.0,388640.81,8651228.15,7039.0,17.321914,78.5597937,-8.534793235350607,-12.209,-3.889
2023,2,BACHUPALLY,23,12,12,41.0,6.0,7358368.2,9162739.1,3796.0,17.536648,78.3644736,-77.33563988117173,-83.42,20.074
2023,2,BADANGPET,20,13,13,120.0,30.0,3831515.57,6102476.5,20319.0,17.3383467,78.5222127,-13.665723696483987,-15.8,-7.95
2023,2,BAGH LINGAMPALLY,5,283,283,3.0,0.0,573037.99,5521230.1,6107.0,17.3974359,78.4979706,-2.1866529029494384,-4.994,1.0
2023,2,BAHADURPURA,1,2,2,8.0,0.0,4310888.4,6007970.36,5922.0,17.3570672,78.4545419,-4.981351632256168,-19.652,1.0
2023,2,BALAJINAGAR,9,1215,1215,4.0,0.0,1998881.76,8487814.1,7806.0,17.5149256,78.560679,-7.086502418049685,-10.359,1.0
2023,2,BALANAGAR,9,31,31,4.0,0.0,2080684.32,6140065.88,10809.0,17.4768224,78.4219645,-40.21863524752012,-59.528,-11.334
2023,2,BALAPUR,33,1,1,10.0,2.0,487333.75,1954804.8,5772.0,17.307521,78.5053298,-12.123256123445776,-15.781,1.0
2023,2,BANDLAGUDA,33,9,9,68.0,34.0,91068.8,5718430.1,7516.0,17.3714879,78.5727265,-19.009141170949153,-29.461,1.0
2023,2,BANJARA HILLS,6,2200,2200,18.0,0.0,14447401.11,24152579.7,10851.0,17.4177464,78.4399014,-6.267983222411594,-34.86,-1.588
2023,2,BARKATPURA,5,113,113,4.0,0.0,1452005.09,6020031.65,6439.0,17.3926121,78.4969683,-2.1866529029494384,-4.994,1.0
2023,2,BEERAMGUDA,24,6,6,61.0,4.0,2091689.48,2255590.8,9459.0,17.5091218,78.3004614,-10.108599999483703,-48.466,12.475
2023,2,BHAGATSINGH NAGAR,12,32,32,5.0,1.0,207290.8,3070965.16,5309.0,17.49324711103568,78.38735077021973,-21.42419514433048,-104.503,-11.263
2023,2,BHAGYANAGAR,9,1116,1116,24.0,0.0,3615915.07,22535770.9,6136.0,17.4076662,78.4957155,-2.1866529029494384,-4.994,1.0
2023,2,BHARATHNAGAR,9,284,284,16.0,0.0,279202.78,4558844.2,6549.0,17.3478913,78.55648,-11.76366817945535,-19.847,-2.831
2023,2,BODUPPAL,19,123,123,136.0,33.0,3036992.4,6079490.8,24375.0,17.3988408,78.5366218,-17.80370829758031,-23.95,-4.554
2023,2,BOIGUDA,7,105,105,11.0,3.0,258663.91,2637603.35,5641.0,17.4286363,78.4969962,-6.740992341257842,-8.752,-0.051
2023,2,BORABANDA,6,127,127,3.0,1.0,203597.6,2778773.7,7113.0,17.4590687,78.4078664,-5.390432301805981,-9.201,-1.035
2023,2,BOUDHANAGAR,7,62,62,2.0,0.0,167156.81,5085354.0,6418.0,17.4160319,78.517419,-6.672931671786576,-12.052,1.0
2023,2,BUDVEL,16,92,92,19.0,1.0,3479614.52,6343884.83,7311.0,17.33298,78.406191,-8.60961196694741,-20.379,1.0
2023,2,CHANCHALGUDA,2,24,24,2.0,0.0,233618.73,2882862.35,5459.0,17.3673732,78.4965799,-9.772093976293876,-15.772,8.35
2023,2,CHANDA NAGAR,15,346,346,12.0,0.0,2981521.98,10774292.5,8790.0,17.4534764,78.3943669,-5.798614192233966,-10.565,-3.21
2023,2,CHANUDLAL BHARADARI,1,3,3,6.0,0.0,481651.77,3069175.7,8558.0,17.35207924290198,78.45954822278678,-4.981351632256168,-19.652,1.0
2023,2,CHANUKYAPURI,13,106,100,18.0,1.0,630172.06,15019227.86,11820.0,17.35903320948377,78.5617337593459,-11.76366817945535,-19.847,-2.831
2023,2,CHERLAPALLY,14,33,33,23.0,5.0,224161.61,3393658.55,8202.0,17.4687455,78.6024858,-3.9776102214750892,-28.936,-0.751
2023,2,CHINTAL,12,39,39,14.0,4.0,8677897.58,16026311.45,9602.0,17.5021756,78.440609,-6.350885176856137,-10.305,-2.767
2023,2,CHINTAL BASTHI,3,191,191,6.0,1.0,799412.63,4606577.8,5178.0,17.4073576,78.4567152,-1.2240510318391513,-3.314,1.0
2023,2,DARUL SHIFA,1,1,1,2.0,0.0,537159.2,2553081.0,6264.0,17.366904,78.481078,-3.423985738728608,-11.371,1.0
2023,2,DEEPTHISRI NAGAR,15,478,478,35.0,1.0,1942209.64,11894029.5,4998.0,17.50066559761306,78.33937200961574,-1.7808493513536299,-2.91,-0.787
2023,2,DEFENCE COLONY,13,137,137,19.0,5.0,399035.55,10307318.0,11573.0,17.3176682,78.6117136,-9.552658212982246,-46.221,1.0
2023,2,DHAMMAIGUDA,19,4,4,142.0,36.0,236442.26,1013375.2,10517.0,17.4989069255254,78.59838586027956,-19.770034480776104,-59.541,14.483
2023,2,DILSHUKNAGAR,10,47,47,6.0,2.0,1309313.59,9971553.15,6069.0,17.3710329,78.5254623,-36.09192193271679,-58.971,1.0
2023,2,DOMALGUDA,5,31,31,4.0,0.0,931187.35,6053628.1,5458.0,17.4078455,78.4850003,-4.225103036755199,-6.03,25.278
2023,2,ERRAGADDA,6,162,162,10.0,1.0,1024090.56,10032136.35,6676.0,17.4487999,78.4356074,-4.2143448867979,-7.86,1.0
2023,2,FATHENAGAR,6,267,267,7.0,1.0,4535024.25,10775440.25,7680.0,17.4598339,78.4525504,-4.2143448867979,-7.86,1.0
2023,2,FATHER BALAIAHNAGAR,13,553,553,24.0,4.0,367597.39,8569424.4,5926.0,17.50818327428803,78.4937064516262,-16.764837433599137,-24.574,36.118
2023,2,FILM NAGAR,6,416,416,6.0,0.0,6383522.43,11482011.14,7940.0,17.4140574,78.4105031,-6.043137507893525,-6.746,-0.009
2023,2,GACHIBOWLI,15,1289,1289,63.0,9.0,28776841.6,50293378.13,6498.0,17.4436222,78.3519638,-7.851808252285321,-13.636,1.0
2023,2,GAJULARAMARAM,12,114,114,118.0,43.0,750019.37,14761150.35,7949.0,17.5271759,78.4200077,-5.1367885188728355,-18.138,-0.624
2023,2,GANDHINAGAR,5,430,430,4.0,0.0,1180385.27,4501128.79,5999.0,17.4077928,78.4925707,-4.225103036755199,-6.03,25.278
2023,2,GAYATRI NAGAR,9,533,533,32.0,3.0,803670.79,6434270.8,6816.0,17.4566764,78.4035867,-5.798614192233966,-10.565,-3.21
2023,2,GODE-KI-KABAR,4,13,13,,,311499.25,3575926.45,7862.0,17.376976148401162,78.46196399554636,-5.100407564636875,-8.085,-1.774
2023,2,GOLCONDA,3,11,11,2.0,0.0,7139400.5,8921947.44,5885.0,17.3873294,78.4057336,-6.272660829945958,-16.898,-0.04
2023,2,GOWLIGUDA,4,16,16,1.0,0.0,937101.5,5255621.6,4791.0,17.377643,78.4787716,-3.423985738728608,-11.371,1.0
2023,2,GOWTHAM NAGAR,13,109,93,8.0,1.0,660198.63,10665027.9,8014.0,17.4539263,78.527344,-4.236881728429952,-6.098,1.0
2023,2,GUNDLAPOCHAMPALLY,25,1,1,1.0,0.0,338334.5,-14782448.2,1822.0,17.568913,78.480271,-12.080203428747952,-41.208,-9.662
2023,2,GUNFOUNDRY,4,234,234,4.0,0.0,3306967.17,4755812.6,3780.0,17.3936441,78.4756654,-3.3423306430785304,-5.452,1.0
2023,2,HAFEEZPET,15,4233,4233,31.0,10.0,2928202.66,29737403.25,6578.0,17.4834409,78.3611316,-17.663445787684253,-26.918,1.0
2023,2,HAKEEMPET,3,98,98,5.0,0.0,182288.61,-36592378.35,4478.0,17.4056403,78.4178824,-6.043137507893525,-6.746,-0.009
2023,2,HASMATHPET,9,339,339,15.0,1.0,2109898.12,8474857.75,10051.0,17.4758254,78.4847371,-1.3120815705640303,-1.67,1.0
2023,2,HASSAN NAGAR,1,1,1,1.0,0.0,47426.0,1367851.18,4465.0,17.336155,78.44363,-28.06282154849126,-35.473,1.0
2023,2,HOUSING BOARD,14,25,21,25.0,8.0,229547.81,4708904.85,9338.0,17.4922068,78.3973638,-21.42419514433048,-104.503,-11.263
2023,2,HUBSIGUDA,14,209,209,15.0,1.0,6519942.73,9387637.68,6965.0,17.412012724821263,78.54561665602095,-7.538105379814497,-8.769,-2.539
2023,2,HYDERGUDA,16,297,297,41.0,12.0,662432.68,8201042.34,6414.0,17.4012791,78.4804894,-4.225103036755199,-6.03,25.278
2023,2,JAGATHGIRIGUTTA,12,107,107,48.0,19.0,333860.81,4016136.3,11396.0,17.4993176,78.4226016,-5.1367885188728355,-18.138,-0.624
2023,2,JAHANUMA,33,2,2,17.0,0.0,186524.9,2260810.4,6142.0,17.3433524,78.4614644,-4.981351632256168,-19.652,1.0
2023,2,JALPALLY,20,6,6,212.0,30.0,106023.5,-80103.45,13942.0,17.3061541,78.4738589,-7.546780559786242,-12.3,-1.008
2023,2,JANGAMMET,33,2,2,,,110250.89,1762565.65,4789.0,17.336251,78.4744044,-12.123256123445776,-15.781,1.0
2023,2,JAWAHARNAGAR,25,3,3,843.0,348.0,3391651.84,4553239.2,15303.0,17.437754,78.4845463,-1.9424732071532318,-2.693,-0.068
2023,2,JEEDIMETLA,12,59,59,31.0,5.0,4141731.56,9782406.45,8413.0,17.519687,78.4468876,-6.350885176856137,-10.305,-2.767
2023,2,JILLELAGUDA,20,7,7,30.0,4.0,1040447.1,1374013.0,4930.0,17.3376801,78.5322366,-13.665723696483987,-15.8,-7.95
2023,2,JUBILEE HILLS,6,1928,1928,14.0,0.0,3337003.86,8717231.35,6632.0,17.4308362,78.4102882,-6.043137507893525,-6.746,-0.009
2023,2,KAKATIYA NAGAR,3,123,123,8.0,2.0,386339.82,3730125.55,3997.0,17.4785837,78.5406026,-12.484480768704271,-19.217,1.0
2023,2,KAMALANAGAR,34,53,53,22.0,4.0,489121.83,9911337.6,7910.0,17.4728043,78.566675,-9.045252142363507,-29.864,-0.004
2023,2,KARWAN,3,11,11,5.0,1.0,233999.75,3600150.95,6685.0,17.376013,78.4331894,-7.357040143594367,-8.99,1.0
2023,2,KATEDAN,16,2,2,34.0,15.0,251404.75,3828492.55,7015.0,17.3026835,78.4398207,-1.2653078280464742,-3.218,-0.732
2023,2,KISHAN BAGH,1,2,2,7.0,0.0,193815.42,1409574.4,5053.0,17.3575261,78.44485,-4.981351632256168,-19.652,1.0
2023,2,KISMATHPUR,18,417,417,147.0,24.0,2096848.15,4649633.35,13684.0,17.3343045,78.3936455,-14.163095030058026,-19.578,-7.69
2023,2,KONDAPUR,15,7081,7063,81.0,20.0,5276757.64,19173046.3,7906.0,17.4587912,78.3730556,-9.15338763082218,-13.794,-3.253
2023,2,KOTHAPETA,10,63,63,11.0,2.0,507058.86,9565292.55,7233.0,17.367222832295177,78.545668383567,-15.115934266731193,-24.0,38.681
2023,2,KPHB,9,2613,2613,21.0,4.0,6394501.18,-4920665275.0,9511.0,17.4939602,78.4008412,-46.34703747538678,-48.923,38.884
2023,2,KUKATPALLY,9,154,154,18.0,0.0,2011941.68,12548387.0,6772.0,17.4930841,78.4054408,-46.34703747538678,-48.923,38.884
2023,2,L.B.NAGAR,34,22,22,18.0,8.0,855102.65,9241027.6,6199.0,17.349846,78.5479412,-36.09192193271679,-58.971,1.0
2023,2,LALAPET,7,37,37,10.0,5.0,3979003.6,5780010.95,6284.0,17.4388301,78.54187,-2.2643061664055764,-6.6,31.337
2023,2,LANGER HOUSE,3,24,24,5.0,0.0,754897.45,3626782.0,7644.0,17.37331,78.41387,-6.272660829945958,-16.898,-0.04
2023,2,LINGOJIGUDA,10,50,50,3.0,0.0,675758.16,7428789.75,7815.0,17.3478809,78.5364577,-36.09192193271679,-58.971,1.0
2023,2,MACHABOLLARAM,13,54,54,61.0,12.0,168866.7,7594807.45,6267.0,17.513866,78.5137342,-4.221987933535047,-6.62,-1.252
2023,2,MADANNAPET,2,3,3,4.0,0.0,150505.8,2102542.45,5891.0,17.3585578,78.4971064,-9.772093976293876,-15.772,8.35
2023,2,MADHAPUR,15,6344,6310,114.0,27.0,50007075.89,82493675.15,12962.0,17.4408924,78.3916304,-5.798614192233966,-10.565,-3.21
2023,2,MAILERDEV PALLY,16,11,11,20.0,8.0,187970.13,7140549.4,7055.0,17.31916516561942,78.44588448683878,-7.546780559786242,-12.3,-1.008
2023,2,MALAKPET,2,20,20,3.0,1.0,756055.3,2402173.15,5147.0,17.3736706,78.4996484,-9.772093976293876,-15.772,8.35
2023,2,MANIKONDA,18,1690,1689,135.0,8.0,6901840.39,7171956.8,8514.0,17.3999951,78.3861689,-8.64049553514247,-16.362,1.0
2023,2,MANSOORABAD,34,42,42,17.0,2.0,656640.58,7813875.9,5773.0,17.3541765,78.5652906,-11.76366817945535,-19.847,-2.831
2023,2,MARREDPALLY,7,287,287,12.0,1.0,706416.5,4025930.3,9196.0,17.4507936,78.5048972,-12.47414140833292,-21.362,12.404
2023,2,MARUTHINAGAR,10,188,188,7.0,0.0,1150213.91,6871655.2,7237.0,17.373499742570825,78.54268265383173,-15.115934266731193,-24.0,38.681
2023,2,MEERPET,20,58,58,23.0,3.0,1729020.24,2769579.65,9864.0,17.4546432,78.5715499,-6.441468392795172,-59.023,1.0
2023,2,MEHIDIPATNAM,3,105,105,13.0,0.0,618234.77,3693044.5,6575.0,17.399943921854806,78.43451065196552,-1.2240510318391513,-3.314,1.0
2023,2,METTUGUDA,7,67,67,3.0,0.0,123826.0,2297942.5,4460.0,17.4355036,78.5195573,-12.47414140833292,-21.362,12.404
2023,2,MISRIGUNJ,1,1,1,3.0,0.0,228375.7,2211509.6,4347.0,17.350101211439146,78.45939390321827,-4.981351632256168,-19.652,1.0
2023,2,MIYAPUR,15,446,446,42.0,12.0,1070282.97,24048549.0,7369.0,17.4981608,78.3567628,-7.088238213409196,-15.663,-1.104
2023,2,MOGHULPURA,1,1,1,3.0,0.0,324658.03,2504768.1,6259.0,17.3595023,78.4767749,-4.981351632256168,-19.652,1.0
2023,2,MOOSAPET,9,346,345,12.0,3.0,2400776.7,29871714.45,5669.0,17.4685307,78.4206695,-5.390432301805981,-9.201,-1.035
2023,2,MOOSARAMBAGH,2,163,163,3.0,1.0,1099810.29,8737944.4,7827.0,17.3743532,78.5160835,-9.772093976293876,-15.772,8.35
2023,2,MOTI NAGAR,9,121,121,11.0,0.0,216546.58,3701884.8,5785.0,17.4508069,78.422242,-4.2143448867979,-7.86,1.0
2023,2,MUSHEERABAD,5,112,112,3.0,0.0,424574.4,11928386.55,5315.0,17.4191423,78.4985732,-6.740992341257842,-8.752,-0.051
2023,2,MYSARAM,33,1,1,11.0,2.0,19110463.7,20805631.2,5969.0,17.318186408097194,78.48361779724075,-12.123256123445776,-15.781,1.0
2023,2,NACHARAM,14,129,128,20.0,6.0,6701148.57,11726262.18,10927.0,17.4284936,78.5528098,-2.2643061664055764,-6.6,31.337
2023,2,NAGARAM,19,2,2,58.0,20.0,1332262.95,3203918.8,10243.0,17.4910113,78.613677,-3.9776102214750892,-28.936,-0.751
2023,2,NAGOLE,34,10,10,23.0,6.0,174748.72,5767271.75,7692.0,17.3775306,78.5601231,-8.68556577870009,-15.552,1.0
2023,2,NALLAGANDLA,15,8,8,37.0,8.0,2631495.07,13514912.76,8557.0,17.4774828,78.3060359,-29.150105105964958,-58.481,-4.338
2023,2,NALLAGUTTA,7,66,66,8.0,0.0,1169841.24,2965180.05,4753.0,17.4384334,78.4825328,-1.9424732071532318,-2.693,-0.068
2023,2,NARAYANGUDA,5,301,301,6.0,0.0,4118991.41,9033190.6,7167.0,17.3981159,78.4885006,-2.1866529029494384,-4.994,1.0
2023,2,NGO COLONY,34,51,51,7.0,2.0,469148.34,8302863.4,5599.0,17.327964,78.5657291,-8.534793235350607,-12.209,-3.889
2023,2,NIZAMPET,23,1716,1716,28.0,4.0,4279113.7,4016110.3,4371.0,17.4945061,78.4000017,-46.34703747538678,-48.923,38.884
2023,2,OLD MALLEPALLY,3,34,34,3.0,0.0,51912.0,1272164.65,3831.0,17.386722270354426,78.45715718205514,-5.100407564636875,-8.085,-1.774
2023,2,PATHERGATTI,1,2,2,6.0,1.0,1853471.09,4804976.7,4778.0,17.3659836,78.4754866,-3.423985738728608,-11.371,1.0
2023,2,PEDDA AMBERPET,22,2,2,56.0,17.0,900596.92,4220695.35,9408.0,17.3172848,78.6384505,-13.164451668738684,-102.918,-4.079
2023,2,PEERJADIGUDA,19,325,325,98.0,14.0,1335574.61,2794641.05,15920.0,17.4078747,78.6022666,-11.641342145249197,-19.598,24.579
2023,2,POCHARAM,19,2,2,66.0,35.0,243354.52,396677.0,8427.0,17.1766905,78.6024034,-7.168004578346216,-10.471,-3.471
2023,2,PRAGATHINAGAR,23,1863,1863,20.0,3.0,1652357.51,4477570.8,6047.0,17.3985199,78.5411934,-17.80370829758031,-23.95,-4.554
2023,2,PRAKASHNAGAR,7,202,202,7.0,2.0,3699396.79,15376998.65,9511.0,17.4426888,78.4705479,-1.9424732071532318,-2.693,-0.068
2023,2,RADHIKA,14,102,102,18.0,2.0,479834.55,8748228.65,9816.0,17.4771342,78.563299,-11.611257318416774,-13.556,-0.07
2023,2,RAMACHANDRAPURAM,15,3,3,4.0,1.0,772052.32,4425657.75,7815.0,17.5086345,78.3018685,-10.108599999483703,-48.466,12.475
2023,2,RAMANTHAPUR,5,206,206,32.0,7.0,1779802.23,8109696.75,20206.0,17.3885044,78.5371677,-17.80370829758031,-23.95,-4.554
2023,2,REGIMENTAL BAZAR,7,147,147,1.0,0.0,1368885.57,2820318.75,4295.0,17.4348324,78.5012557,-6.740992341257842,-8.752,-0.051
2023,2,RIYASATH NAGAR,33,2,2,3.0,0.0,144344.2,1631170.25,4937.0,17.3890675,78.4053603,-6.272660829945958,-16.898,-0.04
2023,2,S.P.R HILLS,6,148,148,14.0,2.0,180561.65,2933771.4,10599.0,17.446776445765586,78.41047091648177,-4.2143448867979,-7.86,1.0
2023,2,S.R.NAGAR,6,1563,1562,6.0,1.0,3963749.11,8947915.75,7044.0,17.4417071,78.4416081,-14.461797131758766,-44.338,1.0
2023,2,SAHEBNAGAR,10,169,169,61.0,6.0,559185.84,10807808.75,12201.0,17.3206264,78.5769132,-4.1107347863508155,-15.067,1.203
2023,2,SAIBABA NAGAR,14,61,61,28.0,6.0,31535.2,1687248.5,7095.0,17.4507229,78.4100017,-5.390432301805981,-9.201,-1.035
2023,2,SAIDABAD,2,85,85,7.0,0.0,497584.75,5702126.35,5891.0,17.359533,78.5147979,-9.772093976293876,-15.772,8.35
2023,2,SAINATHPURAM,13,144,141,24.0,3.0,276050.38,7804474.05,11098.0,17.475693,78.5515621,-2.63240210193732,-54.763,1.0
2023,2,SANTOSHNAGAR,2,5,5,2.0,0.0,569503.02,2817448.2,6090.0,17.3467185,78.5081947,-9.772093976293876,-15.772,8.35
2023,2,SAROORNAGAR,10,175,175,5.0,1.0,1021122.57,10005448.7,6770.0,17.3611655,78.5387443,-36.09192193271679,-58.971,1.0
2023,2,SEETHAPALMANDI,7,112,112,5.0,1.0,247394.0,4143373.85,6169.0,17.425757541676237,78.51990378820871,-6.672931671786576,-12.052,1.0
2023,2,SHAIKPET,3,826,826,26.0,7.0,959956.1,8334150.58,8301.0,17.4057955,78.4006536,-6.043137507893525,-6.746,-0.009
2023,2,SHAPOORNAGAR,12,140,140,16.0,4.0,373205.14,4238676.35,8036.0,17.51707481088814,78.44358687789398,-6.350885176856137,-10.305,-2.767
2023,2,SHIVAM,5,155,155,7.0,0.0,1503023.13,4027697.4,8943.0,17.3367947,78.6028951,-9.552658212982246,-46.221,1.0
2023,2,SOMAJIGUDA,6,806,806,3.0,0.0,5089697.05,9503392.55,6079.0,17.4255053,78.4585197,-6.267983222411594,-34.86,-1.588
2023,2,SRINIVAS NAGAR,7,143,143,4.0,2.0,294563.65,3049556.25,4794.0,17.4402595,78.4451055,-14.461797131758766,-44.338,1.0
2023,2,SUCHITRA,12,189,189,19.0,3.0,802985.83,17374960.95,8809.0,17.5024582,78.4839794,-16.764837433599137,-24.574,36.118
2023,2,SULEMAN NAGAR,16,46,46,19.0,9.0,117707.59,4131243.3,7510.0,17.3486936,78.4231173,-28.590051792067662,-58.82,-3.436
2023,2,SULTAN BAZAR,4,173,173,4.0,0.0,2117742.58,5911309.0,5784.0,17.3870437,78.4869648,-3.423985738728608,-11.371,1.0
2023,2,SURARAM,12,90,90,30.0,25.0,530166.33,7232603.2,10464.0,17.5360946,78.4186386,-5.1367885188728355,-18.138,-0.624
2023,2,TAPPA CHABUTRA,3,8,8,5.0,0.0,81814.31,1837441.3,5084.0,17.37851781010729,78.44605498735723,-5.100407564636875,-8.085,-1.774
2023,2,TARNAKA,7,366,366,,,10436938.52,18769965.41,5468.0,17.4285479,78.5379433,-2.2643061664055764,-6.6,31.337
2023,2,THATTIKHANA,6,821,821,18.0,1.0,7705410.81,13236946.0,10994.0,17.368368049566055,78.60318365434247,-19.009141170949153,-29.461,1.0
2023,2,TOLI CHOWK,3,284,284,18.0,1.0,439568.67,3631041.96,5031.0,17.399517081462932,78.41474423791212,-6.043137507893525,-6.746,-0.009
2023,2,TURKAYAMJAL,22,2,2,111.0,33.0,1588691.33,4333570.05,12103.0,17.2691643,78.5771279,-7.168004578346216,-10.471,-3.471
2023,2,UPPAL,14,164,164,45.0,8.0,907034.98,4743833.52,14482.0,17.4025091,78.5612562,-6.855199090082735,-16.385,1.0
2023,2,USHODAYA,12,48,48,18.0,3.0,185752.6,3462941.7,9647.0,17.384909,78.4388101,-5.100407564636875,-8.085,-1.774
2023,2,VAISHALINAGAR,10,61,61,22.0,3.0,878958.46,16474914.0,10092.0,17.338969152148117,78.54402440653747,-13.665723696483987,-15.8,-7.95
2023,2,VAJPAYEE NAGAR,13,47,47,15.0,4.0,214784.25,7012059.55,8791.0,17.493544000750763,78.45891297321583,-16.764837433599137,-24.574,36.118
2023,2,VANASTHALIPURAM,34,91,91,20.0,8.0,1197221.3,10768897.25,7088.0,17.3303179,78.568278,-8.534793235350607,-12.209,-3.889
2023,2,VATTEPALLY,1,1,1,,,250232.0,1220134.3,4076.0,17.3305423,78.4621512,-4.981351632256168,-19.652,1.0
2023,2,VENGALRAONAGAR,6,487,487,10.0,1.0,1609830.08,5481511.8,8350.0,17.442176085833477,78.43833257797534,-14.461797131758766,-44.338,1.0
2023,2,VENKATAPURAM,13,60,60,14.0,3.0,328619.56,6812138.85,6809.0,17.496189,78.5043108,-8.97585561892137,-40.761,-6.248
2023,2,VIGYANPURI,5,33,33,3.0,1.0,3928426.13,5837345.05,4014.0,17.403003650874158,78.51134135120137,-2.1866529029494384,-4.994,1.0
2023,2,VIJAYNAGAR COLONY,3,364,364,4.0,0.0,1310609.41,4905930.25,6193.0,17.3442548,78.5412895,-13.665723696483987,-15.8,-7.95
2023,2,VINAY NAGAR,2,10,10,1.0,0.0,504839.84,4369262.1,5542.0,17.3515414,78.5111106,-9.772093976293876,-15.772,8.35
2023,2,VIVEKANANDA NAGAR,9,208,208,2.0,0.0,1021117.01,5856157.6,7151.0,17.3627254,78.5293456,-36.09192193271679,-58.971,1.0
2023,2,YAKATPURA,2,2,2,1.0,0.0,229631.18,1837484.9,7057.0,17.359093387793546,78.4853163967196,-9.772093976293876,-15.772,8.35
2023,2,YAPRAL,13,54,54,55.0,6.0,293889.16,7613780.95,6271.0,17.5030543,78.5407976,-6.247539089917872,-12.503,-0.354
2023,2,YELLAMMABANDA,9,375,375,70.0,33.0,175199.0,5528871.35,9576.0,17.5102678,78.4070824,-46.34703747538678,-48.923,38.884
2023,2,YELLAREDDYGUDA,6,414,414,6.0,0.0,1863546.18,17274668.3,8745.0,17.4333135,78.4415476,-14.461797131758766,-44.338,1.0
2023,3,ADARSHNAGAR,12,68,68,5.0,1.0,10981427.94,13185428.82,5883.0,17.404546984247553,78.47358389715174,-4.225103036755199,-6.03,25.278
2023,3,ADIKMET,5,103,99,1.0,1.0,820794.75,2749253.8,2931.0,17.4095495,78.5130943,-6.672931671786576,-12.052,1.0
2023,3,AHMED NAGAR,3,207,207,3.0,0.0,5766.5,616772.25,2906.0,17.404066,78.4442286,-1.2240510318391513,-3.314,1.0
2023,3,ALIABAD,33,5,5,10.0,2.0,173582.0,1253125.35,6411.0,17.34563,78.4726799,-4.981351632256168,-19.652,1.0
2023,3,ALKAPURI,10,297,297,13.0,4.0,1942458.96,5684088.25,8320.0,17.3662342,78.5549781,-15.115934266731193,-24.0,38.681
2023,3,ALLABANDA,4,4,4,3.0,0.0,178014.67,1657294.85,7805.0,17.3803134,78.4577022,-5.100407564636875,-8.085,-1.774
2023,3,ALWAL,13,42,42,27.0,4.0,44581722.18,37824795.6,8822.0,17.5022292,78.5088584,-4.221987933535047,-6.62,-1.252
2023,3,AMEENPUR,24,10,10,127.0,83.0,9029026.51,9297077.75,6832.0,17.5236905,78.3317297,-1.7808493513536299,-2.91,-0.787
2023,3,ASIF NAGAR,3,36,36,7.0,3.0,236584.9,2242798.4,5405.0,17.3857483,78.4505083,-5.100407564636875,-8.085,-1.774
2023,3,ASMANGARH,2,36,36,4.0,1.0,837139.31,2353366.2,5575.0,17.36850992532914,78.51429549554615,-9.772093976293876,-15.772,8.35
2023,3,ATTAPUR,16,182,182,55.0,32.0,567868.62,2681464.9,8743.0,17.3672244,78.4307278,-7.357040143594367,-8.99,1.0
2023,3,AUTONAGAR,34,65,65,60.0,1.0,1530585.67,11588903.77,10141.0,17.3356141,78.5792031,-18.449006726509495,-54.592,-0.173
2023,3,AZAMABAD,5,345,345,9.0,1.0,1123347.13,5014231.45,11028.0,17.4040194,78.5043767,-2.1866529029494384,-4.994,1.0
2023,3,B.N.REDDY NAGAR,34,29,29,22.0,4.0,568881.24,4422890.4,7039.0,17.321914,78.5597937,-8.534793235350607,-12.209,-3.889
2023,3,BACHUPALLY,23,46,46,30.0,0.0,9183570.9,8956352.65,3796.0,17.536648,78.3644736,-77.33563988117173,-83.42,20.074
2023,3,BADANGPET,20,16,16,141.0,33.0,4378454.03,6044330.9,20319.0,17.3383467,78.5222127,-13.665723696483987,-15.8,-7.95
2023,3,BAGH LINGAMPALLY,5,219,219,2.0,0.0,1219372.82,2880360.85,6107.0,17.3974359,78.4979706,-2.1866529029494384,-4.994,1.0
2023,3,BALAJINAGAR,9,1902,1901,4.0,0.0,2420455.09,8192871.95,7806.0,17.5149256,78.560679,-7.086502418049685,-10.359,1.0
2023,3,BALANAGAR,9,129,129,11.0,0.0,2590051.42,5415636.14,10809.0,17.4768224,78.4219645,-40.21863524752012,-59.528,-11.334
2023,3,BALAPUR,33,1,1,3.0,0.0,560471.7,1507039.55,5772.0,17.307521,78.5053298,-12.123256123445776,-15.781,1.0
2023,3,BANDLAGUDA,33,5,5,37.0,17.0,139090.0,1356334.25,7516.0,17.3714879,78.5727265,-19.009141170949153,-29.461,1.0
2023,3,BANJARA HILLS,6,3645,3644,10.0,0.0,13678131.56,19032465.25,10851.0,17.4177464,78.4399014,-6.267983222411594,-34.86,-1.588
2023,3,BARKATPURA,5,120,120,2.0,0.0,1404380.47,6940713.9,6439.0,17.3926121,78.4969683,-2.1866529029494384,-4.994,1.0
2023,3,BEERAMGUDA,24,13,13,82.0,64.0,2166740.08,2048014.0,9459.0,17.5091218,78.3004614,-10.108599999483703,-48.466,12.475
2023,3,BHAGATSINGH NAGAR,12,44,44,6.0,2.0,313113.13,1963686.68,5309.0,17.49324711103568,78.38735077021973,-21.42419514433048,-104.503,-11.263
2023,3,BHAGYANAGAR,9,2014,2014,19.0,0.0,3542621.06,13466836.25,6136.0,17.4076662,78.4957155,-2.1866529029494384,-4.994,1.0
2023,3,BHARATHNAGAR,9,289,287,15.0,1.0,479021.79,1953718.95,6549.0,17.3478913,78.55648,-11.76366817945535,-19.847,-2.831
2023,3,BODUPPAL,19,162,160,112.0,27.0,3952481.34,6618493.65,24375.0,17.3988408,78.5366218,-17.80370829758031,-23.95,-4.554
2023,3,BOIGUDA,7,81,81,4.0,1.0,300191.97,1586060.6,5641.0,17.4286363,78.4969962,-6.740992341257842,-8.752,-0.051
2023,3,BORABANDA,6,324,324,11.0,2.0,230136.94,2138599.95,7113.0,17.4590687,78.4078664,-5.390432301805981,-9.201,-1.035
2023,3,BOUDHANAGAR,7,36,36,2.0,0.0,235570.77,2593549.1,6418.0,17.4160319,78.517419,-6.672931671786576,-12.052,1.0
2023,3,BUDVEL,16,118,118,27.0,11.0,3578566.36,6080479.7,7311.0,17.33298,78.406191,-8.60961196694741,-20.379,1.0
2023,3,CHANCHALGUDA,2,5,5,5.0,0.0,3237890.59,2204382.75,5459.0,17.3673732,78.4965799,-9.772093976293876,-15.772,8.35
2023,3,CHANDA NAGAR,15,597,597,15.0,0.0,1440011.39,5409792.25,8790.0,17.4534764,78.3943669,-5.798614192233966,-10.565,-3.21
2023,3,CHANUDLAL BHARADARI,1,3,3,8.0,0.0,572076.77,2890503.7,8558.0,17.35207924290198,78.45954822278678,-4.981351632256168,-19.652,1.0
2023,3,CHANUKYAPURI,13,139,133,22.0,1.0,886638.79,6206597.69,11820.0,17.35903320948377,78.5617337593459,-11.76366817945535,-19.847,-2.831
2023,3,CHERLAPALLY,14,30,30,17.0,1.0,255730.0,4079537.6,8202.0,17.4687455,78.6024858,-3.9776102214750892,-28.936,-0.751
2023,3,CHINTAL,12,107,107,24.0,3.0,8169408.52,16113186.8,9602.0,17.5021756,78.440609,-6.350885176856137,-10.305,-2.767
2023,3,CHINTAL BASTHI,3,373,373,9.0,3.0,648758.28,3787341.15,5178.0,17.4073576,78.4567152,-1.2240510318391513,-3.314,1.0
2023,3,DEEPTHISRI NAGAR,15,904,904,35.0,5.0,1338078.75,5520722.05,4998.0,17.50066559761306,78.33937200961574,-1.7808493513536299,-2.91,-0.787
2023,3,DEFENCE COLONY,13,304,304,25.0,2.0,701690.27,6858084.45,11573.0,17.3176682,78.6117136,-9.552658212982246,-46.221,1.0
2023,3,DHAMMAIGUDA,19,9,9,127.0,64.0,453821.25,780226.1,10517.0,17.4989069255254,78.59838586027956,-19.770034480776104,-59.541,14.483
2023,3,DHOOD BOWLI,1,5,5,6.0,3.0,410138.44,1914304.55,6088.0,17.358865699843125,78.46540079693314,-4.981351632256168,-19.652,1.0
2023,3,DILSHUKNAGAR,10,61,61,6.0,4.0,1529941.67,5079607.4,6069.0,17.3710329,78.5254623,-36.09192193271679,-58.971,1.0
2023,3,DOMALGUDA,5,76,76,5.0,1.0,1181690.03,3369343.1,5458.0,17.4078455,78.4850003,-4.225103036755199,-6.03,25.278
2023,3,ERRAGADDA,6,602,602,10.0,2.0,1733367.13,4921324.6,6676.0,17.4487999,78.4356074,-4.2143448867979,-7.86,1.0
2023,3,FATHENAGAR,6,1367,1367,11.0,0.0,4156377.0,7603331.0,7680.0,17.4598339,78.4525504,-4.2143448867979,-7.86,1.0
2023,3,FATHER BALAIAHNAGAR,13,576,576,25.0,8.0,676155.83,6438223.95,5926.0,17.50818327428803,78.4937064516262,-16.764837433599137,-24.574,36.118
2023,3,FILM NAGAR,6,414,414,11.0,2.0,5783540.21,9675624.05,7940.0,17.4140574,78.4105031,-6.043137507893525,-6.746,-0.009
2023,3,GACHIBOWLI,15,1511,1509,50.0,9.0,29849786.95,39887186.8,6498.0,17.4436222,78.3519638,-7.851808252285321,-13.636,1.0
2023,3,GAJULARAMARAM,12,247,247,116.0,44.0,808545.09,3217029.95,7949.0,17.5271759,78.4200077,-5.1367885188728355,-18.138,-0.624
2023,3,GANDHINAGAR,5,371,371,6.0,1.0,1402244.91,3903228.3,5999.0,17.4077928,78.4925707,-4.225103036755199,-6.03,25.278
2023,3,GAYATRI NAGAR,9,846,845,51.0,6.0,842996.44,3276886.15,6816.0,17.4566764,78.4035867,-5.798614192233966,-10.565,-3.21
2023,3,GODE-KI-KABAR,4,27,27,4.0,0.0,353614.62,2828884.55,7862.0,17.376976148401162,78.46196399554636,-5.100407564636875,-8.085,-1.774
2023,3,GOLCONDA,3,20,20,4.0,1.0,14788459.04,7677592.57,5885.0,17.3873294,78.4057336,-6.272660829945958,-16.898,-0.04
2023,3,GOWLIGUDA,4,36,36,7.0,0.0,970647.5,5528515.5,4791.0,17.377643,78.4787716,-3.423985738728608,-11.371,1.0
2023,3,GOWTHAM NAGAR,13,137,131,5.0,0.0,810815.98,3926992.8,8014.0,17.4539263,78.527344,-4.236881728429952,-6.098,1.0
2023,3,GUNFOUNDRY,4,341,341,3.0,0.0,5077762.37,4426502.75,3780.0,17.3936441,78.4756654,-3.3423306430785304,-5.452,1.0
2023,3,HAFEEZPET,15,4346,4346,34.0,7.0,3568211.6,13783753.6,6578.0,17.4834409,78.3611316,-17.663445787684253,-26.918,1.0
2023,3,HAKEEMPET,3,176,172,2.0,0.0,191712.51,448280.45,4478.0,17.4056403,78.4178824,-6.043137507893525,-6.746,-0.009
2023,3,HASMATHPET,9,517,517,11.0,1.0,2643792.85,5199603.05,10051.0,17.4758254,78.4847371,-1.3120815705640303,-1.67,1.0
2023,3,HASSAN NAGAR,1,2,2,2.0,0.0,89759.0,1103142.4,4465.0,17.336155,78.44363,-28.06282154849126,-35.473,1.0
2023,3,HOUSING BOARD,14,35,31,13.0,3.0,306332.2,1858599.4,9338.0,17.4922068,78.3973638,-21.42419514433048,-104.503,-11.263
2023,3,HUBSIGUDA,14,276,276,9.0,0.0,5880784.67,7667453.46,6965.0,17.412012724821263,78.54561665602095,-7.538105379814497,-8.769,-2.539
2023,3,HYDERGUDA,16,562,562,44.0,7.0,1183143.38,4451383.88,6414.0,17.4012791,78.4804894,-4.225103036755199,-6.03,25.278
2023,3,JAGATHGIRIGUTTA,12,121,121,38.0,22.0,289993.58,2425216.8,11396.0,17.4993176,78.4226016,-5.1367885188728355,-18.138,-0.624
2023,3,JAHANUMA,33,2,2,10.0,2.0,239888.73,1363774.6,6142.0,17.3433524,78.4614644,-4.981351632256168,-19.652,1.0
2023,3,JALPALLY,20,3,3,195.0,45.0,232982.18,2339056.8,13942.0,17.3061541,78.4738589,-7.546780559786242,-12.3,-1.008
2023,3,JAWAHARNAGAR,25,8,8,707.0,401.0,3155572.35,4107261.2,15303.0,17.437754,78.4845463,-1.9424732071532318,-2.693,-0.068
2023,3,JEEDIMETLA,12,126,126,68.0,29.0,4744076.91,7120167.7,8413.0,17.519687,78.4468876,-6.350885176856137,-10.305,-2.767
2023,3,JILLELAGUDA,20,11,11,16.0,4.0,1139635.25,1377356.1,4930.0,17.3376801,78.5322366,-13.665723696483987,-15.8,-7.95
2023,3,JUBILEE HILLS,6,2989,2989,14.0,0.0,7770178.55,8025395.6,6632.0,17.4308362,78.4102882,-6.043137507893525,-6.746,-0.009
2023,3,KAKATIYA NAGAR,3,299,299,5.0,0.0,402568.76,2438892.1,3997.0,17.4785837,78.5406026,-12.484480768704271,-19.217,1.0
2023,3,KAMALANAGAR,34,88,88,27.0,5.0,553209.82,7076269.15,7910.0,17.4728043,78.566675,-9.045252142363507,-29.864,-0.004
2023,3,KANCHANBAGH,33,2,2,,,216771.29,1384795.0,6281.0,17.3280563,78.5001695,-12.123256123445776,-15.781,1.0
2023,3,KARWAN,3,23,23,12.0,4.0,382201.78,2292592.55,6685.0,17.376013,78.4331894,-7.357040143594367,-8.99,1.0
2023,3,KATEDAN,16,10,10,26.0,16.0,391850.08,2711559.65,7015.0,17.3026835,78.4398207,-1.2653078280464742,-3.218,-0.732
2023,3,KISHAN BAGH,1,3,3,2.0,0.0,192114.02,1259384.3,5053.0,17.3575261,78.44485,-4.981351632256168,-19.652,1.0
2023,3,KISMATHPUR,18,707,704,97.0,38.0,2070251.96,6093721.05,13684.0,17.3343045,78.3936455,-14.163095030058026,-19.578,-7.69
2023,3,KOMPALLY,25,2,2,30.0,7.0,1660899.8,2031017.05,4183.0,17.5354868,78.5096979,-4.171070941747054,-7.296,1.0
2023,3,KONDAPUR,15,8352,8351,95.0,39.0,5658458.9,4241354.3,7906.0,17.4587912,78.3730556,-9.15338763082218,-13.794,-3.253
2023,3,KOTHAPETA,10,92,92,15.0,0.0,704182.13,3403951.4,7233.0,17.367222832295177,78.545668383567,-15.115934266731193,-24.0,38.681
2023,3,KPHB,9,4025,4025,21.0,5.0,7107982.95,19723114.7,9511.0,17.4939602,78.4008412,-46.34703747538678,-48.923,38.884
2023,3,KUKATPALLY,9,235,235,15.0,2.0,2015612.0,4572116.5,6772.0,17.4930841,78.4054408,-46.34703747538678,-48.923,38.884
2023,3,L.B.NAGAR,34,29,29,15.0,2.0,1020692.08,7945718.6,6199.0,17.349846,78.5479412,-36.09192193271679,-58.971,1.0
2023,3,LALAPET,7,31,31,4.0,2.0,3804680.0,4296033.5,6284.0,17.4388301,78.54187,-2.2643061664055764,-6.6,31.337
2023,3,LANGER HOUSE,3,15,15,18.0,4.0,307948.73,2752478.95,7644.0,17.37331,78.41387,-6.272660829945958,-16.898,-0.04
2023,3,LINGOJIGUDA,10,52,52,5.0,1.0,893656.36,5319017.65,7815.0,17.3478809,78.5364577,-36.09192193271679,-58.971,1.0
2023,3,MACHABOLLARAM,13,94,94,64.0,6.0,594941.69,3941942.8,6267.0,17.513866,78.5137342,-4.221987933535047,-6.62,-1.252
2023,3,MADANNAPET,2,2,2,4.0,0.0,257293.99,2085403.85,5891.0,17.3585578,78.4971064,-9.772093976293876,-15.772,8.35
2023,3,MADHAPUR,15,8504,8504,120.0,22.0,44331029.74,58631716.48,12962.0,17.4408924,78.3916304,-5.798614192233966,-10.565,-3.21
2023,3,MAILERDEV PALLY,16,26,26,9.0,3.0,336401.35,2008915.05,7055.0,17.31916516561942,78.44588448683878,-7.546780559786242,-12.3,-1.008
2023,3,MALAKPET,2,18,18,1.0,1.0,776312.75,3363623.9,5147.0,17.3736706,78.4996484,-9.772093976293876,-15.772,8.35
2023,3,MANIKONDA,18,2194,2194,148.0,25.0,9689125.5,10306971.5,8514.0,17.3999951,78.3861689,-8.64049553514247,-16.362,1.0
2023,3,MANSOORABAD,34,100,100,10.0,1.0,655193.97,5026957.55,5773.0,17.3541765,78.5652906,-11.76366817945535,-19.847,-2.831
2023,3,MARREDPALLY,7,245,245,14.0,4.0,1394838.75,2289398.3,9196.0,17.4507936,78.5048972,-12.47414140833292,-21.362,12.404
2023,3,MARUTHINAGAR,10,176,176,9.0,0.0,1005617.95,5792794.9,7237.0,17.373499742570825,78.54268265383173,-15.115934266731193,-24.0,38.681
2023,3,MEERPET,20,87,87,28.0,10.0,2205555.27,2409014.6,9864.0,17.4546432,78.5715499,-6.441468392795172,-59.023,1.0
2023,3,MEHIDIPATNAM,3,261,261,12.0,1.0,718151.31,5774011.6,6575.0,17.399943921854806,78.43451065196552,-1.2240510318391513,-3.314,1.0
2023,3,METTUGUDA,7,55,55,3.0,0.0,175099.45,4553372.55,4460.0,17.4355036,78.5195573,-12.47414140833292,-21.362,12.404
2023,3,MISRIGUNJ,1,4,4,3.0,0.0,255188.38,1287200.45,4347.0,17.350101211439146,78.45939390321827,-4.981351632256168,-19.652,1.0
2023,3,MIYAPUR,15,586,586,33.0,14.0,1797725.86,9435688.9,7369.0,17.4981608,78.3567628,-7.088238213409196,-15.663,-1.104
2023,3,MOGHULPURA,1,1,1,6.0,0.0,301518.64,2088460.45,6259.0,17.3595023,78.4767749,-4.981351632256168,-19.652,1.0
2023,3,MOOSAPET,9,369,368,27.0,4.0,2489659.75,9200404.65,5669.0,17.4685307,78.4206695,-5.390432301805981,-9.201,-1.035
2023,3,MOOSARAMBAGH,2,108,108,9.0,0.0,1197658.84,4530327.35,7827.0,17.3743532,78.5160835,-9.772093976293876,-15.772,8.35
2023,3,MOTI NAGAR,9,158,158,7.0,1.0,434509.59,7816912.5,5785.0,17.4508069,78.422242,-4.2143448867979,-7.86,1.0
2023,3,MUSHEERABAD,5,155,155,8.0,2.0,1643346.89,10182191.45,5315.0,17.4191423,78.4985732,-6.740992341257842,-8.752,-0.051
2023,3,MYSARAM,33,4,4,7.0,0.0,18783901.35,19839794.35,5969.0,17.318186408097194,78.48361779724075,-12.123256123445776,-15.781,1.0
2023,3,NACHARAM,14,122,121,21.0,2.0,7255376.05,11492479.79,10927.0,17.4284936,78.5528098,-2.2643061664055764,-6.6,31.337
2023,3,NAGARAM,19,7,7,57.0,29.0,1313973.0,2519072.35,10243.0,17.4910113,78.613677,-3.9776102214750892,-28.936,-0.751
2023,3,NAGOLE,34,20,20,28.0,0.0,722540.71,3971189.15,7692.0,17.3775306,78.5601231,-8.68556577870009,-15.552,1.0
2023,3,NALLAGANDLA,15,2,2,35.0,9.0,2295690.64,7122861.6,8557.0,17.4774828,78.3060359,-29.150105105964958,-58.481,-4.338
2023,3,NALLAGUTTA,7,66,66,3.0,1.0,1336896.64,2900176.6,4753.0,17.4384334,78.4825328,-1.9424732071532318,-2.693,-0.068
2023,3,NARAYANGUDA,5,348,348,2.0,1.0,3581550.36,6985395.2,7167.0,17.3981159,78.4885006,-2.1866529029494384,-4.994,1.0
2023,3,NGO COLONY,34,50,50,7.0,4.0,517111.97,3663755.65,5599.0,17.327964,78.5657291,-8.534793235350607,-12.209,-3.889
2023,3,NIZAMPET,23,2692,2692,26.0,9.0,3841095.46,4785340.9,4371.0,17.4945061,78.4000017,-46.34703747538678,-48.923,38.884
2023,3,OLD MALLEPALLY,3,34,34,8.0,3.0,56153.95,1835802.45,3831.0,17.386722270354426,78.45715718205514,-5.100407564636875,-8.085,-1.774
2023,3,PATANCHERU,15,2,2,17.0,6.0,231765.6,3361047.65,7009.0,17.5286092,78.2674254,-15.572393745172485,-19.944,-9.782
2023,3,PATHERGATTI,1,2,2,9.0,4.0,2201065.35,4473658.4,4778.0,17.3659836,78.4754866,-3.423985738728608,-11.371,1.0
2023,3,PEERJADIGUDA,19,448,448,162.0,9.0,2739358.93,8811768.55,15920.0,17.4078747,78.6022666,-11.641342145249197,-19.598,24.579
2023,3,POCHARAM,19,1,1,91.0,51.0,377471.14,744670.45,8427.0,17.1766905,78.6024034,-7.168004578346216,-10.471,-3.471
2023,3,PRAGATHINAGAR,23,2209,2209,17.0,2.0,2062826.5,1085060.45,6047.0,17.3985199,78.5411934,-17.80370829758031,-23.95,-4.554
2023,3,PRAKASHNAGAR,7,200,200,9.0,0.0,4087477.93,7998632.9,9511.0,17.4426888,78.4705479,-1.9424732071532318,-2.693,-0.068
2023,3,RADHIKA,14,127,127,18.0,1.0,785321.22,6140677.25,9816.0,17.4771342,78.563299,-11.611257318416774,-13.556,-0.07
2023,3,RAMACHANDRAPURAM,15,5,5,6.0,1.0,447462.25,5636104.3,7815.0,17.5086345,78.3018685,-10.108599999483703,-48.466,12.475
2023,3,RAMANTHAPUR,5,129,125,27.0,8.0,2822566.73,7491709.7,20206.0,17.3885044,78.5371677,-17.80370829758031,-23.95,-4.554
2023,3,REGIMENTAL BAZAR,7,114,114,1.0,0.0,1218013.11,4489958.55,4295.0,17.4348324,78.5012557,-6.740992341257842,-8.752,-0.051
2023,3,S.P.R HILLS,6,233,233,12.0,4.0,235593.1,1863998.95,10599.0,17.446776445765586,78.41047091648177,-4.2143448867979,-7.86,1.0
2023,3,S.R.NAGAR,6,3357,3356,7.0,0.0,3809558.15,6527811.5,7044.0,17.4417071,78.4416081,-14.461797131758766,-44.338,1.0
2023,3,SAHEBNAGAR,10,236,236,73.0,32.0,718321.67,4531310.35,12201.0,17.3206264,78.5769132,-4.1107347863508155,-15.067,1.203
2023,3,SAIBABA NAGAR,14,97,97,32.0,3.0,109009.9,627342.55,7095.0,17.4507229,78.4100017,-5.390432301805981,-9.201,-1.035
2023,3,SAIDABAD,2,32,32,1.0,0.0,613766.68,4479688.35,5891.0,17.359533,78.5147979,-9.772093976293876,-15.772,8.35
2023,3,SAINATHPURAM,13,173,168,17.0,1.0,332381.95,5863413.2,11098.0,17.475693,78.5515621,-2.63240210193732,-54.763,1.0
2023,3,SANTOSHNAGAR,2,7,7,1.0,0.0,697870.05,2331727.45,6090.0,17.3467185,78.5081947,-9.772093976293876,-15.772,8.35
2023,3,SAROORNAGAR,10,168,168,10.0,2.0,1443423.75,5284265.45,6770.0,17.3611655,78.5387443,-36.09192193271679,-58.971,1.0
2023,3,SEETHAPALMANDI,7,69,69,2.0,0.0,363124.32,2434581.25,6169.0,17.425757541676237,78.51990378820871,-6.672931671786576,-12.052,1.0
2023,3,SHAIKPET,3,1138,1101,45.0,18.0,1479322.45,8471341.7,8301.0,17.4057955,78.4006536,-6.043137507893525,-6.746,-0.009
2023,3,SHAPOORNAGAR,12,269,269,19.0,4.0,585876.86,2628792.35,8036.0,17.51707481088814,78.44358687789398,-6.350885176856137,-10.305,-2.767
2023,3,SHIVAM,5,136,136,12.0,0.0,1298042.04,5702637.5,8943.0,17.3367947,78.6028951,-9.552658212982246,-46.221,1.0
2023,3,SOMAJIGUDA,6,1249,1249,4.0,0.0,4735401.7,6983859.05,6079.0,17.4255053,78.4585197,-6.267983222411594,-34.86,-1.588
2023,3,SRINIVAS NAGAR,7,129,129,1.0,0.0,316736.59,2886134.7,4794.0,17.4402595,78.4451055,-14.461797131758766,-44.338,1.0
2023,3,SUCHITRA,12,210,210,11.0,1.0,1500949.67,7618325.7,8809.0,17.5024582,78.4839794,-16.764837433599137,-24.574,36.118
2023,3,SULEMAN NAGAR,16,52,52,17.0,5.0,142872.55,1756339.15,7510.0,17.3486936,78.4231173,-28.590051792067662,-58.82,-3.436
2023,3,SULTAN BAZAR,4,239,239,2.0,0.0,2277398.71,4749062.55,5784.0,17.3870437,78.4869648,-3.423985738728608,-11.371,1.0
2023,3,SURARAM,12,103,103,32.0,20.0,609796.8,4094962.65,10464.0,17.5360946,78.4186386,-5.1367885188728355,-18.138,-0.624
2023,3,TAPPA CHABUTRA,3,11,11,7.0,2.0,279766.19,1227459.35,5084.0,17.37851781010729,78.44605498735723,-5.100407564636875,-8.085,-1.774
2023,3,TARNAKA,7,460,460,1.0,0.0,11908753.95,15075073.38,5468.0,17.4285479,78.5379433,-2.2643061664055764,-6.6,31.337
2023,3,THATTIKHANA,6,1267,1267,21.0,0.0,7591515.06,11555192.65,10994.0,17.368368049566055,78.60318365434247,-19.009141170949153,-29.461,1.0
2023,3,THOOMKUNTA,25,2,2,76.0,43.0,433040.0,915832.85,3448.0,17.5602279357445,78.55835134770649,-3.931106679410948,-6.3,-0.659
2023,3,TOLI CHOWK,3,445,405,27.0,8.0,624282.55,3141277.3,5031.0,17.399517081462932,78.41474423791212,-6.043137507893525,-6.746,-0.009
2023,3,TURKAYAMJAL,22,1,1,88.0,15.0,1640532.87,2879878.3,12103.0,17.2691643,78.5771279,-7.168004578346216,-10.471,-3.471
2023,3,UPPAL,14,134,134,22.0,4.0,862142.41,3659051.63,14482.0,17.4025091,78.5612562,-6.855199090082735,-16.385,1.0
2023,3,USHODAYA,12,123,123,13.0,5.0,234830.59,1939137.35,9647.0,17.384909,78.4388101,-5.100407564636875,-8.085,-1.774
2023,3,VAISHALINAGAR,10,76,76,14.0,4.0,1163531.0,9114974.1,10092.0,17.338969152148117,78.54402440653747,-13.665723696483987,-15.8,-7.95
2023,3,VAJPAYEE NAGAR,13,74,74,8.0,4.0,619826.27,3991712.4,8791.0,17.493544000750763,78.45891297321583,-16.764837433599137,-24.574,36.118
2023,3,VANASTHALIPURAM,34,143,143,15.0,4.0,1348198.63,6422801.25,7088.0,17.3303179,78.568278,-8.534793235350607,-12.209,-3.889
2023,3,VATTEPALLY,1,4,4,,,244869.1,1042024.35,4076.0,17.3305423,78.4621512,-4.981351632256168,-19.652,1.0
2023,3,VENGALRAONAGAR,6,1151,1151,8.0,0.0,1571912.14,5312931.78,8350.0,17.442176085833477,78.43833257797534,-14.461797131758766,-44.338,1.0
2023,3,VENKATAPURAM,13,73,73,15.0,0.0,293340.0,5861025.8,6809.0,17.496189,78.5043108,-8.97585561892137,-40.761,-6.248
2023,3,VIGYANPURI,5,45,45,5.0,1.0,3819693.0,5252400.4,4014.0,17.403003650874158,78.51134135120137,-2.1866529029494384,-4.994,1.0
2023,3,VIJAYNAGAR COLONY,3,460,460,2.0,0.0,1430059.96,4024416.8,6193.0,17.3442548,78.5412895,-13.665723696483987,-15.8,-7.95
2023,3,VINAY NAGAR,2,18,18,2.0,0.0,495209.44,2000306.9,5542.0,17.3515414,78.5111106,-9.772093976293876,-15.772,8.35
2023,3,VIVEKANANDA NAGAR,9,274,274,12.0,0.0,1131578.49,4908841.5,7151.0,17.3627254,78.5293456,-36.09192193271679,-58.971,1.0
2023,3,YAKATPURA,2,1,1,4.0,0.0,281495.56,1788128.4,7057.0,17.359093387793546,78.4853163967196,-9.772093976293876,-15.772,8.35
2023,3,YAPRAL,13,78,78,61.0,13.0,425290.2,10415588.55,6271.0,17.5030543,78.5407976,-6.247539089917872,-12.503,-0.354
2023,3,YELLAMMABANDA,9,698,698,60.0,21.0,206207.1,2278851.85,9576.0,17.5102678,78.4070824,-46.34703747538678,-48.923,38.884
2023,3,YELLAREDDYGUDA,6,940,940,3.0,0.0,2852815.89,9489495.25,8745.0,17.4333135,78.4415476,-14.461797131758766,-44.338,1.0
2023,3,ZIAGUDA,4,1,1,1.0,0.0,120381.0,2438432.3,5933.0,17.3658951,78.4503072,-6.23629193008042,-14.06,-2.04
2023,4,ADARSHNAGAR,12,40,40,6.0,3.0,6011142.26,12937342.91,5883.0,17.404546984247553,78.47358389715174,-4.225103036755199,-6.03,25.278
2023,4,ADIKMET,5,84,84,5.0,1.0,1091711.04,2416833.7,2931.0,17.4095495,78.5130943,-6.672931671786576,-12.052,1.0
2023,4,AHMED NAGAR,3,223,223,2.0,0.0,34200.0,730631.45,2906.0,17.404066,78.4442286,-1.2240510318391513,-3.314,1.0
2023,4,ALIABAD,33,6,6,3.0,2.0,339530.9,1263904.85,6411.0,17.34563,78.4726799,-4.981351632256168,-19.652,1.0
2023,4,ALKAPURI,10,774,774,8.0,1.0,1144561.91,3758214.1,8320.0,17.3662342,78.5549781,-15.115934266731193,-24.0,38.681
2023,4,ALLABANDA,4,6,6,2.0,0.0,145615.3,2303024.1,7805.0,17.3803134,78.4577022,-5.100407564636875,-8.085,-1.774
2023,4,ALWAL,13,41,41,25.0,1.0,23267676.96,35497490.8,8822.0,17.5022292,78.5088584,-4.221987933535047,-6.62,-1.252
2023,4,AMEENPUR,24,10,10,131.0,90.0,12854910.38,12987995.4,6832.0,17.5236905,78.3317297,-1.7808493513536299,-2.91,-0.787
2023,4,ASIF NAGAR,3,44,44,1.0,1.0,241273.08,1862504.3,5405.0,17.3857483,78.4505083,-5.100407564636875,-8.085,-1.774
2023,4,ASMANGARH,2,93,93,3.0,1.0,1273859.26,3787678.3,5575.0,17.36850992532914,78.51429549554615,-9.772093976293876,-15.772,8.35
2023,4,ATTAPUR,16,362,362,55.0,11.0,591998.66,2532920.45,8743.0,17.3672244,78.4307278,-7.357040143594367,-8.99,1.0
2023,4,AUTONAGAR,34,83,83,81.0,24.0,698832.75,5574456.0,10141.0,17.3356141,78.5792031,-18.449006726509495,-54.592,-0.173
2023,4,AZAMABAD,5,386,386,9.0,1.0,1196902.88,4180679.4,11028.0,17.4040194,78.5043767,-2.1866529029494384,-4.994,1.0
2023,4,AZAMPURA,2,2,2,4.0,0.0,284744.1,1374576.65,4920.0,17.3761935,78.490874,-3.423985738728608,-11.371,1.0
2023,4,B.N.REDDY NAGAR,34,45,45,24.0,8.0,654445.74,3452653.05,7039.0,17.321914,78.5597937,-8.534793235350607,-12.209,-3.889
2023,4,BACHUPALLY,23,36,36,33.0,0.0,20298610.18,9529454.35,3796.0,17.536648,78.3644736,-77.33563988117173,-83.42,20.074
2023,4,BADANGPET,20,33,33,368.0,6.0,4295870.27,6067234.75,20319.0,17.3383467,78.5222127,-13.665723696483987,-15.8,-7.95
2023,4,BAGH LINGAMPALLY,5,321,321,3.0,0.0,537798.6,1723896.9,6107.0,17.3974359,78.4979706,-2.1866529029494384,-4.994,1.0
2023,4,BAHADURPURA,1,4,4,9.0,3.0,2081288.64,5823021.63,5922.0,17.3570672,78.4545419,-4.981351632256168,-19.652,1.0
2023,4,BALAJINAGAR,9,1896,1895,9.0,0.0,2512317.57,5275500.5,7806.0,17.5149256,78.560679,-7.086502418049685,-10.359,1.0
2023,4,BALANAGAR,9,72,72,11.0,1.0,2480156.56,4798088.85,10809.0,17.4768224,78.4219645,-40.21863524752012,-59.528,-11.334
2023,4,BALAPUR,33,1,1,2.0,0.0,518108.38,1496699.4,5772.0,17.307521,78.5053298,-12.123256123445776,-15.781,1.0
2023,4,BANDLAGUDA,33,10,10,28.0,3.0,144884.75,1341894.2,7516.0,17.3714879,78.5727265,-19.009141170949153,-29.461,1.0
2023,4,BANJARA HILLS,6,3925,3925,14.0,0.0,13100768.34,18011403.6,10851.0,17.4177464,78.4399014,-6.267983222411594,-34.86,-1.588
2023,4,BARKATPURA,5,208,208,1.0,0.0,1559986.83,3496008.35,6439.0,17.3926121,78.4969683,-2.1866529029494384,-4.994,1.0
2023,4,BEERAMGUDA,24,2,2,48.0,23.0,2300586.54,2416935.75,9459.0,17.5091218,78.3004614,-10.108599999483703,-48.466,12.475
2023,4,BHAGATSINGH NAGAR,12,37,37,12.0,2.0,948646.98,1739958.66,5309.0,17.49324711103568,78.38735077021973,-21.42419514433048,-104.503,-11.263
2023,4,BHAGYANAGAR,9,1808,1808,22.0,0.0,4423473.66,10995368.0,6136.0,17.4076662,78.4957155,-2.1866529029494384,-4.994,1.0
2023,4,BHARATHNAGAR,9,358,345,12.0,0.0,539348.88,1596228.5,6549.0,17.3478913,78.55648,-11.76366817945535,-19.847,-2.831
2023,4,BODUPPAL,19,244,244,116.0,19.0,3817982.9,5951333.25,24375.0,17.3988408,78.5366218,-17.80370829758031,-23.95,-4.554
2023,4,BOIGUDA,7,109,109,6.0,2.0,391858.82,1801443.9,5641.0,17.4286363,78.4969962,-6.740992341257842,-8.752,-0.051
2023,4,BORABANDA,6,390,390,5.0,3.0,286348.51,1727399.6,7113.0,17.4590687,78.4078664,-5.390432301805981,-9.201,-1.035
2023,4,BOUDHANAGAR,7,74,74,1.0,0.0,254000.02,2332622.6,6418.0,17.4160319,78.517419,-6.672931671786576,-12.052,1.0
2023,4,BUDVEL,16,103,103,25.0,10.0,2650722.19,5504281.68,7311.0,17.33298,78.406191,-8.60961196694741,-20.379,1.0
2023,4,CHANCHALGUDA,2,3,3,1.0,0.0,507338.71,2744045.85,5459.0,17.3673732,78.4965799,-9.772093976293876,-15.772,8.35
2023,4,CHANDA NAGAR,15,838,838,15.0,0.0,1484006.74,4418934.65,8790.0,17.4534764,78.3943669,-5.798614192233966,-10.565,-3.21
2023,4,CHANUDLAL BHARADARI,1,1,1,12.0,0.0,417822.93,2903354.4,8558.0,17.35207924290198,78.45954822278678,-4.981351632256168,-19.652,1.0
2023,4,CHANUKYAPURI,13,145,145,6.0,1.0,1069803.99,4478264.01,11820.0,17.35903320948377,78.5617337593459,-11.76366817945535,-19.847,-2.831
2023,4,CHERLAPALLY,14,20,20,38.0,6.0,331052.26,2375914.65,8202.0,17.4687455,78.6024858,-3.9776102214750892,-28.936,-0.751
2023,4,CHINTAL,12,37,37,13.0,2.0,9244389.92,12492482.85,9602.0,17.5021756,78.440609,-6.350885176856137,-10.305,-2.767
2023,4,CHINTAL BASTHI,3,396,396,1.0,0.0,3002367.7,3344598.55,5178.0,17.4073576,78.4567152,-1.2240510318391513,-3.314,1.0
2023,4,DARUL SHIFA,1,1,1,1.0,0.0,533645.98,2735219.5,6264.0,17.366904,78.481078,-3.423985738728608,-11.371,1.0
2023,4,DEEPTHISRI NAGAR,15,910,910,24.0,2.0,1256511.33,3548970.15,4998.0,17.50066559761306,78.33937200961574,-1.7808493513536299,-2.91,-0.787
2023,4,DEFENCE COLONY,13,260,260,8.0,2.0,640742.36,4090934.5,11573.0,17.3176682,78.6117136,-9.552658212982246,-46.221,1.0
2023,4,DHAMMAIGUDA,19,3,3,70.0,21.0,369078.19,715505.3,10517.0,17.4989069255254,78.59838586027956,-19.770034480776104,-59.541,14.483
2023,4,DHOOD BOWLI,1,3,3,3.0,0.0,435161.5,2172364.45,6088.0,17.358865699843125,78.46540079693314,-4.981351632256168,-19.652,1.0
2023,4,DILSHUKNAGAR,10,100,100,4.0,0.0,1073727.86,3290255.65,6069.0,17.3710329,78.5254623,-36.09192193271679,-58.971,1.0
2023,4,DOMALGUDA,5,84,84,9.0,0.0,972892.26,2393087.05,5458.0,17.4078455,78.4850003,-4.225103036755199,-6.03,25.278
2023,4,ERRAGADDA,6,690,690,4.0,0.0,4530786.22,5130772.0,6676.0,17.4487999,78.4356074,-4.2143448867979,-7.86,1.0
2023,4,FATHENAGAR,6,1444,1444,12.0,1.0,4596090.85,6850417.35,7680.0,17.4598339,78.4525504,-4.2143448867979,-7.86,1.0
2023,4,FATHER BALAIAHNAGAR,13,655,655,101.0,20.0,574684.15,2008683.15,5926.0,17.50818327428803,78.4937064516262,-16.764837433599137,-24.574,36.118
2023,4,FILM NAGAR,6,605,603,8.0,1.0,6526896.65,10285280.4,7940.0,17.4140574,78.4105031,-6.043137507893525,-6.746,-0.009
2023,4,GACHIBOWLI,15,2063,2011,55.0,11.0,32918397.41,42662891.25,6498.0,17.4436222,78.3519638,-7.851808252285321,-13.636,1.0
2023,4,GAJULARAMARAM,12,221,220,80.0,29.0,972853.29,2893414.45,7949.0,17.5271759,78.4200077,-5.1367885188728355,-18.138,-0.624
2023,4,GANDHINAGAR,5,477,477,5.0,0.0,1063704.02,3624780.85,5999.0,17.4077928,78.4925707,-4.225103036755199,-6.03,25.278
2023,4,GANDIMAISAMMA,23,2,1,74.0,0.0,160307.71,530653.9,3936.0,17.576965,78.421959,-12.080203428747952,-41.208,-9.662
2023,4,GAYATRI NAGAR,9,888,785,17.0,1.0,744840.12,2166638.3,6816.0,17.4566764,78.4035867,-5.798614192233966,-10.565,-3.21
2023,4,GODE-KI-KABAR,4,49,48,,,550939.58,2601304.85,7862.0,17.376976148401162,78.46196399554636,-5.100407564636875,-8.085,-1.774
2023,4,GOLCONDA,3,30,30,3.0,1.0,1124249.08,9593079.54,5885.0,17.3873294,78.4057336,-6.272660829945958,-16.898,-0.04
2023,4,GOWLIGUDA,4,75,75,3.0,0.0,5876497.43,5402364.3,4791.0,17.377643,78.4787716,-3.423985738728608,-11.371,1.0
2023,4,GOWTHAM NAGAR,13,123,123,10.0,0.0,828764.4,3531821.0,8014.0,17.4539263,78.527344,-4.236881728429952,-6.098,1.0
2023,4,GUNFOUNDRY,4,410,410,4.0,0.0,6564370.91,3390056.4,3780.0,17.3936441,78.4756654,-3.3423306430785304,-5.452,1.0
2023,4,HAFEEZPET,15,4638,4638,22.0,4.0,3693163.68,7619254.35,6578.0,17.4834409,78.3611316,-17.663445787684253,-26.918,1.0
2023,4,HAKEEMPET,3,197,197,2.0,0.0,230328.5,1364438.2,4478.0,17.4056403,78.4178824,-6.043137507893525,-6.746,-0.009
2023,4,HASMATHPET,9,508,508,12.0,1.0,1372413.04,3834271.25,10051.0,17.4758254,78.4847371,-1.3120815705640303,-1.67,1.0
2023,4,HASSAN NAGAR,1,1,1,3.0,0.0,75194.63,982673.28,4465.0,17.336155,78.44363,-28.06282154849126,-35.473,1.0
2023,4,HOUSING BOARD,14,26,26,15.0,7.0,387727.29,2083309.0,9338.0,17.4922068,78.3973638,-21.42419514433048,-104.503,-11.263
2023,4,HUBSIGUDA,14,224,224,9.0,3.0,6809401.01,7587515.95,6965.0,17.412012724821263,78.54561665602095,-7.538105379814497,-8.769,-2.539
2023,4,HYDERGUDA,16,762,762,42.0,5.0,1801483.18,4887338.15,6414.0,17.4012791,78.4804894,-4.225103036755199,-6.03,25.278
2023,4,JAGATHGIRIGUTTA,12,97,97,21.0,5.0,254689.2,2259485.2,11396.0,17.4993176,78.4226016,-5.1367885188728355,-18.138,-0.624
2023,4,JALPALLY,20,2,2,158.0,27.0,257486.5,88906.2,13942.0,17.3061541,78.4738589,-7.546780559786242,-12.3,-1.008
2023,4,JANGAMMET,33,2,2,2.0,0.0,200029.72,1205397.65,4789.0,17.336251,78.4744044,-12.123256123445776,-15.781,1.0
2023,4,JAWAHARNAGAR,25,3,3,654.0,181.0,3285762.19,4566974.2,15303.0,17.437754,78.4845463,-1.9424732071532318,-2.693,-0.068
2023,4,JEEDIMETLA,12,117,117,41.0,8.0,4352760.34,7648186.05,8413.0,17.519687,78.4468876,-6.350885176856137,-10.305,-2.767
2023,4,JILLELAGUDA,20,9,9,42.0,6.0,929086.77,1346740.65,4930.0,17.3376801,78.5322366,-13.665723696483987,-15.8,-7.95
2023,4,JUBILEE HILLS,6,3110,3098,23.0,3.0,3718781.82,8723433.4,6632.0,17.4308362,78.4102882,-6.043137507893525,-6.746,-0.009
2023,4,KAKATIYA NAGAR,3,407,407,,,434164.28,1629077.85,3997.0,17.4785837,78.5406026,-12.484480768704271,-19.217,1.0
2023,4,KAMALANAGAR,34,237,237,56.0,20.0,629663.85,3445940.65,7910.0,17.4728043,78.566675,-9.045252142363507,-29.864,-0.004
2023,4,KANCHANBAGH,33,4,4,1.0,0.0,156386.81,1497288.0,6281.0,17.3280563,78.5001695,-12.123256123445776,-15.781,1.0
2023,4,KARWAN,3,31,31,9.0,1.0,195951.6,1433308.65,6685.0,17.376013,78.4331894,-7.357040143594367,-8.99,1.0
2023,4,KATEDAN,16,18,18,22.0,12.0,437411.53,3013017.0,7015.0,17.3026835,78.4398207,-1.2653078280464742,-3.218,-0.732
2023,4,KISHAN BAGH,1,5,5,4.0,0.0,126617.25,1207171.6,5053.0,17.3575261,78.44485,-4.981351632256168,-19.652,1.0
2023,4,KISMATHPUR,18,834,786,111.0,23.0,2413091.38,6505696.5,13684.0,17.3343045,78.3936455,-14.163095030058026,-19.578,-7.69
2023,4,KONDAPUR,15,8695,8694,71.0,23.0,5193501.0,11028444.7,7906.0,17.4587912,78.3730556,-9.15338763082218,-13.794,-3.253
2023,4,KOTHAPETA,10,113,113,10.0,1.0,585096.02,2971853.95,7233.0,17.367222832295177,78.545668383567,-15.115934266731193,-24.0,38.681
2023,4,KPHB,9,4383,4383,23.0,3.0,8597399.51,15245261.3,9511.0,17.4939602,78.4008412,-46.34703747538678,-48.923,38.884
2023,4,KUKATPALLY,9,375,375,19.0,0.0,2165263.53,731742.75,6772.0,17.4930841,78.4054408,-46.34703747538678,-48.923,38.884
2023,4,L.B.NAGAR,34,106,106,16.0,10.0,1166264.37,4098893.25,6199.0,17.349846,78.5479412,-36.09192193271679,-58.971,1.0
2023,4,LALAPET,7,31,31,3.0,1.0,4160826.2,4461735.75,6284.0,17.4388301,78.54187,-2.2643061664055764,-6.6,31.337
2023,4,LANGER HOUSE,3,25,25,10.0,1.0,450035.05,2073401.35,7644.0,17.37331,78.41387,-6.272660829945958,-16.898,-0.04
2023,4,LINGOJIGUDA,10,72,72,3.0,0.0,1001170.73,3927143.75,7815.0,17.3478809,78.5364577,-36.09192193271679,-58.971,1.0
2023,4,MACHABOLLARAM,13,113,113,38.0,8.0,156095.28,951974.15,6267.0,17.513866,78.5137342,-4.221987933535047,-6.62,-1.252
2023,4,MADANNAPET,2,2,2,,,180729.14,1550026.85,5891.0,17.3585578,78.4971064,-9.772093976293876,-15.772,8.35
2023,4,MADHAPUR,15,9531,9528,106.0,23.0,54306132.2,61664494.76,12962.0,17.4408924,78.3916304,-5.798614192233966,-10.565,-3.21
2023,4,MAILERDEV PALLY,16,24,24,30.0,14.0,366878.97,2075491.55,7055.0,17.31916516561942,78.44588448683878,-7.546780559786242,-12.3,-1.008
2023,4,MALAKPET,2,22,22,1.0,0.0,1068044.75,2910674.6,5147.0,17.3736706,78.4996484,-9.772093976293876,-15.772,8.35
2023,4,MANIKONDA,18,2729,2728,153.0,22.0,6461162.07,9448629.6,8514.0,17.3999951,78.3861689,-8.64049553514247,-16.362,1.0
2023,4,MANSOORABAD,34,253,253,182.0,0.0,1111678.77,3813176.25,5773.0,17.3541765,78.5652906,-11.76366817945535,-19.847,-2.831
2023,4,MARREDPALLY,7,224,224,5.0,0.0,350243.44,1894611.1,9196.0,17.4507936,78.5048972,-12.47414140833292,-21.362,12.404
2023,4,MARUTHINAGAR,10,340,340,6.0,1.0,1006922.59,3949506.2,7237.0,17.373499742570825,78.54268265383173,-15.115934266731193,-24.0,38.681
2023,4,MEERPET,20,126,126,24.0,7.0,1783279.18,2419060.75,9864.0,17.4546432,78.5715499,-6.441468392795172,-59.023,1.0
2023,4,MEHIDIPATNAM,3,272,272,9.0,1.0,1008267.64,3161947.5,6575.0,17.399943921854806,78.43451065196552,-1.2240510318391513,-3.314,1.0
2023,4,METTUGUDA,7,72,72,2.0,0.0,224569.73,1353273.65,4460.0,17.4355036,78.5195573,-12.47414140833292,-21.362,12.404
2023,4,MISRIGUNJ,1,1,1,3.0,0.0,235675.9,1266518.9,4347.0,17.350101211439146,78.45939390321827,-4.981351632256168,-19.652,1.0
2023,4,MIYAPUR,15,737,737,31.0,8.0,1065011.16,4179551.3,7369.0,17.4981608,78.3567628,-7.088238213409196,-15.663,-1.104
2023,4,MOGHULPURA,1,1,1,3.0,0.0,589853.77,2087260.2,6259.0,17.3595023,78.4767749,-4.981351632256168,-19.652,1.0
2023,4,MOOSAPET,9,549,529,20.0,6.0,2672873.68,6731158.05,5669.0,17.4685307,78.4206695,-5.390432301805981,-9.201,-1.035
2023,4,MOOSARAMBAGH,2,177,177,6.0,1.0,1420725.47,5209988.65,7827.0,17.3743532,78.5160835,-9.772093976293876,-15.772,8.35
2023,4,MOTI NAGAR,9,230,204,12.0,1.0,654498.78,3030531.85,5785.0,17.4508069,78.422242,-4.2143448867979,-7.86,1.0
2023,4,MUSHEERABAD,5,345,345,6.0,0.0,7177855.9,9527909.15,5315.0,17.4191423,78.4985732,-6.740992341257842,-8.752,-0.051
2023,4,MYSARAM,33,5,5,17.0,4.0,20485421.05,21329553.85,5969.0,17.318186408097194,78.48361779724075,-12.123256123445776,-15.781,1.0
2023,4,NACHARAM,14,169,169,23.0,7.0,8358014.89,9082585.63,10927.0,17.4284936,78.5528098,-2.2643061664055764,-6.6,31.337
2023,4,NAGARAM,19,2,2,65.0,12.0,1404400.33,1999053.6,10243.0,17.4910113,78.613677,-3.9776102214750892,-28.936,-0.751
2023,4,NAGOLE,34,19,19,21.0,0.0,362458.86,3651019.9,7692.0,17.3775306,78.5601231,-8.68556577870009,-15.552,1.0
2023,4,NALLAGANDLA,15,3,3,26.0,8.0,2721095.72,8824247.05,8557.0,17.4774828,78.3060359,-29.150105105964958,-58.481,-4.338
2023,4,NALLAGUTTA,7,57,57,6.0,0.0,1058295.35,2595210.65,4753.0,17.4384334,78.4825328,-1.9424732071532318,-2.693,-0.068
2023,4,NARAYANGUDA,5,465,465,5.0,0.0,3320879.98,8805825.95,7167.0,17.3981159,78.4885006,-2.1866529029494384,-4.994,1.0
2023,4,NGO COLONY,34,109,109,7.0,1.0,521571.49,1934350.4,5599.0,17.327964,78.5657291,-8.534793235350607,-12.209,-3.889
2023,4,NIZAMPET,23,2388,2388,23.0,2.0,3778374.78,3513326.6,4371.0,17.4945061,78.4000017,-46.34703747538678,-48.923,38.884
2023,4,OLD MALLEPALLY,3,52,52,4.0,0.0,50471.68,1049484.95,3831.0,17.386722270354426,78.45715718205514,-5.100407564636875,-8.085,-1.774
2023,4,PATANCHERU,15,2,2,19.0,6.0,6020.0,121786.9,7009.0,17.5286092,78.2674254,-15.572393745172485,-19.944,-9.782
2023,4,PATHERGATTI,1,2,2,7.0,0.0,3270491.9,4533456.6,4778.0,17.3659836,78.4754866,-3.423985738728608,-11.371,1.0
2023,4,PEERJADIGUDA,19,543,543,89.0,17.0,2838889.27,3764761.4,15920.0,17.4078747,78.6022666,-11.641342145249197,-19.598,24.579
2023,4,PRAGATHINAGAR,23,1812,1812,8.0,0.0,1194023.7,977479.3,6047.0,17.3985199,78.5411934,-17.80370829758031,-23.95,-4.554
2023,4,PRAKASHNAGAR,7,238,238,9.0,0.0,4331711.68,7913596.1,9511.0,17.4426888,78.4705479,-1.9424732071532318,-2.693,-0.068
2023,4,RADHIKA,14,125,125,25.0,2.0,438143.28,3058022.85,9816.0,17.4771342,78.563299,-11.611257318416774,-13.556,-0.07
2023,4,RAMACHANDRAPURAM,15,9,9,9.0,1.0,723289.83,2868803.4,7815.0,17.5086345,78.3018685,-10.108599999483703,-48.466,12.475
2023,4,RAMANTHAPUR,5,159,159,38.0,10.0,2398312.68,6652303.4,20206.0,17.3885044,78.5371677,-17.80370829758031,-23.95,-4.554
2023,4,REGIMENTAL BAZAR,7,109,109,,,1644134.2,2882520.3,4295.0,17.4348324,78.5012557,-6.740992341257842,-8.752,-0.051
2023,4,RIYASATH NAGAR,33,1,1,2.0,0.0,170720.63,1197965.75,4937.0,17.3890675,78.4053603,-6.272660829945958,-16.898,-0.04
2023,4,S.P.R HILLS,6,298,298,13.0,1.0,466881.63,680430.35,10599.0,17.446776445765586,78.41047091648177,-4.2143448867979,-7.86,1.0
2023,4,S.R.NAGAR,6,3536,3536,8.0,0.0,3582069.02,5521652.55,7044.0,17.4417071,78.4416081,-14.461797131758766,-44.338,1.0
2023,4,SAHEBNAGAR,10,388,388,72.0,9.0,683120.86,2901699.9,12201.0,17.3206264,78.5769132,-4.1107347863508155,-15.067,1.203
2023,4,SAIBABA NAGAR,14,125,125,29.0,4.0,54563.22,506217.4,7095.0,17.4507229,78.4100017,-5.390432301805981,-9.201,-1.035
2023,4,SAIDABAD,2,46,46,4.0,0.0,655968.83,3499983.25,5891.0,17.359533,78.5147979,-9.772093976293876,-15.772,8.35
2023,4,SAINATHPURAM,13,155,155,21.0,1.0,323615.38,2353722.35,11098.0,17.475693,78.5515621,-2.63240210193732,-54.763,1.0
2023,4,SANTOSHNAGAR,2,10,10,3.0,0.0,686751.13,2319600.4,6090.0,17.3467185,78.5081947,-9.772093976293876,-15.772,8.35
2023,4,SAROORNAGAR,10,291,291,111.0,1.0,1205942.28,3799830.9,6770.0,17.3611655,78.5387443,-36.09192193271679,-58.971,1.0
2023,4,SEETHAPALMANDI,7,153,153,13.0,0.0,383062.1,3001540.85,6169.0,17.425757541676237,78.51990378820871,-6.672931671786576,-12.052,1.0
2023,4,SHAIKPET,3,1130,1130,29.0,8.0,1290336.38,5984329.91,8301.0,17.4057955,78.4006536,-6.043137507893525,-6.746,-0.009
2023,4,SHAMSHABAD,20,1,1,27.0,0.0,409738.0,1397106.8,6795.0,17.257207,78.3451039,-9.7840682652234,-13.167,-5.447
2023,4,SHAPOORNAGAR,12,299,299,9.0,4.0,581429.91,2224973.05,8036.0,17.51707481088814,78.44358687789398,-6.350885176856137,-10.305,-2.767
2023,4,SHIVAM,5,134,132,9.0,0.0,1180097.99,3548300.35,8943.0,17.3367947,78.6028951,-9.552658212982246,-46.221,1.0
2023,4,SOMAJIGUDA,6,1288,1288,4.0,0.0,10738497.61,6943306.2,6079.0,17.4255053,78.4585197,-6.267983222411594,-34.86,-1.588
2023,4,SRINIVAS NAGAR,7,311,311,2.0,0.0,373811.8,2158082.55,4794.0,17.4402595,78.4451055,-14.461797131758766,-44.338,1.0
2023,4,SUCHITRA,12,173,173,13.0,5.0,1344640.73,5294541.0,8809.0,17.5024582,78.4839794,-16.764837433599137,-24.574,36.118
2023,4,SULEMAN NAGAR,16,104,104,11.0,1.0,214349.71,1697045.35,7510.0,17.3486936,78.4231173,-28.590051792067662,-58.82,-3.436
2023,4,SULTAN BAZAR,4,358,358,2.0,1.0,2198384.17,4661818.15,5784.0,17.3870437,78.4869648,-3.423985738728608,-11.371,1.0
2023,4,SURARAM,12,105,105,25.0,14.0,697297.89,2605200.25,10464.0,17.5360946,78.4186386,-5.1367885188728355,-18.138,-0.624
2023,4,TAPPA CHABUTRA,3,18,18,7.0,3.0,148017.6,980891.45,5084.0,17.37851781010729,78.44605498735723,-5.100407564636875,-8.085,-1.774
2023,4,TARNAKA,7,515,515,5.0,2.0,11096364.47,13387281.96,5468.0,17.4285479,78.5379433,-2.2643061664055764,-6.6,31.337
2023,4,THATTIKHANA,6,1491,1490,15.0,1.0,8822678.86,12437374.05,10994.0,17.368368049566055,78.60318365434247,-19.009141170949153,-29.461,1.0
2023,4,TOLI CHOWK,3,455,455,19.0,3.0,1199294.0,2529294.76,5031.0,17.399517081462932,78.41474423791212,-6.043137507893525,-6.746,-0.009
2023,4,TURKAYAMJAL,22,3,3,115.0,8.0,1378987.75,2282461.7,12103.0,17.2691643,78.5771279,-7.168004578346216,-10.471,-3.471
2023,4,UPPAL,14,197,197,35.0,11.0,751604.38,3278419.92,14482.0,17.4025091,78.5612562,-6.855199090082735,-16.385,1.0
2023,4,USHODAYA,12,111,111,26.0,3.0,153391.14,2350426.95,9647.0,17.384909,78.4388101,-5.100407564636875,-8.085,-1.774
2023,4,VAISHALINAGAR,10,110,110,13.0,1.0,1108809.23,4592638.25,10092.0,17.338969152148117,78.54402440653747,-13.665723696483987,-15.8,-7.95
2023,4,VAJPAYEE NAGAR,13,62,62,14.0,8.0,364127.9,2436865.1,8791.0,17.493544000750763,78.45891297321583,-16.764837433599137,-24.574,36.118
2023,4,VANASTHALIPURAM,34,335,335,15.0,3.0,1244964.87,4163579.0,7088.0,17.3303179,78.568278,-8.534793235350607,-12.209,-3.889
2023,4,VATTEPALLY,1,3,3,133.0,0.0,232917.0,1084887.7,4076.0,17.3305423,78.4621512,-4.981351632256168,-19.652,1.0
2023,4,VENGALRAONAGAR,6,1417,1417,9.0,3.0,1668673.82,5467626.46,8350.0,17.442176085833477,78.43833257797534,-14.461797131758766,-44.338,1.0
2023,4,VENKATAPURAM,13,109,109,18.0,3.0,397377.53,1544746.05,6809.0,17.496189,78.5043108,-8.97585561892137,-40.761,-6.248
2023,4,VIGYANPURI,5,53,52,2.0,0.0,4224212.29,4870503.15,4014.0,17.403003650874158,78.51134135120137,-2.1866529029494384,-4.994,1.0
2023,4,VIJAYNAGAR COLONY,3,550,550,9.0,2.0,1153111.21,3657881.45,6193.0,17.3442548,78.5412895,-13.665723696483987,-15.8,-7.95
2023,4,VINAY NAGAR,2,32,32,2.0,0.0,365586.58,1483424.85,5542.0,17.3515414,78.5111106,-9.772093976293876,-15.772,8.35
2023,4,VIVEKANANDA NAGAR,9,235,235,7.0,0.0,1491684.08,4874053.4,7151.0,17.3627254,78.5293456,-36.09192193271679,-58.971,1.0
2023,4,YAKATPURA,2,3,3,,,462342.03,1818725.6,7057.0,17.359093387793546,78.4853163967196,-9.772093976293876,-15.772,8.35
2023,4,YAPRAL,13,97,97,56.0,9.0,503806.55,3402087.6,6271.0,17.5030543,78.5407976,-6.247539089917872,-12.503,-0.354
2023,4,YELLAMMABANDA,9,710,710,57.0,30.0,200133.47,2200784.3,9576.0,17.5102678,78.4070824,-46.34703747538678,-48.923,38.884
2023,4,YELLAREDDYGUDA,6,1147,1147,11.0,0.0,4486060.53,6457677.9,8745.0,17.4333135,78.4415476,-14.461797131758766,-44.338,1.0
2023,4,ZIAGUDA,4,6,6,5.0,1.0,165098.9,1271995.4,5933.0,17.3658951,78.4503072,-6.23629193008042,-14.06,-2.04
2023,5,ADARSHNAGAR,12,68,68,6.0,4.0,12098466.34,14312795.54,5883.0,17.404546984247553,78.47358389715174,-4.225103036755199,-6.03,25.278
2023,5,ADIKMET,5,99,99,5.0,4.0,1069881.3,2902601.3,2931.0,17.4095495,78.5130943,-6.672931671786576,-12.052,1.0
2023,5,AHMED NAGAR,3,226,226,8.0,4.0,33585.0,578572.75,2906.0,17.404066,78.4442286,-1.2240510318391513,-3.314,1.0
2023,5,ALIABAD,33,4,4,8.0,7.0,129238.99,1286818.1,6411.0,17.34563,78.4726799,-4.981351632256168,-19.652,1.0
2023,5,ALKAPURI,10,320,320,15.0,12.0,1769844.44,4740832.85,8320.0,17.3662342,78.5549781,-15.115934266731193,-24.0,38.681
2023,5,ALLABANDA,4,2,2,5.0,5.0,158540.43,1827512.5,7805.0,17.3803134,78.4577022,-5.100407564636875,-8.085,-1.774
2023,5,ALWAL,13,68,68,20.0,9.0,34561362.89,38581278.35,8822.0,17.5022292,78.5088584,-4.221987933535047,-6.62,-1.252
2023,5,AMBERPET,5,17,17,4.0,3.0,,,,17.3861776,78.5114709,-2.1866529029494384,-4.994,1.0
2023,5,AMEENPUR,24,3,3,35.0,33.0,13989020.34,13824929.55,6832.0,17.5236905,78.3317297,-1.7808493513536299,-2.91,-0.787
2023,5,ASIF NAGAR,3,39,39,11.0,10.0,393097.52,1840738.75,5405.0,17.3857483,78.4505083,-5.100407564636875,-8.085,-1.774
2023,5,ASMANGARH,2,77,77,4.0,1.0,949843.56,2202620.7,5575.0,17.36850992532914,78.51429549554615,-9.772093976293876,-15.772,8.35
2023,5,ATTAPUR,16,212,212,41.0,38.0,833944.84,2530384.0,8743.0,17.3672244,78.4307278,-7.357040143594367,-8.99,1.0
2023,5,AUTONAGAR,34,123,123,66.0,50.0,6418229.93,6410033.2,10141.0,17.3356141,78.5792031,-18.449006726509495,-54.592,-0.173
2023,5,AZAMABAD,5,348,348,9.0,6.0,1416621.48,5221235.4,11028.0,17.4040194,78.5043767,-2.1866529029494384,-4.994,1.0
2023,5,AZAMPURA,2,1,1,6.0,3.0,373909.31,1436619.3,4920.0,17.3761935,78.490874,-3.423985738728608,-11.371,1.0
2023,5,B.N.REDDY NAGAR,34,72,72,26.0,15.0,775662.86,2835421.05,7039.0,17.321914,78.5597937,-8.534793235350607,-12.209,-3.889
2023,5,BACHUPALLY,23,47,47,30.0,23.0,8426590.9,8352329.75,3796.0,17.536648,78.3644736,-77.33563988117173,-83.42,20.074
2023,5,BADANGPET,20,29,29,224.0,206.0,4248507.39,10030368.9,20319.0,17.3383467,78.5222127,-13.665723696483987,-15.8,-7.95
2023,5,BAGH LINGAMPALLY,5,244,244,,,842276.7,2594644.75,6107.0,17.3974359,78.4979706,-2.1866529029494384,-4.994,1.0
2023,5,BAHADURPURA,1,22,22,11.0,6.0,12120572.28,6616097.61,5922.0,17.3570672,78.4545419,-4.981351632256168,-19.652,1.0
2023,5,BALAJINAGAR,9,1866,1866,13.0,9.0,2415966.35,5394786.25,7806.0,17.5149256,78.560679,-7.086502418049685,-10.359,1.0
2023,5,BALANAGAR,9,87,87,6.0,5.0,2481066.36,3764863.56,10809.0,17.4768224,78.4219645,-40.21863524752012,-59.528,-11.334
2023,5,BALAPUR,33,2,2,5.0,5.0,530169.71,1542637.1,5772.0,17.307521,78.5053298,-12.123256123445776,-15.781,1.0
2023,5,BANDLAGUDA,33,8,8,39.0,38.0,198696.3,1450045.4,7516.0,17.3714879,78.5727265,-19.009141170949153,-29.461,1.0
2023,5,BANJARA HILLS,6,3777,3777,10.0,5.0,13921687.89,25615998.25,10851.0,17.4177464,78.4399014,-6.267983222411594,-34.86,-1.588
2023,5,BARKATPURA,5,162,162,3.0,1.0,1388254.75,5242454.15,6439.0,17.3926121,78.4969683,-2.1866529029494384,-4.994,1.0
2023,5,BEERAMGUDA,24,3,3,41.0,37.0,2461685.52,2573815.7,9459.0,17.5091218,78.3004614,-10.108599999483703,-48.466,12.475
2023,5,BHAGATSINGH NAGAR,12,50,50,7.0,7.0,230754.04,2234843.48,5309.0,17.49324711103568,78.38735077021973,-21.42419514433048,-104.503,-11.263
2023,5,BHAGYANAGAR,9,1525,1525,33.0,22.0,4980494.66,10503629.45,6136.0,17.4076662,78.4957155,-2.1866529029494384,-4.994,1.0
2023,5,BHARATHNAGAR,9,278,278,10.0,8.0,602058.26,2419183.65,6549.0,17.3478913,78.55648,-11.76366817945535,-19.847,-2.831
2023,5,BODUPPAL,19,108,108,89.0,77.0,3147882.14,7301581.0,24375.0,17.3988408,78.5366218,-17.80370829758031,-23.95,-4.554
2023,5,BOIGUDA,7,62,62,4.0,0.0,353565.38,1698605.35,5641.0,17.4286363,78.4969962,-6.740992341257842,-8.752,-0.051
2023,5,BORABANDA,6,292,292,10.0,9.0,248810.89,2170074.75,7113.0,17.4590687,78.4078664,-5.390432301805981,-9.201,-1.035
2023,5,BOUDHANAGAR,7,79,79,5.0,4.0,307134.25,1372405.7,6418.0,17.4160319,78.517419,-6.672931671786576,-12.052,1.0
2023,5,BUDVEL,16,93,93,33.0,25.0,5547754.47,5454537.5,7311.0,17.33298,78.406191,-8.60961196694741,-20.379,1.0
2023,5,CHANCHALGUDA,2,11,11,3.0,2.0,2305652.68,2134624.25,5459.0,17.3673732,78.4965799,-9.772093976293876,-15.772,8.35
2023,5,CHANDA NAGAR,15,486,486,14.0,8.0,1585444.41,8758046.75,8790.0,17.4534764,78.3943669,-5.798614192233966,-10.565,-3.21
2023,5,CHANUDLAL BHARADARI,1,9,9,6.0,4.0,480780.11,2734176.3,8558.0,17.35207924290198,78.45954822278678,-4.981351632256168,-19.652,1.0
2023,5,CHANUKYAPURI,13,274,274,14.0,10.0,1015585.38,3807498.32,11820.0,17.35903320948377,78.5617337593459,-11.76366817945535,-19.847,-2.831
2023,5,CHEERYAL,19,2,2,5.0,4.0,25935.51,4285452.9,1704.0,17.517400264293766,78.62880730733653,-0.6279782950139904,-48.866,1.0
2023,5,CHERLAPALLY,14,40,40,25.0,20.0,345770.5,3718264.1,8202.0,17.4687455,78.6024858,-3.9776102214750892,-28.936,-0.751
2023,5,CHINTAL,12,90,90,24.0,19.0,8832650.5,13095572.6,9602.0,17.5021756,78.440609,-6.350885176856137,-10.305,-2.767
2023,5,CHINTAL BASTHI,3,241,241,7.0,1.0,673184.31,3206658.95,5178.0,17.4073576,78.4567152,-1.2240510318391513,-3.314,1.0
2023,5,DARUL SHIFA,1,2,2,,,777729.95,2405657.7,6264.0,17.366904,78.481078,-3.423985738728608,-11.371,1.0
2023,5,DEEPTHISRI NAGAR,15,687,687,10.0,8.0,1988958.36,5482064.15,4998.0,17.50066559761306,78.33937200961574,-1.7808493513536299,-2.91,-0.787
2023,5,DEFENCE COLONY,13,251,251,19.0,14.0,613999.15,3081617.7,11573.0,17.3176682,78.6117136,-9.552658212982246,-46.221,1.0
2023,5,DHAMMAIGUDA,19,5,5,66.0,53.0,688685.3,13040145.6,10517.0,17.4989069255254,78.59838586027956,-19.770034480776104,-59.541,14.483
2023,5,DHOOD BOWLI,1,1,1,5.0,5.0,556670.25,2146723.45,6088.0,17.358865699843125,78.46540079693314,-4.981351632256168,-19.652,1.0
2023,5,DILSHUKNAGAR,10,67,67,1.0,1.0,1625140.57,4257478.2,6069.0,17.3710329,78.5254623,-36.09192193271679,-58.971,1.0
2023,5,DOMALGUDA,5,69,69,2.0,1.0,890484.87,6191389.4,5458.0,17.4078455,78.4850003,-4.225103036755199,-6.03,25.278
2023,5,ERRAGADDA,6,492,492,6.0,5.0,1151575.79,4905328.45,6676.0,17.4487999,78.4356074,-4.2143448867979,-7.86,1.0
2023,5,FATHENAGAR,6,672,672,15.0,9.0,4469511.95,9122565.2,7680.0,17.4598339,78.4525504,-4.2143448867979,-7.86,1.0
2023,5,FATHER BALAIAHNAGAR,13,498,498,57.0,45.0,768521.74,-6336640.2,5926.0,17.50818327428803,78.4937064516262,-16.764837433599137,-24.574,36.118
2023,5,FILM NAGAR,6,376,376,17.0,12.0,7379599.04,10992981.95,7940.0,17.4140574,78.4105031,-6.043137507893525,-6.746,-0.009
2023,5,GACHIBOWLI,15,1843,1843,68.0,42.0,32791907.77,52321780.67,6498.0,17.4436222,78.3519638,-7.851808252285321,-13.636,1.0
2023,5,GAJULARAMARAM,12,290,290,70.0,61.0,1116325.26,3012536.4,7949.0,17.5271759,78.4200077,-5.1367885188728355,-18.138,-0.624
2023,5,GANDHINAGAR,5,279,279,4.0,3.0,1178377.89,4289465.8,5999.0,17.4077928,78.4925707,-4.225103036755199,-6.03,25.278
2023,5,GANDIMAISAMMA,23,2,2,82.0,47.0,172771.76,805536.65,3936.0,17.576965,78.421959,-12.080203428747952,-41.208,-9.662
2023,5,GAYATRI NAGAR,9,814,814,19.0,14.0,909007.22,3069480.1,6816.0,17.4566764,78.4035867,-5.798614192233966,-10.565,-3.21
2023,5,GODE-KI-KABAR,4,37,37,2.0,1.0,561319.64,2695459.95,7862.0,17.376976148401162,78.46196399554636,-5.100407564636875,-8.085,-1.774
2023,5,GOLCONDA,3,12,12,2.0,2.0,9113009.23,9930506.0,5885.0,17.3873294,78.4057336,-6.272660829945958,-16.898,-0.04
2023,5,GOWLIGUDA,4,51,51,1.0,1.0,786607.13,5307081.4,4791.0,17.377643,78.4787716,-3.423985738728608,-11.371,1.0
2023,5,GOWLIPURA,33,1,1,4.0,1.0,62697.06,1071964.5,5692.0,17.3462321,78.4799077,-12.123256123445776,-15.781,1.0
2023,5,GOWTHAM NAGAR,13,278,278,7.0,6.0,975943.44,3609335.25,8014.0,17.4539263,78.527344,-4.236881728429952,-6.098,1.0
2023,5,GUNDLAPOCHAMPALLY,25,1,1,,,236449.4,1382966.95,1822.0,17.568913,78.480271,-12.080203428747952,-41.208,-9.662
2023,5,GUNFOUNDRY,4,303,303,4.0,3.0,3078545.37,4769877.65,3780.0,17.3936441,78.4756654,-3.3423306430785304,-5.452,1.0
2023,5,HAFEEZPET,15,4297,4297,24.0,21.0,4852001.84,9713028.25,6578.0,17.4834409,78.3611316,-17.663445787684253,-26.918,1.0
2023,5,HAKEEMPET,3,103,103,4.0,4.0,395381.84,1380923.4,4478.0,17.4056403,78.4178824,-6.043137507893525,-6.746,-0.009
2023,5,HASMATHPET,9,625,625,16.0,8.0,1302393.36,4761911.7,10051.0,17.4758254,78.4847371,-1.3120815705640303,-1.67,1.0
2023,5,HASSAN NAGAR,1,3,3,7.0,1.0,74566.0,832662.29,4465.0,17.336155,78.44363,-28.06282154849126,-35.473,1.0
2023,5,HOUSING BOARD,14,36,36,23.0,17.0,487146.91,859827.35,9338.0,17.4922068,78.3973638,-21.42419514433048,-104.503,-11.263
2023,5,HUBSIGUDA,14,196,196,16.0,10.0,5570841.06,7775455.74,6965.0,17.412012724821263,78.54561665602095,-7.538105379814497,-8.769,-2.539
2023,5,HYDERGUDA,16,729,729,35.0,32.0,1384992.01,3734641.05,6414.0,17.4012791,78.4804894,-4.225103036755199,-6.03,25.278
2023,5,JAGATHGIRIGUTTA,12,130,130,17.0,17.0,275078.7,2664706.7,11396.0,17.4993176,78.4226016,-5.1367885188728355,-18.138,-0.624
2023,5,JAHANUMA,33,1,1,7.0,3.0,287133.02,1298365.1,6142.0,17.3433524,78.4614644,-4.981351632256168,-19.652,1.0
2023,5,JALPALLY,20,5,5,239.0,177.0,1386145.2,13117058.4,13942.0,17.3061541,78.4738589,-7.546780559786242,-12.3,-1.008
2023,5,JANGAMMET,33,1,1,3.0,3.0,148517.37,1221662.25,4789.0,17.336251,78.4744044,-12.123256123445776,-15.781,1.0
2023,5,JAWAHARNAGAR,25,24,24,732.0,573.0,3776676.05,4902164.0,15303.0,17.437754,78.4845463,-1.9424732071532318,-2.693,-0.068
2023,5,JEEDIMETLA,12,146,146,31.0,19.0,6141866.55,15382696.19,8413.0,17.519687,78.4468876,-6.350885176856137,-10.305,-2.767
2023,5,JILLELAGUDA,20,17,17,11.0,8.0,1059838.16,1381078.4,4930.0,17.3376801,78.5322366,-13.665723696483987,-15.8,-7.95
2023,5,JUBILEE HILLS,6,3001,3001,21.0,7.0,5410869.4,8870278.05,6632.0,17.4308362,78.4102882,-6.043137507893525,-6.746,-0.009
2023,5,KAKATIYA NAGAR,3,305,305,3.0,1.0,394218.77,1508627.45,3997.0,17.4785837,78.5406026,-12.484480768704271,-19.217,1.0
2023,5,KAMALANAGAR,34,138,138,67.0,61.0,623784.12,2397966.25,7910.0,17.4728043,78.566675,-9.045252142363507,-29.864,-0.004
2023,5,KANCHANBAGH,33,2,2,2.0,0.0,184812.86,1396632.4,6281.0,17.3280563,78.5001695,-12.123256123445776,-15.781,1.0
2023,5,KARWAN,3,26,26,6.0,5.0,573380.93,2134565.45,6685.0,17.376013,78.4331894,-7.357040143594367,-8.99,1.0
2023,5,KATEDAN,16,5,5,25.0,22.0,460647.68,3441216.4,7015.0,17.3026835,78.4398207,-1.2653078280464742,-3.218,-0.732
2023,5,KISHAN BAGH,1,2,2,3.0,2.0,274457.0,1302825.0,5053.0,17.3575261,78.44485,-4.981351632256168,-19.652,1.0
2023,5,KISMATHPUR,18,772,772,140.0,105.0,2953979.54,7400805.9,13684.0,17.3343045,78.3936455,-14.163095030058026,-19.578,-7.69
2023,5,KOMPALLY,25,7,7,30.0,19.0,1501164.18,2162011.8,4183.0,17.5354868,78.5096979,-4.171070941747054,-7.296,1.0
2023,5,KONDAPUR,15,7297,7297,58.0,32.0,7853145.21,18296544.95,7906.0,17.4587912,78.3730556,-9.15338763082218,-13.794,-3.253
2023,5,KOTHAPETA,10,98,98,12.0,9.0,876451.8,2930210.25,7233.0,17.367222832295177,78.545668383567,-15.115934266731193,-24.0,38.681
2023,5,KPHB,9,3350,3350,14.0,12.0,7275634.99,13684188.95,9511.0,17.4939602,78.4008412,-46.34703747538678,-48.923,38.884
2023,5,KUKATPALLY,9,417,417,22.0,10.0,1934128.94,9359353.58,6772.0,17.4930841,78.4054408,-46.34703747538678,-48.923,38.884
2023,5,L.B.NAGAR,34,89,89,17.0,13.0,1192344.63,3426997.95,6199.0,17.349846,78.5479412,-36.09192193271679,-58.971,1.0
2023,5,LALAPET,7,42,42,7.0,5.0,3462958.0,3806027.95,6284.0,17.4388301,78.54187,-2.2643061664055764,-6.6,31.337
2023,5,LANGER HOUSE,3,19,19,19.0,8.0,180959.19,2466834.15,7644.0,17.37331,78.41387,-6.272660829945958,-16.898,-0.04
2023,5,LINGOJIGUDA,10,78,78,9.0,6.0,1198289.89,3603857.7,7815.0,17.3478809,78.5364577,-36.09192193271679,-58.971,1.0
2023,5,MACHABOLLARAM,13,92,92,48.0,44.0,127859.33,2718378.25,6267.0,17.513866,78.5137342,-4.221987933535047,-6.62,-1.252
2023,5,MADHAPUR,15,9807,9807,87.0,43.0,52746370.18,69926510.2,12962.0,17.4408924,78.3916304,-5.798614192233966,-10.565,-3.21
2023,5,MAILERDEV PALLY,16,30,30,30.0,29.0,422245.68,3588984.25,7055.0,17.31916516561942,78.44588448683878,-7.546780559786242,-12.3,-1.008
2023,5,MALAKPET,2,1,1,2.0,2.0,728188.53,1897606.25,5147.0,17.3736706,78.4996484,-9.772093976293876,-15.772,8.35
2023,5,MANIKONDA,18,1932,1932,106.0,72.0,8904437.91,11359404.1,8514.0,17.3999951,78.3861689,-8.64049553514247,-16.362,1.0
2023,5,MANSOORABAD,34,262,262,247.0,8.0,1232371.22,3320999.5,5773.0,17.3541765,78.5652906,-11.76366817945535,-19.847,-2.831
2023,5,MARREDPALLY,7,207,207,12.0,4.0,482513.75,2579400.0,9196.0,17.4507936,78.5048972,-12.47414140833292,-21.362,12.404
2023,5,MARUTHINAGAR,10,296,296,12.0,10.0,1361032.2,7409668.5,7237.0,17.373499742570825,78.54268265383173,-15.115934266731193,-24.0,38.681
2023,5,MEERPET,20,121,121,22.0,19.0,1943663.04,2867030.1,9864.0,17.4546432,78.5715499,-6.441468392795172,-59.023,1.0
2023,5,MEHIDIPATNAM,3,251,251,11.0,10.0,690275.34,3744350.95,6575.0,17.399943921854806,78.43451065196552,-1.2240510318391513,-3.314,1.0
2023,5,METTUGUDA,7,70,70,3.0,1.0,217955.73,1290911.65,4460.0,17.4355036,78.5195573,-12.47414140833292,-21.362,12.404
2023,5,MISRIGUNJ,1,5,5,2.0,1.0,630415.2,1271961.1,4347.0,17.350101211439146,78.45939390321827,-4.981351632256168,-19.652,1.0
2023,5,MIYAPUR,15,741,741,22.0,16.0,1886811.08,10301696.85,7369.0,17.4981608,78.3567628,-7.088238213409196,-15.663,-1.104
2023,5,MOGHULPURA,1,3,3,1.0,0.0,298537.69,2062087.1,6259.0,17.3595023,78.4767749,-4.981351632256168,-19.652,1.0
2023,5,MOOSAPET,9,511,511,28.0,26.0,2996857.98,5447773.9,5669.0,17.4685307,78.4206695,-5.390432301805981,-9.201,-1.035
2023,5,MOOSARAMBAGH,2,162,162,5.0,4.0,1440819.22,4897287.3,7827.0,17.3743532,78.5160835,-9.772093976293876,-15.772,8.35
2023,5,MOTI NAGAR,9,212,212,1.0,1.0,530062.33,4020629.2,5785.0,17.4508069,78.422242,-4.2143448867979,-7.86,1.0
2023,5,MUSHEERABAD,5,224,224,4.0,1.0,410347.0,10224156.95,5315.0,17.4191423,78.4985732,-6.740992341257842,-8.752,-0.051
2023,5,MYSARAM,33,1,1,41.0,40.0,18493320.0,19562429.75,5969.0,17.318186408097194,78.48361779724075,-12.123256123445776,-15.781,1.0
2023,5,NACHARAM,14,145,145,44.0,37.0,7964508.98,13834370.0,10927.0,17.4284936,78.5528098,-2.2643061664055764,-6.6,31.337
2023,5,NAGARAM,19,1,1,79.0,67.0,1509402.26,5369048.05,10243.0,17.4910113,78.613677,-3.9776102214750892,-28.936,-0.751
2023,5,NAGOLE,34,27,27,31.0,23.0,772411.11,4049007.3,7692.0,17.3775306,78.5601231,-8.68556577870009,-15.552,1.0
2023,5,NALLAGANDLA,15,12,12,35.0,24.0,3574511.97,8734010.7,8557.0,17.4774828,78.3060359,-29.150105105964958,-58.481,-4.338
2023,5,NALLAGUTTA,7,62,62,1.0,1.0,1208146.57,2429326.1,4753.0,17.4384334,78.4825328,-1.9424732071532318,-2.693,-0.068
2023,5,NARAYANGUDA,5,340,340,6.0,3.0,3613920.15,5374233.2,7167.0,17.3981159,78.4885006,-2.1866529029494384,-4.994,1.0
2023,5,NGO COLONY,34,86,86,5.0,2.0,602030.82,2092840.4,5599.0,17.327964,78.5657291,-8.534793235350607,-12.209,-3.889
2023,5,NIZAMPET,23,2005,2005,14.0,5.0,2786237.29,3379916.55,4371.0,17.4945061,78.4000017,-46.34703747538678,-48.923,38.884
2023,5,OLD MALLEPALLY,3,32,32,9.0,8.0,124912.13,850098.75,3831.0,17.386722270354426,78.45715718205514,-5.100407564636875,-8.085,-1.774
2023,5,PATHERGATTI,1,2,2,3.0,2.0,2254412.04,4390351.3,4778.0,17.3659836,78.4754866,-3.423985738728608,-11.371,1.0
2023,5,PEDDA AMBERPET,22,1,1,83.0,75.0,978107.19,2402134.5,9408.0,17.3172848,78.6384505,-13.164451668738684,-102.918,-4.079
2023,5,PEERJADIGUDA,19,310,310,75.0,47.0,2052620.06,6651924.9,15920.0,17.4078747,78.6022666,-11.641342145249197,-19.598,24.579
2023,5,POCHARAM,19,2,2,33.0,29.0,531160.5,14321919.15,8427.0,17.1766905,78.6024034,-7.168004578346216,-10.471,-3.471
2023,5,PRAGATHINAGAR,23,1466,1466,8.0,7.0,1243078.2,1553072.85,6047.0,17.3985199,78.5411934,-17.80370829758031,-23.95,-4.554
2023,5,PRAKASHNAGAR,7,269,269,8.0,6.0,4005239.89,8245811.1,9511.0,17.4426888,78.4705479,-1.9424732071532318,-2.693,-0.068
2023,5,RADHIKA,14,174,174,25.0,18.0,575973.25,3397320.1,9816.0,17.4771342,78.563299,-11.611257318416774,-13.556,-0.07
2023,5,RAMACHANDRAPURAM,15,6,6,11.0,9.0,521321.99,3078036.45,7815.0,17.5086345,78.3018685,-10.108599999483703,-48.466,12.475
2023,5,RAMANTHAPUR,14,114,114,27.0,22.0,2213863.62,7067477.2,20206.0,17.3885044,78.5371677,-17.80370829758031,-23.95,-4.554
2023,5,REGIMENTAL BAZAR,7,123,123,1.0,1.0,1330251.95,2437947.0,4295.0,17.4348324,78.5012557,-6.740992341257842,-8.752,-0.051
2023,5,S.P.R HILLS,6,222,222,11.0,7.0,183363.7,1292676.35,10599.0,17.446776445765586,78.41047091648177,-4.2143448867979,-7.86,1.0
2023,5,S.R.NAGAR,6,2182,2182,9.0,5.0,4128097.82,8203390.15,7044.0,17.4417071,78.4416081,-14.461797131758766,-44.338,1.0
2023,5,SAHEBNAGAR,10,287,287,50.0,38.0,1995789.91,10874072.4,12201.0,17.3206264,78.5769132,-4.1107347863508155,-15.067,1.203
2023,5,SAIBABA NAGAR,14,166,166,36.0,30.0,416214.9,2396536.5,7095.0,17.4507229,78.4100017,-5.390432301805981,-9.201,-1.035
2023,5,SAIDABAD,2,66,66,5.0,2.0,681740.28,2842111.8,5891.0,17.359533,78.5147979,-9.772093976293876,-15.772,8.35
2023,5,SAINATHPURAM,13,227,227,20.0,12.0,397986.98,3901923.15,11098.0,17.475693,78.5515621,-2.63240210193732,-54.763,1.0
2023,5,SANTOSHNAGAR,2,1,1,5.0,2.0,618487.28,2087826.45,6090.0,17.3467185,78.5081947,-9.772093976293876,-15.772,8.35
2023,5,SAROORNAGAR,10,277,277,6.0,2.0,1643411.82,3631138.35,6770.0,17.3611655,78.5387443,-36.09192193271679,-58.971,1.0
2023,5,SEETHAPALMANDI,7,144,144,7.0,4.0,430086.54,2488086.05,6169.0,17.425757541676237,78.51990378820871,-6.672931671786576,-12.052,1.0
2023,5,SHAIKPET,3,793,793,15.0,6.0,1445313.73,5704548.05,8301.0,17.4057955,78.4006536,-6.043137507893525,-6.746,-0.009
2023,5,SHAPOORNAGAR,12,291,291,15.0,11.0,511759.9,2182749.2,8036.0,17.51707481088814,78.44358687789398,-6.350885176856137,-10.305,-2.767
2023,5,SHIVAM,5,136,136,4.0,3.0,1378589.43,3339025.5,8943.0,17.3367947,78.6028951,-9.552658212982246,-46.221,1.0
2023,5,SOMAJIGUDA,6,1537,1537,9.0,3.0,4725485.51,12654183.9,6079.0,17.4255053,78.4585197,-6.267983222411594,-34.86,-1.588
2023,5,SRINIVAS NAGAR,7,213,213,4.0,2.0,371342.42,1447017.85,4794.0,17.4402595,78.4451055,-14.461797131758766,-44.338,1.0
2023,5,SUCHITRA,12,283,283,20.0,17.0,1321520.69,6444741.27,8809.0,17.5024582,78.4839794,-16.764837433599137,-24.574,36.118
2023,5,SULEMAN NAGAR,16,108,108,16.0,14.0,261939.38,1612711.7,7510.0,17.3486936,78.4231173,-28.590051792067662,-58.82,-3.436
2023,5,SULTAN BAZAR,4,317,317,3.0,2.0,2584722.08,4469514.35,5784.0,17.3870437,78.4869648,-3.423985738728608,-11.371,1.0
2023,5,SURARAM,12,209,209,32.0,29.0,1047350.27,3253200.5,10464.0,17.5360946,78.4186386,-5.1367885188728355,-18.138,-0.624
2023,5,TAPPA CHABUTRA,3,9,9,5.0,3.0,115243.28,1110622.1,5084.0,17.37851781010729,78.44605498735723,-5.100407564636875,-8.085,-1.774
2023,5,TARNAKA,7,516,516,11.0,6.0,12139980.99,15173766.22,5468.0,17.4285479,78.5379433,-2.2643061664055764,-6.6,31.337
2023,5,THATTIKHANA,6,1148,1148,15.0,10.0,9383434.93,12931865.55,10994.0,17.368368049566055,78.60318365434247,-19.009141170949153,-29.461,1.0
2023,5,THOOMKUNTA,25,2,2,58.0,49.0,467008.68,818384.1,3448.0,17.5602279357445,78.55835134770649,-3.931106679410948,-6.3,-0.659
2023,5,THUKKUGUDA,20,1,1,44.0,34.0,20476846.74,25939275.65,8869.0,17.2144718,78.4766647,-10.917572216237312,-14.209,-6.459
2023,5,TOLI CHOWK,3,307,307,3.0,0.0,644216.45,2430531.45,5031.0,17.399517081462932,78.41474423791212,-6.043137507893525,-6.746,-0.009
2023,5,TURKAYAMJAL,22,3,3,116.0,90.0,1639673.05,4367123.85,12103.0,17.2691643,78.5771279,-7.168004578346216,-10.471,-3.471
2023,5,UPPAL,14,96,96,27.0,18.0,1393413.98,2887391.19,14482.0,17.4025091,78.5612562,-6.855199090082735,-16.385,1.0
2023,5,USHODAYA,12,96,96,11.0,4.0,184563.06,2006659.85,9647.0,17.384909,78.4388101,-5.100407564636875,-8.085,-1.774
2023,5,VAISHALINAGAR,10,94,94,16.0,10.0,1304644.33,5483178.3,10092.0,17.338969152148117,78.54402440653747,-13.665723696483987,-15.8,-7.95
2023,5,VAJPAYEE NAGAR,13,98,98,12.0,10.0,331271.35,1912120.4,8791.0,17.493544000750763,78.45891297321583,-16.764837433599137,-24.574,36.118
2023,5,VANASTHALIPURAM,34,199,199,16.0,12.0,1500681.23,3674631.75,7088.0,17.3303179,78.568278,-8.534793235350607,-12.209,-3.889
2023,5,VATTEPALLY,1,1,1,25.0,13.0,261884.0,1000754.4,4076.0,17.3305423,78.4621512,-4.981351632256168,-19.652,1.0
2023,5,VENGALRAONAGAR,6,1202,1202,5.0,2.0,1914223.4,5439478.0,8350.0,17.442176085833477,78.43833257797534,-14.461797131758766,-44.338,1.0
2023,5,VENKATAPURAM,13,151,151,12.0,8.0,343909.83,2527998.7,6809.0,17.496189,78.5043108,-8.97585561892137,-40.761,-6.248
2023,5,VIGYANPURI,5,34,34,4.0,3.0,3893150.5,5357297.6,4014.0,17.403003650874158,78.51134135120137,-2.1866529029494384,-4.994,1.0
2023,5,VIJAYNAGAR COLONY,3,431,431,4.0,3.0,1054419.82,3316997.45,6193.0,17.3442548,78.5412895,-13.665723696483987,-15.8,-7.95
2023,5,VINAY NAGAR,2,26,26,3.0,2.0,455119.96,2225904.6,5542.0,17.3515414,78.5111106,-9.772093976293876,-15.772,8.35
2023,5,VIVEKANANDA NAGAR,9,238,238,9.0,6.0,1458242.74,5631931.5,7151.0,17.3627254,78.5293456,-36.09192193271679,-58.971,1.0
2023,5,YAPRAL,13,160,160,81.0,58.0,315504.18,2638924.0,6271.0,17.5030543,78.5407976,-6.247539089917872,-12.503,-0.354
2023,5,YELLAMMABANDA,9,598,598,40.0,33.0,265654.62,2450285.65,9576.0,17.5102678,78.4070824,-46.34703747538678,-48.923,38.884
2023,5,YELLAREDDYGUDA,6,1216,1216,10.0,4.0,2553323.43,6618493.65,8745.0,17.4333135,78.4415476,-14.461797131758766,-44.338,1.0
2023,5,ZIAGUDA,4,5,5,5.0,3.0,228751.34,1428287.4,5933.0,17.3658951,78.4503072,-6.23629193008042,-14.06,-2.04
2023,6,ADARSHNAGAR,12,71,71,5.0,4.0,12605164.67,14457454.95,5883.0,17.404546984247553,78.47358389715174,-4.225103036755199,-6.03,25.278
2023,6,ADIKMET,5,98,98,6.0,4.0,1151371.34,2199116.6,2931.0,17.4095495,78.5130943,-6.672931671786576,-12.052,1.0
2023,6,AHMED NAGAR,3,192,192,2.0,2.0,81825.0,635967.9,2906.0,17.404066,78.4442286,-1.2240510318391513,-3.314,1.0
2023,6,ALKAPURI,10,964,964,9.0,3.0,1858547.21,4343100.15,8320.0,17.3662342,78.5549781,-15.115934266731193,-24.0,38.681
2023,6,ALLABANDA,4,7,7,2.0,2.0,301589.03,1924601.0,7805.0,17.3803134,78.4577022,-5.100407564636875,-8.085,-1.774
2023,6,ALWAL,13,60,60,23.0,8.0,44008114.6,42165199.3,8822.0,17.5022292,78.5088584,-4.221987933535047,-6.62,-1.252
2023,6,AMBERPET,5,26,26,3.0,3.0,,,,17.3861776,78.5114709,-2.1866529029494384,-4.994,1.0
2023,6,AMEENPUR,24,9,9,44.0,42.0,18884584.59,12948702.65,6832.0,17.5236905,78.3317297,-1.7808493513536299,-2.91,-0.787
2023,6,ASIF NAGAR,3,56,56,6.0,5.0,429005.89,2017716.45,5405.0,17.3857483,78.4505083,-5.100407564636875,-8.085,-1.774
2023,6,ASMANGARH,2,156,156,4.0,2.0,782687.32,3346470.35,5575.0,17.36850992532914,78.51429549554615,-9.772093976293876,-15.772,8.35
2023,6,ATTAPUR,16,254,254,36.0,31.0,785636.94,2688988.0,8743.0,17.3672244,78.4307278,-7.357040143594367,-8.99,1.0
2023,6,AUTONAGAR,34,151,151,67.0,55.0,1791616.82,4761373.0,10141.0,17.3356141,78.5792031,-18.449006726509495,-54.592,-0.173
2023,6,AZAMABAD,5,432,432,8.0,2.0,1433439.52,4251146.15,11028.0,17.4040194,78.5043767,-2.1866529029494384,-4.994,1.0
2023,6,AZAMPURA,2,16,16,5.0,3.0,365737.74,2597843.3,4920.0,17.3761935,78.490874,-3.423985738728608,-11.371,1.0
2023,6,B.N.REDDY NAGAR,34,90,90,25.0,17.0,848157.25,2725448.4,7039.0,17.321914,78.5597937,-8.534793235350607,-12.209,-3.889
2023,6,BACHUPALLY,23,103,103,24.0,18.0,11734247.34,9993658.13,3796.0,17.536648,78.3644736,-77.33563988117173,-83.42,20.074
2023,6,BADANGPET,20,53,53,147.0,123.0,5185117.95,6521955.5,20319.0,17.3383467,78.5222127,-13.665723696483987,-15.8,-7.95
2023,6,BAGH LINGAMPALLY,5,335,335,3.0,1.0,870446.24,2533554.9,6107.0,17.3974359,78.4979706,-2.1866529029494384,-4.994,1.0
2023,6,BAHADURPURA,1,3,3,7.0,6.0,1839264.4,6230926.76,5922.0,17.3570672,78.4545419,-4.981351632256168,-19.652,1.0
2023,6,BALAJINAGAR,9,2006,2006,14.0,8.0,2641998.85,4765038.2,7806.0,17.5149256,78.560679,-7.086502418049685,-10.359,1.0
2023,6,BALANAGAR,9,77,77,7.0,5.0,2305459.32,3810899.67,10809.0,17.4768224,78.4219645,-40.21863524752012,-59.528,-11.334
2023,6,BALAPUR,33,1,1,6.0,4.0,544016.55,1407962.75,5772.0,17.307521,78.5053298,-12.123256123445776,-15.781,1.0
2023,6,BANDLAGUDA,33,9,9,40.0,32.0,206974.5,1362444.3,7516.0,17.3714879,78.5727265,-19.009141170949153,-29.461,1.0
2023,6,BANJARA HILLS,6,4698,4698,12.0,7.0,13688276.21,18243204.6,10851.0,17.4177464,78.4399014,-6.267983222411594,-34.86,-1.588
2023,6,BARKATPURA,5,317,317,6.0,3.0,1647137.57,5072075.85,6439.0,17.3926121,78.4969683,-2.1866529029494384,-4.994,1.0
2023,6,BEERAMGUDA,24,3,3,120.0,112.0,47587581.93,2496931.05,9459.0,17.5091218,78.3004614,-10.108599999483703,-48.466,12.475
2023,6,BHAGATSINGH NAGAR,12,57,57,9.0,5.0,433827.09,1821205.61,5309.0,17.49324711103568,78.38735077021973,-21.42419514433048,-104.503,-11.263
2023,6,BHAGYANAGAR,9,1701,1701,8.0,4.0,4648763.19,10734868.2,6136.0,17.4076662,78.4957155,-2.1866529029494384,-4.994,1.0
2023,6,BHARATHNAGAR,9,336,336,9.0,4.0,564220.79,1576150.05,6549.0,17.3478913,78.55648,-11.76366817945535,-19.847,-2.831
2023,6,BODUPPAL,19,144,144,158.0,123.0,67704886.2,5679626.4,24375.0,17.3988408,78.5366218,-17.80370829758031,-23.95,-4.554
2023,6,BOIGUDA,7,204,204,8.0,4.0,448010.73,846722.65,5641.0,17.4286363,78.4969962,-6.740992341257842,-8.752,-0.051
2023,6,BORABANDA,6,395,395,1.0,1.0,380342.67,2082486.1,7113.0,17.4590687,78.4078664,-5.390432301805981,-9.201,-1.035
2023,6,BOUDHANAGAR,7,112,112,4.0,4.0,273455.61,2128757.85,6418.0,17.4160319,78.517419,-6.672931671786576,-12.052,1.0
2023,6,BUDVEL,16,92,92,18.0,16.0,3503276.06,5728058.88,7311.0,17.33298,78.406191,-8.60961196694741,-20.379,1.0
2023,6,CHANCHALGUDA,2,30,30,,,2797128.71,2334549.7,5459.0,17.3673732,78.4965799,-9.772093976293876,-15.772,8.35
2023,6,CHANDA NAGAR,15,791,791,16.0,11.0,2110304.74,4582105.45,8790.0,17.4534764,78.3943669,-5.798614192233966,-10.565,-3.21
2023,6,CHANUDLAL BHARADARI,1,3,3,4.0,0.0,601419.41,2809936.95,8558.0,17.35207924290198,78.45954822278678,-4.981351632256168,-19.652,1.0
2023,6,CHANUKYAPURI,13,169,169,9.0,3.0,1124176.58,3862467.01,11820.0,17.35903320948377,78.5617337593459,-11.76366817945535,-19.847,-2.831
2023,6,CHERLAPALLY,14,23,23,49.0,39.0,520864.06,3556241.2,8202.0,17.4687455,78.6024858,-3.9776102214750892,-28.936,-0.751
2023,6,CHINTAL,12,61,61,27.0,15.0,8931065.84,12779671.7,9602.0,17.5021756,78.440609,-6.350885176856137,-10.305,-2.767
2023,6,CHINTAL BASTHI,3,276,276,6.0,4.0,611840.93,3143637.3,5178.0,17.4073576,78.4567152,-1.2240510318391513,-3.314,1.0
2023,6,DEEPTHISRI NAGAR,15,813,813,22.0,20.0,2129318.67,12859468.65,4998.0,17.50066559761306,78.33937200961574,-1.7808493513536299,-2.91,-0.787
2023,6,DEFENCE COLONY,13,260,260,16.0,13.0,659638.58,3338914.05,11573.0,17.3176682,78.6117136,-9.552658212982246,-46.221,1.0
2023,6,DHAMMAIGUDA,19,3,3,87.0,60.0,57550136.29,760310.8,10517.0,17.4989069255254,78.59838586027956,-19.770034480776104,-59.541,14.483
2023,6,DHOOD BOWLI,1,3,3,3.0,3.0,998993.0,2027266.75,6088.0,17.358865699843125,78.46540079693314,-4.981351632256168,-19.652,1.0
2023,6,DILSHUKNAGAR,10,63,63,2.0,1.0,1716435.25,3331702.95,6069.0,17.3710329,78.5254623,-36.09192193271679,-58.971,1.0
2023,6,DOMALGUDA,5,54,54,3.0,1.0,1149700.23,2385207.9,5458.0,17.4078455,78.4850003,-4.225103036755199,-6.03,25.278
2023,6,ERRAGADDA,6,738,738,4.0,3.0,1274789.29,4109306.6,6676.0,17.4487999,78.4356074,-4.2143448867979,-7.86,1.0
2023,6,FATHENAGAR,6,1026,1026,8.0,5.0,4311614.27,7494845.95,7680.0,17.4598339,78.4525504,-4.2143448867979,-7.86,1.0
2023,6,FATHER BALAIAHNAGAR,13,728,728,41.0,33.0,937212.8,7266159.7,5926.0,17.50818327428803,78.4937064516262,-16.764837433599137,-24.574,36.118
2023,6,FILM NAGAR,6,458,458,11.0,4.0,8059347.46,11516129.2,7940.0,17.4140574,78.4105031,-6.043137507893525,-6.746,-0.009
2023,6,GACHIBOWLI,15,2067,2067,39.0,28.0,34135643.29,60014758.94,6498.0,17.4436222,78.3519638,-7.851808252285321,-13.636,1.0
2023,6,GAJULARAMARAM,12,374,374,89.0,69.0,1303575.19,5323628.0,7949.0,17.5271759,78.4200077,-5.1367885188728355,-18.138,-0.624
2023,6,GANDHINAGAR,5,466,466,1.0,0.0,1273681.99,3303243.8,5999.0,17.4077928,78.4925707,-4.225103036755199,-6.03,25.278
2023,6,GANDIMAISAMMA,23,1,1,113.0,77.0,1001360.64,1885402.45,3936.0,17.576965,78.421959,-12.080203428747952,-41.208,-9.662
2023,6,GAYATRI NAGAR,9,929,929,10.0,9.0,883353.97,2734072.05,6816.0,17.4566764,78.4035867,-5.798614192233966,-10.565,-3.21
2023,6,GODE-KI-KABAR,4,42,42,1.0,0.0,457085.54,2498956.85,7862.0,17.376976148401162,78.46196399554636,-5.100407564636875,-8.085,-1.774
2023,6,GOLCONDA,3,20,20,3.0,3.0,9171152.1,10046613.24,5885.0,17.3873294,78.4057336,-6.272660829945958,-16.898,-0.04
2023,6,GOWLIGUDA,4,66,66,2.0,0.0,901438.34,6798132.35,4791.0,17.377643,78.4787716,-3.423985738728608,-11.371,1.0
2023,6,GOWLIPURA,33,2,2,1.0,1.0,120454.29,984611.85,5692.0,17.3462321,78.4799077,-12.123256123445776,-15.781,1.0
2023,6,GOWTHAM NAGAR,13,147,147,11.0,7.0,1018032.25,3406411.85,8014.0,17.4539263,78.527344,-4.236881728429952,-6.098,1.0
2023,6,GUNFOUNDRY,4,343,343,4.0,3.0,2467601.95,4462175.45,3780.0,17.3936441,78.4756654,-3.3423306430785304,-5.452,1.0
2023,6,HAFEEZPET,15,4910,4910,8.0,4.0,5268637.98,12893718.75,6578.0,17.4834409,78.3611316,-17.663445787684253,-26.918,1.0
2023,6,HAKEEMPET,3,116,116,2.0,1.0,290232.99,1340670.2,4478.0,17.4056403,78.4178824,-6.043137507893525,-6.746,-0.009
2023,6,HASMATHPET,9,547,547,9.0,3.0,967237.67,2786655.35,10051.0,17.4758254,78.4847371,-1.3120815705640303,-1.67,1.0
2023,6,HOUSING BOARD,14,23,23,21.0,15.0,279092.63,894506.45,9338.0,17.4922068,78.3973638,-21.42419514433048,-104.503,-11.263
2023,6,HUBSIGUDA,14,330,330,11.0,7.0,6219316.85,8521306.71,6965.0,17.412012724821263,78.54561665602095,-7.538105379814497,-8.769,-2.539
2023,6,HYDERGUDA,16,775,775,39.0,25.0,1537225.59,4470295.5,6414.0,17.4012791,78.4804894,-4.225103036755199,-6.03,25.278
2023,6,JAGATHGIRIGUTTA,12,121,121,15.0,12.0,296701.25,2386564.2,11396.0,17.4993176,78.4226016,-5.1367885188728355,-18.138,-0.624
2023,6,JANGAMMET,33,6,6,2.0,1.0,193031.86,1159868.8,4789.0,17.336251,78.4744044,-12.123256123445776,-15.781,1.0
2023,6,JAWAHARNAGAR,25,3,3,663.0,558.0,45186800.86,6098540.0,15303.0,17.437754,78.4845463,-1.9424732071532318,-2.693,-0.068
2023,6,JEEDIMETLA,12,142,142,23.0,14.0,5789169.59,13824826.92,8413.0,17.519687,78.4468876,-6.350885176856137,-10.305,-2.767
2023,6,JILLELAGUDA,20,22,22,24.0,19.0,5420519.25,1350000.25,4930.0,17.3376801,78.5322366,-13.665723696483987,-15.8,-7.95
2023,6,JUBILEE HILLS,6,3556,3556,26.0,12.0,6029781.01,8870701.1,6632.0,17.4308362,78.4102882,-6.043137507893525,-6.746,-0.009
2023,6,KAKATIYA NAGAR,3,323,323,3.0,3.0,519868.96,1275100.25,3997.0,17.4785837,78.5406026,-12.484480768704271,-19.217,1.0
2023,6,KAMALANAGAR,34,237,237,35.0,33.0,804450.47,3652999.4,7910.0,17.4728043,78.566675,-9.045252142363507,-29.864,-0.004
2023,6,KANCHANBAGH,33,3,3,1.0,1.0,266727.29,1327461.65,6281.0,17.3280563,78.5001695,-12.123256123445776,-15.781,1.0
2023,6,KARWAN,3,18,18,3.0,2.0,209116.1,2127882.9,6685.0,17.376013,78.4331894,-7.357040143594367,-8.99,1.0
2023,6,KATEDAN,16,13,13,32.0,26.0,586198.57,2806686.5,7015.0,17.3026835,78.4398207,-1.2653078280464742,-3.218,-0.732
2023,6,KISHAN BAGH,1,3,3,1.0,0.0,402253.66,1279116.9,5053.0,17.3575261,78.44485,-4.981351632256168,-19.652,1.0
2023,6,KISMATHPUR,18,1170,1170,174.0,106.0,29342884.42,7824568.1,13684.0,17.3343045,78.3936455,-14.163095030058026,-19.578,-7.69
2023,6,KOMPALLY,25,2,2,22.0,19.0,55537522.42,1649934.2,4183.0,17.5354868,78.5096979,-4.171070941747054,-7.296,1.0
2023,6,KONDAPUR,15,8295,8295,64.0,43.0,6031782.29,10681031.5,7906.0,17.4587912,78.3730556,-9.15338763082218,-13.794,-3.253
2023,6,KOTHAPETA,10,113,113,18.0,14.0,944227.6,4218869.35,7233.0,17.367222832295177,78.545668383567,-15.115934266731193,-24.0,38.681
2023,6,KPHB,9,4401,4401,25.0,19.0,8359836.88,15766448.75,9511.0,17.4939602,78.4008412,-46.34703747538678,-48.923,38.884
2023,6,KUKATPALLY,9,631,631,25.0,11.0,2188995.73,5004702.3,6772.0,17.4930841,78.4054408,-46.34703747538678,-48.923,38.884
2023,6,L.B.NAGAR,34,132,132,22.0,15.0,1290992.72,3263421.55,6199.0,17.349846,78.5479412,-36.09192193271679,-58.971,1.0
2023,6,LALAPET,7,34,34,3.0,2.0,3416907.99,4722978.0,6284.0,17.4388301,78.54187,-2.2643061664055764,-6.6,31.337
2023,6,LANGER HOUSE,3,45,45,15.0,10.0,382102.37,2213736.2,7644.0,17.37331,78.41387,-6.272660829945958,-16.898,-0.04
2023,6,LINGOJIGUDA,10,93,93,7.0,6.0,1288130.46,4236854.9,7815.0,17.3478809,78.5364577,-36.09192193271679,-58.971,1.0
2023,6,MACHABOLLARAM,13,89,89,118.0,107.0,248604.31,4724807.25,6267.0,17.513866,78.5137342,-4.221987933535047,-6.62,-1.252
2023,6,MADANNAPET,2,21,21,,,273753.81,1827527.95,5891.0,17.3585578,78.4971064,-9.772093976293876,-15.772,8.35
2023,6,MADHAPUR,15,10037,10037,96.0,48.0,56514647.42,70533282.26,12962.0,17.4408924,78.3916304,-5.798614192233966,-10.565,-3.21
2023,6,MAILERDEV PALLY,16,47,47,29.0,24.0,554335.22,2269226.95,7055.0,17.31916516561942,78.44588448683878,-7.546780559786242,-12.3,-1.008
2023,6,MALAKPET,2,4,4,,,894200.15,4445465.4,5147.0,17.3736706,78.4996484,-9.772093976293876,-15.772,8.35
2023,6,MANIKONDA,18,2666,2666,89.0,73.0,159659400.4,10305201.6,8514.0,17.3999951,78.3861689,-8.64049553514247,-16.362,1.0
2023,6,MANSOORABAD,34,548,548,24.0,8.0,915726.9,2874060.0,5773.0,17.3541765,78.5652906,-11.76366817945535,-19.847,-2.831
2023,6,MARREDPALLY,7,249,249,6.0,4.0,424336.89,2169352.15,9196.0,17.4507936,78.5048972,-12.47414140833292,-21.362,12.404
2023,6,MARUTHINAGAR,10,373,373,3.0,3.0,1428342.57,4580571.85,7237.0,17.373499742570825,78.54268265383173,-15.115934266731193,-24.0,38.681
2023,6,MEERPET,20,170,170,28.0,23.0,5809881.17,2758531.35,9864.0,17.4546432,78.5715499,-6.441468392795172,-59.023,1.0
2023,6,MEHIDIPATNAM,3,242,242,10.0,7.0,841114.58,3301714.45,6575.0,17.399943921854806,78.43451065196552,-1.2240510318391513,-3.314,1.0
2023,6,METTUGUDA,7,62,62,3.0,2.0,291657.11,1304144.5,4460.0,17.4355036,78.5195573,-12.47414140833292,-21.362,12.404
2023,6,MISRIGUNJ,1,2,2,,,552867.7,1412255.65,4347.0,17.350101211439146,78.45939390321827,-4.981351632256168,-19.652,1.0
2023,6,MIYAPUR,15,905,905,35.0,23.0,2688925.94,10630703.05,7369.0,17.4981608,78.3567628,-7.088238213409196,-15.663,-1.104
2023,6,MOGHULPURA,1,2,2,5.0,4.0,226741.38,2068127.55,6259.0,17.3595023,78.4767749,-4.981351632256168,-19.652,1.0
2023,6,MOOSAPET,9,482,482,18.0,12.0,3091521.91,10799979.6,5669.0,17.4685307,78.4206695,-5.390432301805981,-9.201,-1.035
2023,6,MOOSARAMBAGH,2,222,222,19.0,14.0,1845904.88,5125954.5,7827.0,17.3743532,78.5160835,-9.772093976293876,-15.772,8.35
2023,6,MOTI NAGAR,9,290,290,4.0,4.0,462914.56,1177583.5,5785.0,17.4508069,78.422242,-4.2143448867979,-7.86,1.0
2023,6,MUSHEERABAD,5,633,633,6.0,4.0,567050.63,11645546.25,5315.0,17.4191423,78.4985732,-6.740992341257842,-8.752,-0.051
2023,6,MYSARAM,33,4,4,27.0,24.0,23956376.59,20596194.75,5969.0,17.318186408097194,78.48361779724075,-12.123256123445776,-15.781,1.0
2023,6,NACHARAM,14,164,164,25.0,21.0,7226058.4,10709538.53,10927.0,17.4284936,78.5528098,-2.2643061664055764,-6.6,31.337
2023,6,NAGARAM,19,3,3,64.0,51.0,1286876.26,2044358.6,10243.0,17.4910113,78.613677,-3.9776102214750892,-28.936,-0.751
2023,6,NAGOLE,34,43,43,35.0,25.0,1169345.0,5957267.3,7692.0,17.3775306,78.5601231,-8.68556577870009,-15.552,1.0
2023,6,NALLAGANDLA,15,6,6,28.0,22.0,2995463.56,25343615.25,8557.0,17.4774828,78.3060359,-29.150105105964958,-58.481,-4.338
2023,6,NALLAGUTTA,7,116,116,1.0,1.0,1070476.5,2789526.45,4753.0,17.4384334,78.4825328,-1.9424732071532318,-2.693,-0.068
2023,6,NARAYANGUDA,5,464,464,3.0,0.0,3724772.5,8292327.5,7167.0,17.3981159,78.4885006,-2.1866529029494384,-4.994,1.0
2023,6,NGO COLONY,34,93,93,8.0,7.0,661775.21,2077920.5,5599.0,17.327964,78.5657291,-8.534793235350607,-12.209,-3.889
2023,6,NIZAMPET,23,2753,2753,15.0,10.0,10087025.77,8056329.2,4371.0,17.4945061,78.4000017,-46.34703747538678,-48.923,38.884
2023,6,OLD MALLEPALLY,3,33,33,14.0,14.0,258209.24,2270884.8,3831.0,17.386722270354426,78.45715718205514,-5.100407564636875,-8.085,-1.774
2023,6,PATANCHERU,15,1,1,9.0,8.0,2700.0,261268.85,7009.0,17.5286092,78.2674254,-15.572393745172485,-19.944,-9.782
2023,6,PATHERGATTI,1,2,2,2.0,1.0,2212604.73,3973925.65,4778.0,17.3659836,78.4754866,-3.423985738728608,-11.371,1.0
2023,6,PEERJADIGUDA,19,423,423,51.0,43.0,70275906.69,11081162.4,15920.0,17.4078747,78.6022666,-11.641342145249197,-19.598,24.579
2023,6,POCHARAM,19,1,1,32.0,28.0,7679873.1,586395.8,8427.0,17.1766905,78.6024034,-7.168004578346216,-10.471,-3.471
2023,6,PRAGATHINAGAR,23,1692,1692,13.0,10.0,37619886.76,751065.15,6047.0,17.3985199,78.5411934,-17.80370829758031,-23.95,-4.554
2023,6,PRAKASHNAGAR,7,234,234,6.0,3.0,5058146.87,9172460.0,9511.0,17.4426888,78.4705479,-1.9424732071532318,-2.693,-0.068
2023,6,RADHIKA,14,159,159,26.0,21.0,914508.96,5524787.95,9816.0,17.4771342,78.563299,-11.611257318416774,-13.556,-0.07
2023,6,RAMACHANDRAPURAM,15,6,6,6.0,5.0,730357.61,1869069.6,7815.0,17.5086345,78.3018685,-10.108599999483703,-48.466,12.475
2023,6,RAMANTHAPUR,14,204,204,28.0,26.0,2326623.91,5960723.25,20206.0,17.3885044,78.5371677,-17.80370829758031,-23.95,-4.554
2023,6,REGIMENTAL BAZAR,7,123,123,2.0,1.0,1463822.67,2598950.73,4295.0,17.4348324,78.5012557,-6.740992341257842,-8.752,-0.051
2023,6,RIYASATH NAGAR,33,3,3,8.0,8.0,245666.19,1347977.75,4937.0,17.3890675,78.4053603,-6.272660829945958,-16.898,-0.04
2023,6,S.P.R HILLS,6,312,312,9.0,7.0,241407.18,2748073.25,10599.0,17.446776445765586,78.41047091648177,-4.2143448867979,-7.86,1.0
2023,6,S.R.NAGAR,6,3559,3559,7.0,4.0,4384934.94,6386686.35,7044.0,17.4417071,78.4416081,-14.461797131758766,-44.338,1.0
2023,6,SAHEBNAGAR,10,331,331,66.0,45.0,1573112.0,12075018.95,12201.0,17.3206264,78.5769132,-4.1107347863508155,-15.067,1.203
2023,6,SAIBABA NAGAR,14,140,140,45.0,33.0,391531.45,936462.95,7095.0,17.4507229,78.4100017,-5.390432301805981,-9.201,-1.035
2023,6,SAIDABAD,2,60,60,2.0,2.0,755884.78,2810395.45,5891.0,17.359533,78.5147979,-9.772093976293876,-15.772,8.35
2023,6,SAINATHPURAM,13,190,190,22.0,14.0,363017.88,3556999.7,11098.0,17.475693,78.5515621,-2.63240210193732,-54.763,1.0
2023,6,SANTOSHNAGAR,2,7,7,2.0,1.0,793747.31,2133378.5,6090.0,17.3467185,78.5081947,-9.772093976293876,-15.772,8.35
2023,6,SAROORNAGAR,10,277,277,8.0,3.0,1995236.84,6761110.9,6770.0,17.3611655,78.5387443,-36.09192193271679,-58.971,1.0
2023,6,SEETHAPALMANDI,7,216,216,2.0,1.0,455899.15,1871505.25,6169.0,17.425757541676237,78.51990378820871,-6.672931671786576,-12.052,1.0
2023,6,SHAIKPET,3,913,913,11.0,9.0,2097355.56,6603953.8,8301.0,17.4057955,78.4006536,-6.043137507893525,-6.746,-0.009
2023,6,SHAMSHABAD,20,2,2,42.0,14.0,28441180.83,2379296.95,6795.0,17.257207,78.3451039,-9.7840682652234,-13.167,-5.447
2023,6,SHAPOORNAGAR,12,559,559,10.0,6.0,705250.16,4847436.7,8036.0,17.51707481088814,78.44358687789398,-6.350885176856137,-10.305,-2.767
2023,6,SHIVAM,5,177,177,4.0,4.0,1284136.82,4840223.3,8943.0,17.3367947,78.6028951,-9.552658212982246,-46.221,1.0
2023,6,SOMAJIGUDA,6,1786,1786,3.0,0.0,5657718.61,8284410.9,6079.0,17.4255053,78.4585197,-6.267983222411594,-34.86,-1.588
2023,6,SRINIVAS NAGAR,7,439,439,4.0,4.0,440364.7,1892258.3,4794.0,17.4402595,78.4451055,-14.461797131758766,-44.338,1.0
2023,6,SUCHITRA,12,275,275,23.0,18.0,2004420.99,5469477.72,8809.0,17.5024582,78.4839794,-16.764837433599137,-24.574,36.118
2023,6,SULEMAN NAGAR,16,92,92,2.0,2.0,331062.31,1738070.8,7510.0,17.3486936,78.4231173,-28.590051792067662,-58.82,-3.436
2023,6,SULTAN BAZAR,4,424,424,5.0,3.0,2331095.17,4074596.35,5784.0,17.3870437,78.4869648,-3.423985738728608,-11.371,1.0
2023,6,SURARAM,12,169,169,7.0,6.0,1221667.91,3173926.6,10464.0,17.5360946,78.4186386,-5.1367885188728355,-18.138,-0.624
2023,6,TAPPA CHABUTRA,3,11,11,1.0,1.0,102891.0,1066839.45,5084.0,17.37851781010729,78.44605498735723,-5.100407564636875,-8.085,-1.774
2023,6,TARNAKA,7,568,568,6.0,0.0,13550580.94,16581656.21,5468.0,17.4285479,78.5379433,-2.2643061664055764,-6.6,31.337
2023,6,THATTIKHANA,6,1302,1302,22.0,14.0,8325764.48,12106917.65,10994.0,17.368368049566055,78.60318365434247,-19.009141170949153,-29.461,1.0
2023,6,THUKKUGUDA,20,1,1,38.0,34.0,23498678.41,24352610.8,8869.0,17.2144718,78.4766647,-10.917572216237312,-14.209,-6.459
2023,6,TOLI CHOWK,3,320,320,17.0,8.0,736061.37,2283056.51,5031.0,17.399517081462932,78.41474423791212,-6.043137507893525,-6.746,-0.009
2023,6,TURKAYAMJAL,22,1,1,106.0,77.0,143885164.1,3477278.65,12103.0,17.2691643,78.5771279,-7.168004578346216,-10.471,-3.471
2023,6,UPPAL,14,114,114,30.0,27.0,944610.99,3187230.22,14482.0,17.4025091,78.5612562,-6.855199090082735,-16.385,1.0
2023,6,USHODAYA,12,136,136,17.0,13.0,256559.06,2068861.05,9647.0,17.384909,78.4388101,-5.100407564636875,-8.085,-1.774
2023,6,VAISHALINAGAR,10,129,129,30.0,26.0,1495627.1,5669581.65,10092.0,17.338969152148117,78.54402440653747,-13.665723696483987,-15.8,-7.95
2023,6,VAJPAYEE NAGAR,13,72,72,2.0,2.0,431476.69,2311239.75,8791.0,17.493544000750763,78.45891297321583,-16.764837433599137,-24.574,36.118
2023,6,VANASTHALIPURAM,34,367,367,13.0,13.0,1613595.41,5232843.8,7088.0,17.3303179,78.568278,-8.534793235350607,-12.209,-3.889
2023,6,VENGALRAONAGAR,6,1827,1827,3.0,1.0,1984356.13,5424938.76,8350.0,17.442176085833477,78.43833257797534,-14.461797131758766,-44.338,1.0
2023,6,VENKATAPURAM,13,178,178,13.0,8.0,585993.35,4216915.55,6809.0,17.496189,78.5043108,-8.97585561892137,-40.761,-6.248
2023,6,VIGYANPURI,5,100,100,2.0,1.0,4666399.27,5989773.7,4014.0,17.403003650874158,78.51134135120137,-2.1866529029494384,-4.994,1.0
2023,6,VIJAYNAGAR COLONY,3,517,517,2.0,1.0,1304416.99,3736371.6,6193.0,17.3442548,78.5412895,-13.665723696483987,-15.8,-7.95
2023,6,VINAY NAGAR,2,36,36,4.0,2.0,454467.95,2770921.6,5542.0,17.3515414,78.5111106,-9.772093976293876,-15.772,8.35
2023,6,VIVEKANANDA NAGAR,9,151,151,5.0,5.0,1392613.52,6269856.95,7151.0,17.3627254,78.5293456,-36.09192193271679,-58.971,1.0
2023,6,YAKATPURA,2,3,3,,,319684.05,1554038.4,7057.0,17.359093387793546,78.4853163967196,-9.772093976293876,-15.772,8.35
2023,6,YAPRAL,13,129,129,104.0,71.0,805928.02,4572867.55,6271.0,17.5030543,78.5407976,-6.247539089917872,-12.503,-0.354
2023,6,YELLAMMABANDA,9,752,752,44.0,39.0,380466.96,2056874.8,9576.0,17.5102678,78.4070824,-46.34703747538678,-48.923,38.884
2023,6,YELLAREDDYGUDA,6,1310,1310,16.0,9.0,2505883.04,5494157.8,8745.0,17.4333135,78.4415476,-14.461797131758766,-44.338,1.0
2023,6,ZIAGUDA,4,4,4,9.0,9.0,303215.65,1416409.1,5933.0,17.3658951,78.4503072,-6.23629193008042,-14.06,-2.04
2023,7,ADARSHNAGAR,12,60,60,5.0,3.0,12029530.48,16287759.39,5883.0,17.404546984247553,78.47358389715174,-4.225103036755199,-6.03,25.278
2023,7,ADIBATLA,22,1,1,1.0,1.0,1370888.5,1531405.5,760.0,17.230899,78.5558997,-7.168004578346216,-10.471,-3.471
2023,7,ADIKMET,5,77,77,2.0,2.0,1250163.13,2473414.05,2931.0,17.4095495,78.5130943,-6.672931671786576,-12.052,1.0
2023,7,AHMED NAGAR,3,82,82,4.0,4.0,60989.02,552409.9,2906.0,17.404066,78.4442286,-1.2240510318391513,-3.314,1.0
2023,7,ALIABAD,33,2,2,3.0,2.0,149522.0,1224641.95,6411.0,17.34563,78.4726799,-4.981351632256168,-19.652,1.0
2023,7,ALKAPURI,10,678,678,9.0,2.0,2132306.34,5432959.95,8320.0,17.3662342,78.5549781,-15.115934266731193,-24.0,38.681
2023,7,ALLABANDA,4,10,10,1.0,1.0,221749.72,1638231.2,7805.0,17.3803134,78.4577022,-5.100407564636875,-8.085,-1.774
2023,7,ALWAL,13,58,58,23.0,10.0,36498576.64,38962641.2,8822.0,17.5022292,78.5088584,-4.221987933535047,-6.62,-1.252
2023,7,AMBERPET,5,35,35,6.0,4.0,,,,17.3861776,78.5114709,-2.1866529029494384,-4.994,1.0
2023,7,AMEENPUR,24,1,1,123.0,109.0,14042659.77,14201004.6,6832.0,17.5236905,78.3317297,-1.7808493513536299,-2.91,-0.787
2023,7,ASIF NAGAR,3,18,18,3.0,3.0,384235.55,1676382.15,5405.0,17.3857483,78.4505083,-5.100407564636875,-8.085,-1.774
2023,7,ASMANGARH,2,83,83,1.0,1.0,943524.59,2430194.4,5575.0,17.36850992532914,78.51429549554615,-9.772093976293876,-15.772,8.35
2023,7,ATTAPUR,16,105,105,33.0,24.0,636056.26,2701038.0,8743.0,17.3672244,78.4307278,-7.357040143594367,-8.99,1.0
2023,7,AUTONAGAR,34,85,85,92.0,76.0,833117.64,3677592.9,10141.0,17.3356141,78.5792031,-18.449006726509495,-54.592,-0.173
2023,7,AZAMABAD,5,320,320,3.0,1.0,1460976.82,3892785.3,11028.0,17.4040194,78.5043767,-2.1866529029494384,-4.994,1.0
2023,7,AZAMPURA,2,2,2,,,378830.59,1959120.6,4920.0,17.3761935,78.490874,-3.423985738728608,-11.371,1.0
2023,7,B.N.REDDY NAGAR,34,38,38,33.0,25.0,765322.8,2505402.5,7039.0,17.321914,78.5597937,-8.534793235350607,-12.209,-3.889
2023,7,BACHUPALLY,23,95,95,37.0,24.0,7463923.51,7869075.4,3796.0,17.536648,78.3644736,-77.33563988117173,-83.42,20.074
2023,7,BADANGPET,20,44,44,128.0,111.0,4037359.67,6608126.5,20319.0,17.3383467,78.5222127,-13.665723696483987,-15.8,-7.95
2023,7,BAGH LINGAMPALLY,5,270,270,5.0,1.0,710032.59,1602842.5,6107.0,17.3974359,78.4979706,-2.1866529029494384,-4.994,1.0
2023,7,BAHADURPURA,1,4,4,2.0,1.0,6054458.93,6624656.66,5922.0,17.3570672,78.4545419,-4.981351632256168,-19.652,1.0
2023,7,BALAJINAGAR,9,1517,1517,8.0,8.0,2498069.06,4783866.9,7806.0,17.5149256,78.560679,-7.086502418049685,-10.359,1.0
2023,7,BALANAGAR,9,36,36,9.0,8.0,1965988.95,3156409.28,10809.0,17.4768224,78.4219645,-40.21863524752012,-59.528,-11.334
2023,7,BANDLAGUDA,33,1,1,62.0,59.0,329211.0,1370311.3,7516.0,17.3714879,78.5727265,-19.009141170949153,-29.461,1.0
2023,7,BANJARA HILLS,6,2737,2737,14.0,7.0,14722666.88,18770589.9,10851.0,17.4177464,78.4399014,-6.267983222411594,-34.86,-1.588
2023,7,BARKATPURA,5,210,210,6.0,2.0,1941017.5,4257999.85,6439.0,17.3926121,78.4969683,-2.1866529029494384,-4.994,1.0
2023,7,BEERAMGUDA,24,4,4,248.0,226.0,2139451.31,3157636.6,9459.0,17.5091218,78.3004614,-10.108599999483703,-48.466,12.475
2023,7,BHAGATSINGH NAGAR,12,53,53,8.0,3.0,850944.33,2206901.33,5309.0,17.49324711103568,78.38735077021973,-21.42419514433048,-104.503,-11.263
2023,7,BHAGYANAGAR,9,1101,1101,10.0,7.0,4164937.33,10121264.6,6136.0,17.4076662,78.4957155,-2.1866529029494384,-4.994,1.0
2023,7,BHARATHNAGAR,9,224,224,4.0,3.0,532457.42,1183569.55,6549.0,17.3478913,78.55648,-11.76366817945535,-19.847,-2.831
2023,7,BODUPPAL,19,77,77,117.0,96.0,3591980.81,8938882.65,24375.0,17.3988408,78.5366218,-17.80370829758031,-23.95,-4.554
2023,7,BOIGUDA,7,98,98,10.0,10.0,447112.71,1339074.8,5641.0,17.4286363,78.4969962,-6.740992341257842,-8.752,-0.051
2023,7,BORABANDA,6,315,315,6.0,6.0,238241.18,1438407.35,7113.0,17.4590687,78.4078664,-5.390432301805981,-9.201,-1.035
2023,7,BOUDHANAGAR,7,63,63,4.0,4.0,337261.08,2218469.15,6418.0,17.4160319,78.517419,-6.672931671786576,-12.052,1.0
2023,7,BUDVEL,16,59,59,23.0,21.0,4577680.03,4055518.4,7311.0,17.33298,78.406191,-8.60961196694741,-20.379,1.0
2023,7,CHANCHALGUDA,2,6,6,1.0,1.0,884280.77,2150209.35,5459.0,17.3673732,78.4965799,-9.772093976293876,-15.772,8.35
2023,7,CHANDA NAGAR,15,462,462,11.0,8.0,1778652.83,4223009.25,8790.0,17.4534764,78.3943669,-5.798614192233966,-10.565,-3.21
2023,7,CHANUDLAL BHARADARI,1,2,2,3.0,0.0,667029.03,2718700.55,8558.0,17.35207924290198,78.45954822278678,-4.981351632256168,-19.652,1.0
2023,7,CHANUKYAPURI,13,154,154,9.0,4.0,1344621.51,4466656.92,11820.0,17.35903320948377,78.5617337593459,-11.76366817945535,-19.847,-2.831
2023,7,CHERLAPALLY,14,30,30,49.0,37.0,441048.72,3538252.55,8202.0,17.4687455,78.6024858,-3.9776102214750892,-28.936,-0.751
2023,7,CHINTAL,12,99,99,14.0,6.0,8823008.63,10796088.55,9602.0,17.5021756,78.440609,-6.350885176856137,-10.305,-2.767
2023,7,CHINTAL BASTHI,3,90,90,8.0,7.0,603659.11,3136479.2,5178.0,17.4073576,78.4567152,-1.2240510318391513,-3.314,1.0
2023,7,DARUL SHIFA,1,3,3,2.0,1.0,603198.26,2485592.75,6264.0,17.366904,78.481078,-3.423985738728608,-11.371,1.0
2023,7,DEEPTHISRI NAGAR,15,562,562,20.0,12.0,1793840.31,4685043.85,4998.0,17.50066559761306,78.33937200961574,-1.7808493513536299,-2.91,-0.787
2023,7,DEFENCE COLONY,13,170,170,9.0,4.0,613508.13,2925652.15,11573.0,17.3176682,78.6117136,-9.552658212982246,-46.221,1.0
2023,7,DHAMMAIGUDA,19,2,2,51.0,44.0,463018.23,5389068.2,10517.0,17.4989069255254,78.59838586027956,-19.770034480776104,-59.541,14.483
2023,7,DHOOD BOWLI,1,1,1,4.0,3.0,994875.74,1928838.2,6088.0,17.358865699843125,78.46540079693314,-4.981351632256168,-19.652,1.0
2023,7,DILSHUKNAGAR,10,51,51,2.0,1.0,1498269.2,3495345.1,6069.0,17.3710329,78.5254623,-36.09192193271679,-58.971,1.0
2023,7,DOMALGUDA,5,84,84,8.0,7.0,891875.27,2673579.5,5458.0,17.4078455,78.4850003,-4.225103036755199,-6.03,25.278
2023,7,ERRAGADDA,6,457,457,7.0,7.0,903916.3,3219590.35,6676.0,17.4487999,78.4356074,-4.2143448867979,-7.86,1.0
2023,7,FATHENAGAR,6,526,526,4.0,4.0,4400291.91,8327007.45,7680.0,17.4598339,78.4525504,-4.2143448867979,-7.86,1.0
2023,7,FATHER BALAIAHNAGAR,13,499,499,33.0,29.0,984024.89,3477060.35,5926.0,17.50818327428803,78.4937064516262,-16.764837433599137,-24.574,36.118
2023,7,FILM NAGAR,6,348,348,22.0,11.0,7988585.18,10460676.55,7940.0,17.4140574,78.4105031,-6.043137507893525,-6.746,-0.009
2023,7,GACHIBOWLI,15,1414,1414,42.0,29.0,41072199.06,44471317.75,6498.0,17.4436222,78.3519638,-7.851808252285321,-13.636,1.0
2023,7,GAJULARAMARAM,12,251,251,73.0,55.0,1648250.31,4787215.5,7949.0,17.5271759,78.4200077,-5.1367885188728355,-18.138,-0.624
2023,7,GANDHINAGAR,5,350,350,5.0,2.0,1655658.79,3913245.65,5999.0,17.4077928,78.4925707,-4.225103036755199,-6.03,25.278
2023,7,GANDIMAISAMMA,23,2,2,66.0,41.0,236991.67,540885.2,3936.0,17.576965,78.421959,-12.080203428747952,-41.208,-9.662
2023,7,GAYATRI NAGAR,9,669,669,17.0,16.0,536662.75,1277046.6,6816.0,17.4566764,78.4035867,-5.798614192233966,-10.565,-3.21
2023,7,GODE-KI-KABAR,4,22,22,,,388249.57,2307328.95,7862.0,17.376976148401162,78.46196399554636,-5.100407564636875,-8.085,-1.774
2023,7,GOLCONDA,3,4,4,,,8321771.8,9264706.2,5885.0,17.3873294,78.4057336,-6.272660829945958,-16.898,-0.04
2023,7,GOWLIGUDA,4,41,41,4.0,4.0,9813493.21,6230993.15,4791.0,17.377643,78.4787716,-3.423985738728608,-11.371,1.0
2023,7,GOWLIPURA,33,1,1,2.0,2.0,73068.1,1076118.85,5692.0,17.3462321,78.4799077,-12.123256123445776,-15.781,1.0
2023,7,GOWTHAM NAGAR,13,125,125,8.0,3.0,1021290.58,3618304.8,8014.0,17.4539263,78.527344,-4.236881728429952,-6.098,1.0
2023,7,GUNDLAPOCHAMPALLY,25,1,1,3.0,0.0,1119389.4,1459270.95,1822.0,17.568913,78.480271,-12.080203428747952,-41.208,-9.662
2023,7,GUNFOUNDRY,4,277,277,2.0,1.0,2328690.6,4979771.9,3780.0,17.3936441,78.4756654,-3.3423306430785304,-5.452,1.0
2023,7,HAFEEZPET,15,3713,3713,15.0,11.0,4558953.1,7467174.45,6578.0,17.4834409,78.3611316,-17.663445787684253,-26.918,1.0
2023,7,HAKEEMPET,3,66,66,1.0,1.0,265605.3,1284685.6,4478.0,17.4056403,78.4178824,-6.043137507893525,-6.746,-0.009
2023,7,HASMATHPET,9,450,450,15.0,4.0,1044622.09,1985243.95,10051.0,17.4758254,78.4847371,-1.3120815705640303,-1.67,1.0
2023,7,HASSAN NAGAR,1,1,1,3.0,1.0,122206.74,1051081.69,4465.0,17.336155,78.44363,-28.06282154849126,-35.473,1.0
2023,7,HOUSING BOARD,14,19,19,25.0,15.0,303647.86,1278201.35,9338.0,17.4922068,78.3973638,-21.42419514433048,-104.503,-11.263
2023,7,HUBSIGUDA,14,290,290,23.0,15.0,6294998.16,11480203.29,6965.0,17.412012724821263,78.54561665602095,-7.538105379814497,-8.769,-2.539
2023,7,HYDERGUDA,16,555,555,23.0,19.0,1579201.41,4464419.7,6414.0,17.4012791,78.4804894,-4.225103036755199,-6.03,25.278
2023,7,JAGATHGIRIGUTTA,12,90,90,27.0,20.0,461222.21,5257271.8,11396.0,17.4993176,78.4226016,-5.1367885188728355,-18.138,-0.624
2023,7,JAHANUMA,33,4,4,,,312796.67,1401297.05,6142.0,17.3433524,78.4614644,-4.981351632256168,-19.652,1.0
2023,7,JALPALLY,20,6,6,298.0,237.0,410030.25,3323984.35,13942.0,17.3061541,78.4738589,-7.546780559786242,-12.3,-1.008
2023,7,JANGAMMET,33,4,4,3.0,0.0,189030.54,1259035.8,4789.0,17.336251,78.4744044,-12.123256123445776,-15.781,1.0
2023,7,JEEDIMETLA,12,99,99,40.0,29.0,5869983.15,8714273.35,8413.0,17.519687,78.4468876,-6.350885176856137,-10.305,-2.767
2023,7,JILLELAGUDA,20,22,22,20.0,16.0,1129405.45,1572348.85,4930.0,17.3376801,78.5322366,-13.665723696483987,-15.8,-7.95
2023,7,JUBILEE HILLS,6,2076,2076,19.0,5.0,4947625.78,8832145.15,6632.0,17.4308362,78.4102882,-6.043137507893525,-6.746,-0.009
2023,7,KAKATIYA NAGAR,3,127,127,2.0,2.0,495221.43,1272768.75,3997.0,17.4785837,78.5406026,-12.484480768704271,-19.217,1.0
2023,7,KAMALANAGAR,34,198,198,32.0,30.0,816224.23,3062341.25,7910.0,17.4728043,78.566675,-9.045252142363507,-29.864,-0.004
2023,7,KANCHANBAGH,33,1,1,5.0,2.0,274819.99,1123652.55,6281.0,17.3280563,78.5001695,-12.123256123445776,-15.781,1.0
2023,7,KARWAN,3,12,12,6.0,6.0,512103.66,1992261.55,6685.0,17.376013,78.4331894,-7.357040143594367,-8.99,1.0
2023,7,KATEDAN,16,2,2,32.0,27.0,577905.4,2936391.75,7015.0,17.3026835,78.4398207,-1.2653078280464742,-3.218,-0.732
2023,7,KISMATHPUR,18,794,794,60.0,47.0,2498671.81,5478086.65,13684.0,17.3343045,78.3936455,-14.163095030058026,-19.578,-7.69
2023,7,KOMPALLY,25,2,2,29.0,18.0,1433653.6,798615.25,4183.0,17.5354868,78.5096979,-4.171070941747054,-7.296,1.0
2023,7,KONDAPUR,15,5397,5397,46.0,27.0,8929838.03,8180004.5,7906.0,17.4587912,78.3730556,-9.15338763082218,-13.794,-3.253
2023,7,KOTHAPETA,10,57,57,9.0,6.0,758865.63,2640706.85,7233.0,17.367222832295177,78.545668383567,-15.115934266731193,-24.0,38.681
2023,7,KPHB,9,2974,2974,18.0,12.0,8193982.62,14359378.3,9511.0,17.4939602,78.4008412,-46.34703747538678,-48.923,38.884
2023,7,KUKATPALLY,9,554,554,10.0,5.0,2358050.77,4945503.75,6772.0,17.4930841,78.4054408,-46.34703747538678,-48.923,38.884
2023,7,L.B.NAGAR,34,63,63,11.0,7.0,1270014.81,2863670.95,6199.0,17.349846,78.5479412,-36.09192193271679,-58.971,1.0
2023,7,LALAPET,7,29,29,4.0,3.0,3465421.9,5518968.7,6284.0,17.4388301,78.54187,-2.2643061664055764,-6.6,31.337
2023,7,LANGER HOUSE,3,18,18,11.0,10.0,1507353.47,3027975.55,7644.0,17.37331,78.41387,-6.272660829945958,-16.898,-0.04
2023,7,LINGOJIGUDA,10,66,66,2.0,2.0,1042188.88,2617868.35,7815.0,17.3478809,78.5364577,-36.09192193271679,-58.971,1.0
2023,7,MACHABOLLARAM,13,67,67,47.0,34.0,365832.08,2408969.2,6267.0,17.513866,78.5137342,-4.221987933535047,-6.62,-1.252
2023,7,MADANNAPET,2,8,8,1.0,1.0,334976.21,1625213.95,5891.0,17.3585578,78.4971064,-9.772093976293876,-15.772,8.35
2023,7,MADHAPUR,15,6097,6097,75.0,42.0,55163039.47,64386204.45,12962.0,17.4408924,78.3916304,-5.798614192233966,-10.565,-3.21
2023,7,MAILERDEV PALLY,16,27,27,31.0,25.0,376898.57,327994.4,7055.0,17.31916516561942,78.44588448683878,-7.546780559786242,-12.3,-1.008
2023,7,MALAKPET,2,2,2,3.0,3.0,973104.58,2812745.3,5147.0,17.3736706,78.4996484,-9.772093976293876,-15.772,8.35
2023,7,MANIKONDA,18,2208,2208,86.0,63.0,7584259.91,8727216.8,8514.0,17.3999951,78.3861689,-8.64049553514247,-16.362,1.0
2023,7,MANSOORABAD,34,407,407,8.0,1.0,1211523.85,5476249.8,5773.0,17.3541765,78.5652906,-11.76366817945535,-19.847,-2.831
2023,7,MARREDPALLY,7,170,170,6.0,1.0,416634.11,3418513.85,9196.0,17.4507936,78.5048972,-12.47414140833292,-21.362,12.404
2023,7,MARUTHINAGAR,10,308,308,7.0,7.0,1413524.96,3755792.8,7237.0,17.373499742570825,78.54268265383173,-15.115934266731193,-24.0,38.681
2023,7,MEERPET,20,135,135,37.0,30.0,1402921.31,2015028.45,9864.0,17.4546432,78.5715499,-6.441468392795172,-59.023,1.0
2023,7,MEHIDIPATNAM,3,95,95,9.0,5.0,543932.07,2997212.35,6575.0,17.399943921854806,78.43451065196552,-1.2240510318391513,-3.314,1.0
2023,7,METTUGUDA,7,30,30,1.0,1.0,343067.74,1302084.2,4460.0,17.4355036,78.5195573,-12.47414140833292,-21.362,12.404
2023,7,MISRIGUNJ,1,2,2,2.0,2.0,564854.0,1289589.55,4347.0,17.350101211439146,78.45939390321827,-4.981351632256168,-19.652,1.0
2023,7,MIYAPUR,15,584,584,18.0,16.0,1867899.07,6348758.25,7369.0,17.4981608,78.3567628,-7.088238213409196,-15.663,-1.104
2023,7,MOOSAPET,9,201,201,31.0,17.0,3623786.98,6861162.1,5669.0,17.4685307,78.4206695,-5.390432301805981,-9.201,-1.035
2023,7,MOOSARAMBAGH,2,146,146,8.0,6.0,1468092.14,5023927.6,7827.0,17.3743532,78.5160835,-9.772093976293876,-15.772,8.35
2023,7,MOTI NAGAR,9,344,344,11.0,10.0,477376.24,1486156.35,5785.0,17.4508069,78.422242,-4.2143448867979,-7.86,1.0
2023,7,MUSHEERABAD,5,377,377,6.0,4.0,1675097.0,8952687.3,5315.0,17.4191423,78.4985732,-6.740992341257842,-8.752,-0.051
2023,7,NACHARAM,14,126,126,27.0,18.0,5858833.94,10222218.94,10927.0,17.4284936,78.5528098,-2.2643061664055764,-6.6,31.337
2023,7,NAGARAM,19,2,2,38.0,30.0,1239221.05,2827135.2,10243.0,17.4910113,78.613677,-3.9776102214750892,-28.936,-0.751
2023,7,NAGOLE,34,79,79,21.0,16.0,1085276.34,4225583.72,7692.0,17.3775306,78.5601231,-8.68556577870009,-15.552,1.0
2023,7,NALLAGANDLA,15,1,1,26.0,19.0,4129690.21,4607426.96,8557.0,17.4774828,78.3060359,-29.150105105964958,-58.481,-4.338
2023,7,NALLAGUTTA,7,89,89,1.0,0.0,2101666.96,3062070.7,4753.0,17.4384334,78.4825328,-1.9424732071532318,-2.693,-0.068
2023,7,NARAYANGUDA,5,327,327,2.0,1.0,3688438.99,5885505.6,7167.0,17.3981159,78.4885006,-2.1866529029494384,-4.994,1.0
2023,7,NGO COLONY,34,44,44,8.0,7.0,595856.49,1989082.15,5599.0,17.327964,78.5657291,-8.534793235350607,-12.209,-3.889
2023,7,NIZAMPET,23,1694,1694,24.0,16.0,4056634.26,2368926.65,4371.0,17.4945061,78.4000017,-46.34703747538678,-48.923,38.884
2023,7,OLD MALLEPALLY,3,11,11,1.0,1.0,109102.72,882626.7,3831.0,17.386722270354426,78.45715718205514,-5.100407564636875,-8.085,-1.774
2023,7,PEDDA AMBERPET,22,2,2,83.0,68.0,996499.9,2631275.2,9408.0,17.3172848,78.6384505,-13.164451668738684,-102.918,-4.079
2023,7,PEERJADIGUDA,19,305,305,54.0,49.0,2495532.42,3299348.5,15920.0,17.4078747,78.6022666,-11.641342145249197,-19.598,24.579
2023,7,PRAGATHINAGAR,23,1312,1312,19.0,12.0,1297872.35,873037.55,6047.0,17.3985199,78.5411934,-17.80370829758031,-23.95,-4.554
2023,7,PRAKASHNAGAR,7,228,228,9.0,5.0,4708433.15,7871920.2,9511.0,17.4426888,78.4705479,-1.9424732071532318,-2.693,-0.068
2023,7,RADHIKA,14,148,148,39.0,24.0,1240484.98,4088985.75,9816.0,17.4771342,78.563299,-11.611257318416774,-13.556,-0.07
2023,7,RAMACHANDRAPURAM,15,3,3,7.0,6.0,1090840.71,1601181.45,7815.0,17.5086345,78.3018685,-10.108599999483703,-48.466,12.475
2023,7,RAMANTHAPUR,14,125,125,83.0,77.0,2652285.44,7822382.95,20206.0,17.3885044,78.5371677,-17.80370829758031,-23.95,-4.554
2023,7,REGIMENTAL BAZAR,7,93,93,2.0,1.0,1479695.99,3665497.73,4295.0,17.4348324,78.5012557,-6.740992341257842,-8.752,-0.051
2023,7,S.P.R HILLS,6,226,226,5.0,2.0,235142.0,590645.45,10599.0,17.446776445765586,78.41047091648177,-4.2143448867979,-7.86,1.0
2023,7,S.R.NAGAR,6,2287,2287,18.0,8.0,4407692.24,7214408.95,7044.0,17.4417071,78.4416081,-14.461797131758766,-44.338,1.0
2023,7,SAHEBNAGAR,10,273,273,82.0,56.0,1612501.85,3631408.2,12201.0,17.3206264,78.5769132,-4.1107347863508155,-15.067,1.203
2023,7,SAIBABA NAGAR,14,101,101,25.0,22.0,119884.67,2925168.6,7095.0,17.4507229,78.4100017,-5.390432301805981,-9.201,-1.035
2023,7,SAIDABAD,2,38,38,6.0,3.0,653276.65,2560612.25,5891.0,17.359533,78.5147979,-9.772093976293876,-15.772,8.35
2023,7,SAINATHPURAM,13,140,140,13.0,7.0,522274.37,4021413.0,11098.0,17.475693,78.5515621,-2.63240210193732,-54.763,1.0
2023,7,SANTOSHNAGAR,2,2,2,2.0,2.0,924617.42,2056506.25,6090.0,17.3467185,78.5081947,-9.772093976293876,-15.772,8.35
2023,7,SAROORNAGAR,10,215,215,9.0,6.0,1504711.04,3199186.2,6770.0,17.3611655,78.5387443,-36.09192193271679,-58.971,1.0
2023,7,SEETHAPALMANDI,7,134,134,1.0,1.0,525966.51,3121389.95,6169.0,17.425757541676237,78.51990378820871,-6.672931671786576,-12.052,1.0
2023,7,SHAIKPET,3,556,556,12.0,8.0,2360618.11,5944503.65,8301.0,17.4057955,78.4006536,-6.043137507893525,-6.746,-0.009
2023,7,SHAPOORNAGAR,12,380,380,13.0,8.0,988075.68,2617415.2,8036.0,17.51707481088814,78.44358687789398,-6.350885176856137,-10.305,-2.767
2023,7,SHIVAM,5,111,111,10.0,6.0,1401154.45,3500255.5,8943.0,17.3367947,78.6028951,-9.552658212982246,-46.221,1.0
2023,7,SOMAJIGUDA,6,1263,1263,3.0,1.0,5073737.86,9342032.5,6079.0,17.4255053,78.4585197,-6.267983222411594,-34.86,-1.588
2023,7,SRINIVAS NAGAR,7,282,282,4.0,3.0,515324.0,1254543.4,4794.0,17.4402595,78.4451055,-14.461797131758766,-44.338,1.0
2023,7,SUCHITRA,12,345,345,24.0,16.0,1976566.06,5789944.4,8809.0,17.5024582,78.4839794,-16.764837433599137,-24.574,36.118
2023,7,SULEMAN NAGAR,16,89,89,6.0,2.0,264915.5,1715221.15,7510.0,17.3486936,78.4231173,-28.590051792067662,-58.82,-3.436
2023,7,SULTAN BAZAR,4,324,324,4.0,2.0,2760060.75,3723297.25,5784.0,17.3870437,78.4869648,-3.423985738728608,-11.371,1.0
2023,7,SURARAM,12,90,90,32.0,31.0,1282307.73,19621821.9,10464.0,17.5360946,78.4186386,-5.1367885188728355,-18.138,-0.624
2023,7,TAPPA CHABUTRA,3,7,7,3.0,3.0,219436.49,1069471.05,5084.0,17.37851781010729,78.44605498735723,-5.100407564636875,-8.085,-1.774
2023,7,TARNAKA,7,458,458,4.0,2.0,12079173.34,13795450.37,5468.0,17.4285479,78.5379433,-2.2643061664055764,-6.6,31.337
2023,7,THATTIKHANA,6,779,779,9.0,4.0,8483905.55,12263999.45,10994.0,17.368368049566055,78.60318365434247,-19.009141170949153,-29.461,1.0
2023,7,TOLI CHOWK,3,210,210,8.0,4.0,802527.31,2608089.45,5031.0,17.399517081462932,78.41474423791212,-6.043137507893525,-6.746,-0.009
2023,7,TURKAYAMJAL,22,2,2,93.0,76.0,1607758.55,3102939.4,12103.0,17.2691643,78.5771279,-7.168004578346216,-10.471,-3.471
2023,7,UPPAL,14,113,113,36.0,31.0,963674.37,3819116.79,14482.0,17.4025091,78.5612562,-6.855199090082735,-16.385,1.0
2023,7,USHODAYA,12,77,77,5.0,3.0,308158.0,1979704.1,9647.0,17.384909,78.4388101,-5.100407564636875,-8.085,-1.774
2023,7,VAISHALINAGAR,10,66,66,15.0,12.0,1539277.99,5056041.15,10092.0,17.338969152148117,78.54402440653747,-13.665723696483987,-15.8,-7.95
2023,7,VAJPAYEE NAGAR,13,54,54,14.0,12.0,435238.03,2773214.6,8791.0,17.493544000750763,78.45891297321583,-16.764837433599137,-24.574,36.118
2023,7,VANASTHALIPURAM,34,238,238,7.0,6.0,3076074.99,3853917.6,7088.0,17.3303179,78.568278,-8.534793235350607,-12.209,-3.889
2023,7,VATTEPALLY,1,1,1,19.0,2.0,240286.49,1040330.75,4076.0,17.3305423,78.4621512,-4.981351632256168,-19.652,1.0
2023,7,VENGALRAONAGAR,6,1373,1373,5.0,4.0,2353150.26,5457937.25,8350.0,17.442176085833477,78.43833257797534,-14.461797131758766,-44.338,1.0
2023,7,VENKATAPURAM,13,135,135,14.0,11.0,709977.16,2303158.8,6809.0,17.496189,78.5043108,-8.97585561892137,-40.761,-6.248
2023,7,VIGYANPURI,5,53,53,3.0,3.0,5285352.56,6427537.35,4014.0,17.403003650874158,78.51134135120137,-2.1866529029494384,-4.994,1.0
2023,7,VIJAYNAGAR COLONY,3,324,324,1.0,1.0,1192586.26,3379791.2,6193.0,17.3442548,78.5412895,-13.665723696483987,-15.8,-7.95
2023,7,VINAY NAGAR,2,11,11,,,482033.25,2177851.5,5542.0,17.3515414,78.5111106,-9.772093976293876,-15.772,8.35
2023,7,VIVEKANANDA NAGAR,9,163,163,3.0,0.0,1439169.91,5732828.15,7151.0,17.3627254,78.5293456,-36.09192193271679,-58.971,1.0
2023,7,YAKATPURA,2,3,3,1.0,0.0,486411.03,1910463.1,7057.0,17.359093387793546,78.4853163967196,-9.772093976293876,-15.772,8.35
2023,7,YAPRAL,13,67,67,52.0,26.0,527170.38,2309173.25,6271.0,17.5030543,78.5407976,-6.247539089917872,-12.503,-0.354
2023,7,YELLAMMABANDA,9,439,439,30.0,25.0,331714.08,2575532.6,9576.0,17.5102678,78.4070824,-46.34703747538678,-48.923,38.884
2023,7,YELLAREDDYGUDA,6,1074,1074,11.0,5.0,3552762.6,5876216.0,8745.0,17.4333135,78.4415476,-14.461797131758766,-44.338,1.0
2023,7,ZIAGUDA,4,1,1,5.0,4.0,201862.9,1167552.5,5933.0,17.3658951,78.4503072,-6.23629193008042,-14.06,-2.04
2023,8,ADARSHNAGAR,12,45,45,1.0,1.0,11338424.35,12562551.12,5883.0,17.404546984247553,78.47358389715174,-4.225103036755199,-6.03,25.278
2023,8,ADIKMET,5,91,91,5.0,2.0,1202979.39,2971633.3,2931.0,17.4095495,78.5130943,-6.672931671786576,-12.052,1.0
2023,8,AHMED NAGAR,3,88,88,,,26347.0,385798.7,2906.0,17.404066,78.4442286,-1.2240510318391513,-3.314,1.0
2023,8,ALKAPURI,10,139,139,16.0,10.0,1967796.46,7032824.8,8320.0,17.3662342,78.5549781,-15.115934266731193,-24.0,38.681
2023,8,ALLABANDA,4,1,1,2.0,2.0,173458.1,1414690.7,7805.0,17.3803134,78.4577022,-5.100407564636875,-8.085,-1.774
2023,8,ALWAL,13,43,43,28.0,7.0,35185495.98,37406626.35,8822.0,17.5022292,78.5088584,-4.221987933535047,-6.62,-1.252
2023,8,AMBERPET,5,7,7,7.0,5.0,,,,17.3861776,78.5114709,-2.1866529029494384,-4.994,1.0
2023,8,AMEENPUR,24,8,8,278.0,272.0,11364732.96,11502343.8,6832.0,17.5236905,78.3317297,-1.7808493513536299,-2.91,-0.787
2023,8,ASIF NAGAR,3,15,15,10.0,7.0,493794.29,1693887.25,5405.0,17.3857483,78.4505083,-5.100407564636875,-8.085,-1.774
2023,8,ASMANGARH,2,29,29,4.0,1.0,1013960.27,3481314.75,5575.0,17.36850992532914,78.51429549554615,-9.772093976293876,-15.772,8.35
2023,8,ATTAPUR,16,86,86,27.0,25.0,1133922.82,2430350.4,8743.0,17.3672244,78.4307278,-7.357040143594367,-8.99,1.0
2023,8,AUTONAGAR,34,78,78,95.0,77.0,2519629.74,5584533.95,10141.0,17.3356141,78.5792031,-18.449006726509495,-54.592,-0.173
2023,8,AZAMABAD,5,244,244,8.0,3.0,1471809.21,6594960.25,11028.0,17.4040194,78.5043767,-2.1866529029494384,-4.994,1.0
2023,8,AZAMPURA,2,2,2,3.0,2.0,464605.97,1794779.0,4920.0,17.3761935,78.490874,-3.423985738728608,-11.371,1.0
2023,8,B.N.REDDY NAGAR,34,32,32,42.0,29.0,997892.88,2574662.45,7039.0,17.321914,78.5597937,-8.534793235350607,-12.209,-3.889
2023,8,BACHUPALLY,23,47,47,33.0,18.0,8476857.32,9951786.1,3796.0,17.536648,78.3644736,-77.33563988117173,-83.42,20.074
2023,8,BADANGPET,20,20,20,149.0,134.0,4464620.19,6757656.65,20319.0,17.3383467,78.5222127,-13.665723696483987,-15.8,-7.95
2023,8,BAGH LINGAMPALLY,5,225,225,3.0,2.0,629267.6,3028229.7,6107.0,17.3974359,78.4979706,-2.1866529029494384,-4.994,1.0
2023,8,BAHADURPURA,1,9,9,8.0,5.0,5361095.79,6603704.28,5922.0,17.3570672,78.4545419,-4.981351632256168,-19.652,1.0
2023,8,BALAJINAGAR,9,1359,1359,9.0,6.0,3297651.55,4026348.45,7806.0,17.5149256,78.560679,-7.086502418049685,-10.359,1.0
2023,8,BALANAGAR,9,45,45,17.0,9.0,2037845.56,3259339.05,10809.0,17.4768224,78.4219645,-40.21863524752012,-59.528,-11.334
2023,8,BANDLAGUDA,33,45,45,46.0,41.0,302191.33,1449373.15,7516.0,17.3714879,78.5727265,-19.009141170949153,-29.461,1.0
2023,8,BANJARA HILLS,6,2308,2308,19.0,6.0,16346931.03,18292722.05,10851.0,17.4177464,78.4399014,-6.267983222411594,-34.86,-1.588
2023,8,BARKATPURA,5,141,141,7.0,5.0,2070845.19,4801179.3,6439.0,17.3926121,78.4969683,-2.1866529029494384,-4.994,1.0
2023,8,BEERAMGUDA,24,6,6,189.0,176.0,2157974.92,4169854.15,9459.0,17.5091218,78.3004614,-10.108599999483703,-48.466,12.475
2023,8,BHAGATSINGH NAGAR,12,38,38,4.0,1.0,498329.26,2254821.91,5309.0,17.49324711103568,78.38735077021973,-21.42419514433048,-104.503,-11.263
2023,8,BHAGYANAGAR,9,918,918,11.0,7.0,7011092.91,9500973.55,6136.0,17.4076662,78.4957155,-2.1866529029494384,-4.994,1.0
2023,8,BHARATHNAGAR,9,270,270,6.0,5.0,645418.28,1203046.5,6549.0,17.3478913,78.55648,-11.76366817945535,-19.847,-2.831
2023,8,BODUPPAL,19,60,60,185.0,149.0,2842910.72,6493480.7,24375.0,17.3988408,78.5366218,-17.80370829758031,-23.95,-4.554
2023,8,BOIGUDA,7,54,54,7.0,3.0,409497.3,1483928.15,5641.0,17.4286363,78.4969962,-6.740992341257842,-8.752,-0.051
2023,8,BORABANDA,6,139,139,3.0,2.0,233476.35,1372845.35,7113.0,17.4590687,78.4078664,-5.390432301805981,-9.201,-1.035
2023,8,BOUDHANAGAR,7,54,54,5.0,3.0,314792.37,1447323.95,6418.0,17.4160319,78.517419,-6.672931671786576,-12.052,1.0
2023,8,BUDVEL,16,62,62,14.0,11.0,3410185.11,4681828.63,7311.0,17.33298,78.406191,-8.60961196694741,-20.379,1.0
2023,8,CHANCHALGUDA,2,4,4,2.0,1.0,978112.94,2349644.35,5459.0,17.3673732,78.4965799,-9.772093976293876,-15.772,8.35
2023,8,CHANDA NAGAR,15,322,322,12.0,11.0,1878386.39,4121038.7,8790.0,17.4534764,78.3943669,-5.798614192233966,-10.565,-3.21
2023,8,CHANUDLAL BHARADARI,1,4,4,4.0,0.0,710155.67,3022019.15,8558.0,17.35207924290198,78.45954822278678,-4.981351632256168,-19.652,1.0
2023,8,CHANUKYAPURI,13,118,117,20.0,9.0,1284471.84,4009163.16,11820.0,17.35903320948377,78.5617337593459,-11.76366817945535,-19.847,-2.831
2023,8,CHERLAPALLY,14,19,19,64.0,49.0,529875.99,7435314.55,8202.0,17.4687455,78.6024858,-3.9776102214750892,-28.936,-0.751
2023,8,CHINTAL,12,84,84,22.0,15.0,8767395.59,12502265.65,9602.0,17.5021756,78.440609,-6.350885176856137,-10.305,-2.767
2023,8,CHINTAL BASTHI,3,132,132,5.0,2.0,792253.95,4984545.6,5178.0,17.4073576,78.4567152,-1.2240510318391513,-3.314,1.0
2023,8,DARUL SHIFA,1,1,1,4.0,1.0,717235.98,2321687.4,6264.0,17.366904,78.481078,-3.423985738728608,-11.371,1.0
2023,8,DEEPTHISRI NAGAR,15,406,406,25.0,22.0,4714055.35,10525952.0,4998.0,17.50066559761306,78.33937200961574,-1.7808493513536299,-2.91,-0.787
2023,8,DEFENCE COLONY,13,124,124,6.0,4.0,650097.18,3880370.1,11573.0,17.3176682,78.6117136,-9.552658212982246,-46.221,1.0
2023,8,DHAMMAIGUDA,19,6,6,56.0,35.0,274259.51,746230.6,10517.0,17.4989069255254,78.59838586027956,-19.770034480776104,-59.541,14.483
2023,8,DHOOD BOWLI,1,2,2,5.0,5.0,961878.14,2291551.0,6088.0,17.358865699843125,78.46540079693314,-4.981351632256168,-19.652,1.0
2023,8,DILSHUKNAGAR,10,64,64,5.0,3.0,1821588.36,3550953.2,6069.0,17.3710329,78.5254623,-36.09192193271679,-58.971,1.0
2023,8,DOMALGUDA,5,70,70,2.0,1.0,1134792.22,4484080.25,5458.0,17.4078455,78.4850003,-4.225103036755199,-6.03,25.278
2023,8,ERRAGADDA,6,207,207,4.0,4.0,1186565.95,6209634.5,6676.0,17.4487999,78.4356074,-4.2143448867979,-7.86,1.0
2023,8,FATHENAGAR,6,232,232,5.0,2.0,4704993.65,9128123.3,7680.0,17.4598339,78.4525504,-4.2143448867979,-7.86,1.0
2023,8,FATHER BALAIAHNAGAR,13,362,362,19.0,17.0,858569.22,3032012.05,5926.0,17.50818327428803,78.4937064516262,-16.764837433599137,-24.574,36.118
2023,8,FILM NAGAR,6,273,273,10.0,9.0,7823037.78,10173011.3,7940.0,17.4140574,78.4105031,-6.043137507893525,-6.746,-0.009
2023,8,GACHIBOWLI,15,1053,1053,32.0,22.0,40572607.56,49479955.54,6498.0,17.4436222,78.3519638,-7.851808252285321,-13.636,1.0
2023,8,GAJULARAMARAM,12,186,186,82.0,70.0,1812235.49,7414138.0,7949.0,17.5271759,78.4200077,-5.1367885188728355,-18.138,-0.624
2023,8,GANDHINAGAR,5,99,99,2.0,0.0,1272625.74,3612880.05,5999.0,17.4077928,78.4925707,-4.225103036755199,-6.03,25.278
2023,8,GANDIMAISAMMA,23,1,1,84.0,68.0,281756.7,840901.45,3936.0,17.576965,78.421959,-12.080203428747952,-41.208,-9.662
2023,8,GAYATRI NAGAR,9,245,245,32.0,23.0,735963.31,1512995.8,6816.0,17.4566764,78.4035867,-5.798614192233966,-10.565,-3.21
2023,8,GODE-KI-KABAR,4,22,22,3.0,2.0,490400.71,2366536.7,7862.0,17.376976148401162,78.46196399554636,-5.100407564636875,-8.085,-1.774
2023,8,GOLCONDA,3,7,7,2.0,1.0,13572512.63,10171827.74,5885.0,17.3873294,78.4057336,-6.272660829945958,-16.898,-0.04
2023,8,GOWLIGUDA,4,31,31,,,1368883.37,6146675.7,4791.0,17.377643,78.4787716,-3.423985738728608,-11.371,1.0
2023,8,GOWTHAM NAGAR,13,77,77,7.0,2.0,1105737.59,3414001.5,8014.0,17.4539263,78.527344,-4.236881728429952,-6.098,1.0
2023,8,GUNDLAPOCHAMPALLY,25,1,1,2.0,1.0,731101.45,-282770.5,1822.0,17.568913,78.480271,-12.080203428747952,-41.208,-9.662
2023,8,GUNFOUNDRY,4,235,235,1.0,0.0,2471988.64,6006588.7,3780.0,17.3936441,78.4756654,-3.3423306430785304,-5.452,1.0
2023,8,HAFEEZPET,15,2105,2105,23.0,17.0,7169098.43,13925824.65,6578.0,17.4834409,78.3611316,-17.663445787684253,-26.918,1.0
2023,8,HAKEEMPET,3,26,26,12.0,8.0,499572.21,1557289.95,4478.0,17.4056403,78.4178824,-6.043137507893525,-6.746,-0.009
2023,8,HASMATHPET,9,341,341,18.0,8.0,1657283.64,3293928.0,10051.0,17.4758254,78.4847371,-1.3120815705640303,-1.67,1.0
2023,8,HOUSING BOARD,14,24,24,18.0,16.0,274449.72,1187582.3,9338.0,17.4922068,78.3973638,-21.42419514433048,-104.503,-11.263
2023,8,HUBSIGUDA,14,163,163,18.0,12.0,7252601.35,7806980.1,6965.0,17.412012724821263,78.54561665602095,-7.538105379814497,-8.769,-2.539
2023,8,HYDERGUDA,16,414,414,23.0,21.0,1586756.08,3875120.85,6414.0,17.4012791,78.4804894,-4.225103036755199,-6.03,25.278
2023,8,JAGATHGIRIGUTTA,12,105,105,10.0,10.0,417516.92,2571614.25,11396.0,17.4993176,78.4226016,-5.1367885188728355,-18.138,-0.624
2023,8,JALPALLY,20,3,3,400.0,326.0,421807.75,1171169.65,13942.0,17.3061541,78.4738589,-7.546780559786242,-12.3,-1.008
2023,8,JANGAMMET,33,1,1,,,225251.13,1161030.05,4789.0,17.336251,78.4744044,-12.123256123445776,-15.781,1.0
2023,8,JAWAHARNAGAR,25,5,5,668.0,517.0,4058413.3,5328347.85,15303.0,17.437754,78.4845463,-1.9424732071532318,-2.693,-0.068
2023,8,JEEDIMETLA,12,70,70,27.0,22.0,5998226.27,8559134.42,8413.0,17.519687,78.4468876,-6.350885176856137,-10.305,-2.767
2023,8,JILLELAGUDA,20,15,15,12.0,9.0,1093911.88,1359813.6,4930.0,17.3376801,78.5322366,-13.665723696483987,-15.8,-7.95
2023,8,JUBILEE HILLS,6,1191,1191,19.0,2.0,6648487.38,8602979.9,6632.0,17.4308362,78.4102882,-6.043137507893525,-6.746,-0.009
2023,8,KAKATIYA NAGAR,3,122,122,1.0,1.0,403136.15,2444334.65,3997.0,17.4785837,78.5406026,-12.484480768704271,-19.217,1.0
2023,8,KAMALANAGAR,34,68,68,28.0,26.0,1193929.73,5093258.15,7910.0,17.4728043,78.566675,-9.045252142363507,-29.864,-0.004
2023,8,KANCHANBAGH,33,1,1,2.0,1.0,301322.6,1381233.5,6281.0,17.3280563,78.5001695,-12.123256123445776,-15.781,1.0
2023,8,KARWAN,3,11,11,8.0,6.0,335015.77,2170062.35,6685.0,17.376013,78.4331894,-7.357040143594367,-8.99,1.0
2023,8,KATEDAN,16,3,3,27.0,26.0,567704.77,2400138.3,7015.0,17.3026835,78.4398207,-1.2653078280464742,-3.218,-0.732
2023,8,KISHAN BAGH,1,2,2,4.0,2.0,507325.07,1398016.85,5053.0,17.3575261,78.44485,-4.981351632256168,-19.652,1.0
2023,8,KISMATHPUR,18,441,441,68.0,56.0,2275666.96,5802029.45,13684.0,17.3343045,78.3936455,-14.163095030058026,-19.578,-7.69
2023,8,KOMPALLY,25,1,1,46.0,33.0,2103171.21,2467233.6,4183.0,17.5354868,78.5096979,-4.171070941747054,-7.296,1.0
2023,8,KONDAPUR,15,2787,2787,46.0,28.0,6284419.65,18561866.55,7906.0,17.4587912,78.3730556,-9.15338763082218,-13.794,-3.253
2023,8,KOTHAPETA,10,63,63,7.0,5.0,860610.04,3558990.6,7233.0,17.367222832295177,78.545668383567,-15.115934266731193,-24.0,38.681
2023,8,KPHB,9,1507,1507,26.0,22.0,9378444.03,12335946.85,9511.0,17.4939602,78.4008412,-46.34703747538678,-48.923,38.884
2023,8,KUKATPALLY,9,156,156,20.0,8.0,2305880.38,3870540.75,6772.0,17.4930841,78.4054408,-46.34703747538678,-48.923,38.884
2023,8,L.B.NAGAR,34,69,69,9.0,7.0,1380872.22,10711146.25,6199.0,17.349846,78.5479412,-36.09192193271679,-58.971,1.0
2023,8,LALAPET,7,43,43,5.0,3.0,3606824.5,5690534.7,6284.0,17.4388301,78.54187,-2.2643061664055764,-6.6,31.337
2023,8,LANGER HOUSE,3,15,15,20.0,17.0,571146.75,3238639.1,7644.0,17.37331,78.41387,-6.272660829945958,-16.898,-0.04
2023,8,LINGOJIGUDA,10,81,81,8.0,5.0,1901726.82,9470523.55,7815.0,17.3478809,78.5364577,-36.09192193271679,-58.971,1.0
2023,8,MACHABOLLARAM,13,45,45,20.0,15.0,352534.36,2360775.1,6267.0,17.513866,78.5137342,-4.221987933535047,-6.62,-1.252
2023,8,MADANNAPET,2,1,1,2.0,1.0,510834.14,2100011.7,5891.0,17.3585578,78.4971064,-9.772093976293876,-15.772,8.35
2023,8,MADHAPUR,15,4700,4700,87.0,43.0,60361824.85,72215149.71,12962.0,17.4408924,78.3916304,-5.798614192233966,-10.565,-3.21
2023,8,MAILERDEV PALLY,16,17,17,24.0,15.0,600287.46,1549122.1,7055.0,17.31916516561942,78.44588448683878,-7.546780559786242,-12.3,-1.008
2023,8,MALAKPET,2,6,6,3.0,1.0,1220725.36,3099749.05,5147.0,17.3736706,78.4996484,-9.772093976293876,-15.772,8.35
2023,8,MANIKONDA,18,1039,1039,97.0,71.0,7684472.02,8867006.0,8514.0,17.3999951,78.3861689,-8.64049553514247,-16.362,1.0
2023,8,MANSOORABAD,34,56,56,12.0,4.0,1203756.35,5581046.95,5773.0,17.3541765,78.5652906,-11.76366817945535,-19.847,-2.831
2023,8,MARREDPALLY,7,146,146,9.0,2.0,496085.07,2223002.8,9196.0,17.4507936,78.5048972,-12.47414140833292,-21.362,12.404
2023,8,MARUTHINAGAR,10,194,194,4.0,3.0,1945482.39,4841522.65,7237.0,17.373499742570825,78.54268265383173,-15.115934266731193,-24.0,38.681
2023,8,MEERPET,20,66,66,22.0,21.0,1682055.8,2764531.15,9864.0,17.4546432,78.5715499,-6.441468392795172,-59.023,1.0
2023,8,MEHIDIPATNAM,3,91,91,6.0,5.0,823740.13,3813084.5,6575.0,17.399943921854806,78.43451065196552,-1.2240510318391513,-3.314,1.0
2023,8,METTUGUDA,7,23,23,1.0,1.0,349856.26,1303962.4,4460.0,17.4355036,78.5195573,-12.47414140833292,-21.362,12.404
2023,8,MISRIGUNJ,1,2,2,3.0,2.0,544303.11,1382496.8,4347.0,17.350101211439146,78.45939390321827,-4.981351632256168,-19.652,1.0
2023,8,MIYAPUR,15,472,472,29.0,17.0,2915045.7,7664134.2,7369.0,17.4981608,78.3567628,-7.088238213409196,-15.663,-1.104
2023,8,MOGHULPURA,1,2,2,7.0,2.0,387737.7,2587815.9,6259.0,17.3595023,78.4767749,-4.981351632256168,-19.652,1.0
2023,8,MOOSAPET,9,416,416,16.0,11.0,2669796.2,7929846.3,5669.0,17.4685307,78.4206695,-5.390432301805981,-9.201,-1.035
2023,8,MOOSARAMBAGH,2,75,75,7.0,6.0,1820647.31,9444473.6,7827.0,17.3743532,78.5160835,-9.772093976293876,-15.772,8.35
2023,8,MOTI NAGAR,9,351,351,8.0,6.0,583829.26,1407366.9,5785.0,17.4508069,78.422242,-4.2143448867979,-7.86,1.0
2023,8,MUSHEERABAD,5,85,85,3.0,3.0,1289943.35,10157042.85,5315.0,17.4191423,78.4985732,-6.740992341257842,-8.752,-0.051
2023,8,NACHARAM,14,97,97,35.0,23.0,11245943.66,17072803.49,10927.0,17.4284936,78.5528098,-2.2643061664055764,-6.6,31.337
2023,8,NAGARAM,19,1,1,81.0,61.0,1239360.59,2021634.2,10243.0,17.4910113,78.613677,-3.9776102214750892,-28.936,-0.751
2023,8,NAGOLE,34,43,43,24.0,14.0,1053503.46,3274652.95,7692.0,17.3775306,78.5601231,-8.68556577870009,-15.552,1.0
2023,8,NALLAGANDLA,15,6,6,31.0,27.0,3121405.34,6289074.8,8557.0,17.4774828,78.3060359,-29.150105105964958,-58.481,-4.338
2023,8,NALLAGUTTA,7,78,78,1.0,1.0,1497360.49,2959604.25,4753.0,17.4384334,78.4825328,-1.9424732071532318,-2.693,-0.068
2023,8,NARAYANGUDA,5,439,439,2.0,1.0,3694926.32,7636259.5,7167.0,17.3981159,78.4885006,-2.1866529029494384,-4.994,1.0
2023,8,NGO COLONY,34,31,31,4.0,4.0,831063.08,2394956.55,5599.0,17.327964,78.5657291,-8.534793235350607,-12.209,-3.889
2023,8,NIZAMPET,23,1251,1251,29.0,24.0,4171176.38,8947004.2,4371.0,17.4945061,78.4000017,-46.34703747538678,-48.923,38.884
2023,8,OLD MALLEPALLY,3,19,19,7.0,4.0,161612.42,1335989.9,3831.0,17.386722270354426,78.45715718205514,-5.100407564636875,-8.085,-1.774
2023,8,PATANCHERU,15,1,1,27.0,22.0,0.0,264793.45,7009.0,17.5286092,78.2674254,-15.572393745172485,-19.944,-9.782
2023,8,PATHERGATTI,1,2,2,3.0,3.0,2425345.15,4156241.6,4778.0,17.3659836,78.4754866,-3.423985738728608,-11.371,1.0
2023,8,PEDDA AMBERPET,22,2,2,73.0,59.0,963663.55,3003137.65,9408.0,17.3172848,78.6384505,-13.164451668738684,-102.918,-4.079
2023,8,PEERJADIGUDA,19,175,175,53.0,41.0,2080174.12,8281739.15,15920.0,17.4078747,78.6022666,-11.641342145249197,-19.598,24.579
2023,8,PRAGATHINAGAR,23,1191,1191,15.0,14.0,787935.72,871652.25,6047.0,17.3985199,78.5411934,-17.80370829758031,-23.95,-4.554
2023,8,PRAKASHNAGAR,7,199,199,13.0,9.0,5382502.9,8355783.4,9511.0,17.4426888,78.4705479,-1.9424732071532318,-2.693,-0.068
2023,8,RADHIKA,14,89,89,18.0,10.0,943433.84,5086476.85,9816.0,17.4771342,78.563299,-11.611257318416774,-13.556,-0.07
2023,8,RAMACHANDRAPURAM,15,4,4,9.0,3.0,584339.51,3004944.65,7815.0,17.5086345,78.3018685,-10.108599999483703,-48.466,12.475
2023,8,RAMANTHAPUR,14,100,100,42.0,39.0,2508399.24,9255533.6,20206.0,17.3885044,78.5371677,-17.80370829758031,-23.95,-4.554
2023,8,REGIMENTAL BAZAR,7,101,101,1.0,1.0,1494207.25,2494917.37,4295.0,17.4348324,78.5012557,-6.740992341257842,-8.752,-0.051
2023,8,S.P.R HILLS,6,108,108,8.0,4.0,201930.5,1266885.4,10599.0,17.446776445765586,78.41047091648177,-4.2143448867979,-7.86,1.0
2023,8,S.R.NAGAR,6,695,695,7.0,5.0,5558663.69,7493504.7,7044.0,17.4417071,78.4416081,-14.461797131758766,-44.338,1.0
2023,8,SAHEBNAGAR,10,72,72,46.0,27.0,1864958.77,5168939.65,12201.0,17.3206264,78.5769132,-4.1107347863508155,-15.067,1.203
2023,8,SAIBABA NAGAR,14,61,61,40.0,32.0,335686.55,1885616.5,7095.0,17.4507229,78.4100017,-5.390432301805981,-9.201,-1.035
2023,8,SAIDABAD,2,46,46,3.0,3.0,786074.87,3576371.45,5891.0,17.359533,78.5147979,-9.772093976293876,-15.772,8.35
2023,8,SAINATHPURAM,13,112,112,15.0,6.0,445162.47,4093113.3,11098.0,17.475693,78.5515621,-2.63240210193732,-54.763,1.0
2023,8,SANTOSHNAGAR,2,2,2,5.0,2.0,1088182.14,2829600.6,6090.0,17.3467185,78.5081947,-9.772093976293876,-15.772,8.35
2023,8,SAROORNAGAR,10,223,223,4.0,2.0,1848758.37,4483662.7,6770.0,17.3611655,78.5387443,-36.09192193271679,-58.971,1.0
2023,8,SEETHAPALMANDI,7,82,82,2.0,1.0,474926.03,2123142.05,6169.0,17.425757541676237,78.51990378820871,-6.672931671786576,-12.052,1.0
2023,8,SHAIKPET,3,294,294,22.0,10.0,2638942.17,7786554.05,8301.0,17.4057955,78.4006536,-6.043137507893525,-6.746,-0.009
2023,8,SHAPOORNAGAR,12,178,178,8.0,5.0,1469488.71,2983789.15,8036.0,17.51707481088814,78.44358687789398,-6.350885176856137,-10.305,-2.767
2023,8,SHIVAM,5,97,96,7.0,4.0,1525822.83,3702273.8,8943.0,17.3367947,78.6028951,-9.552658212982246,-46.221,1.0
2023,8,SOMAJIGUDA,6,885,885,2.0,1.0,8070311.81,8708751.75,6079.0,17.4255053,78.4585197,-6.267983222411594,-34.86,-1.588
2023,8,SRINIVAS NAGAR,7,115,115,,,500309.51,1888931.65,4794.0,17.4402595,78.4451055,-14.461797131758766,-44.338,1.0
2023,8,SUCHITRA,12,279,279,14.0,9.0,2072485.49,6059578.56,8809.0,17.5024582,78.4839794,-16.764837433599137,-24.574,36.118
2023,8,SULEMAN NAGAR,16,64,64,26.0,25.0,220001.56,1378986.2,7510.0,17.3486936,78.4231173,-28.590051792067662,-58.82,-3.436
2023,8,SULTAN BAZAR,4,264,264,5.0,3.0,2294009.86,4592622.7,5784.0,17.3870437,78.4869648,-3.423985738728608,-11.371,1.0
2023,8,SURARAM,12,113,113,28.0,27.0,1200112.0,3816607.9,10464.0,17.5360946,78.4186386,-5.1367885188728355,-18.138,-0.624
2023,8,TARNAKA,7,311,311,2.0,1.0,13214828.01,16886728.26,5468.0,17.4285479,78.5379433,-2.2643061664055764,-6.6,31.337
2023,8,THATTIKHANA,6,651,651,12.0,7.0,8875086.51,13305741.95,10994.0,17.368368049566055,78.60318365434247,-19.009141170949153,-29.461,1.0
2023,8,THUKKUGUDA,20,1,1,51.0,42.0,19431271.5,20597902.6,8869.0,17.2144718,78.4766647,-10.917572216237312,-14.209,-6.459
2023,8,TOLI CHOWK,3,161,161,15.0,11.0,926970.47,3038476.25,5031.0,17.399517081462932,78.41474423791212,-6.043137507893525,-6.746,-0.009
2023,8,TURKAYAMJAL,22,1,1,120.0,91.0,1674940.09,3356103.9,12103.0,17.2691643,78.5771279,-7.168004578346216,-10.471,-3.471
2023,8,UPPAL,14,84,84,31.0,23.0,1056078.32,2499235.42,14482.0,17.4025091,78.5612562,-6.855199090082735,-16.385,1.0
2023,8,USHODAYA,12,69,69,18.0,8.0,338197.73,2003486.4,9647.0,17.384909,78.4388101,-5.100407564636875,-8.085,-1.774
2023,8,VAISHALINAGAR,10,73,73,28.0,20.0,2153960.06,6764788.05,10092.0,17.338969152148117,78.54402440653747,-13.665723696483987,-15.8,-7.95
2023,8,VAJPAYEE NAGAR,13,34,34,6.0,6.0,485149.78,2341030.65,8791.0,17.493544000750763,78.45891297321583,-16.764837433599137,-24.574,36.118
2023,8,VANASTHALIPURAM,34,74,74,11.0,7.0,2262429.55,4405526.65,7088.0,17.3303179,78.568278,-8.534793235350607,-12.209,-3.889
2023,8,VENGALRAONAGAR,6,567,567,6.0,5.0,2746812.75,5927696.35,8350.0,17.442176085833477,78.43833257797534,-14.461797131758766,-44.338,1.0
2023,8,VENKATAPURAM,13,87,87,10.0,5.0,599772.61,2236552.35,6809.0,17.496189,78.5043108,-8.97585561892137,-40.761,-6.248
2023,8,VIGYANPURI,5,47,47,8.0,4.0,5425634.3,6865233.35,4014.0,17.403003650874158,78.51134135120137,-2.1866529029494384,-4.994,1.0
2023,8,VIJAYNAGAR COLONY,3,288,288,5.0,4.0,1373115.54,4328059.8,6193.0,17.3442548,78.5412895,-13.665723696483987,-15.8,-7.95
2023,8,VINAY NAGAR,2,25,25,3.0,2.0,481280.43,2344908.85,5542.0,17.3515414,78.5111106,-9.772093976293876,-15.772,8.35
2023,8,VIVEKANANDA NAGAR,9,88,88,2.0,1.0,2121910.19,4323784.5,7151.0,17.3627254,78.5293456,-36.09192193271679,-58.971,1.0
2023,8,YAKATPURA,2,2,2,4.0,4.0,452518.75,2175697.75,7057.0,17.359093387793546,78.4853163967196,-9.772093976293876,-15.772,8.35
2023,8,YAPRAL,13,59,59,51.0,37.0,666048.39,2419894.05,6271.0,17.5030543,78.5407976,-6.247539089917872,-12.503,-0.354
2023,8,YELLAMMABANDA,9,176,176,48.0,39.0,398212.5,4138903.0,9576.0,17.5102678,78.4070824,-46.34703747538678,-48.923,38.884
2023,8,YELLAREDDYGUDA,6,493,493,6.0,2.0,3349377.33,7509608.3,8745.0,17.4333135,78.4415476,-14.461797131758766,-44.338,1.0
2023,8,ZIAGUDA,4,1,1,10.0,6.0,155746.58,1228640.1,5933.0,17.3658951,78.4503072,-6.23629193008042,-14.06,-2.04
2023,9,ADARSHNAGAR,12,38,38,5.0,2.0,11379801.84,12833398.41,5883.0,17.404546984247553,78.47358389715174,-4.225103036755199,-6.03,25.278
2023,9,ADIKMET,5,92,92,5.0,3.0,1539284.19,2156171.75,2931.0,17.4095495,78.5130943,-6.672931671786576,-12.052,1.0
2023,9,AHMED NAGAR,3,77,77,4.0,3.0,569579.0,686464.3,2906.0,17.404066,78.4442286,-1.2240510318391513,-3.314,1.0
2023,9,ALIABAD,33,1,1,1.0,1.0,635302.56,1404345.6,6411.0,17.34563,78.4726799,-4.981351632256168,-19.652,1.0
2023,9,ALKAPURI,10,108,108,8.0,3.0,3822211.5,6009987.4,8320.0,17.3662342,78.5549781,-15.115934266731193,-24.0,38.681
2023,9,ALLABANDA,4,6,6,3.0,3.0,597705.48,1537276.75,7805.0,17.3803134,78.4577022,-5.100407564636875,-8.085,-1.774
2023,9,ALWAL,13,26,26,22.0,6.0,35211419.59,36446128.9,8822.0,17.5022292,78.5088584,-4.221987933535047,-6.62,-1.252
2023,9,AMBERPET,5,9,9,5.0,4.0,,,,17.3861776,78.5114709,-2.1866529029494384,-4.994,1.0
2023,9,AMEENPUR,24,1,1,197.0,185.0,11088580.6,11280461.2,6832.0,17.5236905,78.3317297,-1.7808493513536299,-2.91,-0.787
2023,9,ASIF NAGAR,3,19,19,4.0,4.0,1102188.01,1726761.0,5405.0,17.3857483,78.4505083,-5.100407564636875,-8.085,-1.774
2023,9,ASMANGARH,2,25,25,1.0,1.0,1897525.16,2293010.6,5575.0,17.36850992532914,78.51429549554615,-9.772093976293876,-15.772,8.35
2023,9,ATTAPUR,16,57,57,22.0,18.0,2514857.03,2565223.7,8743.0,17.3672244,78.4307278,-7.357040143594367,-8.99,1.0
2023,9,AUTONAGAR,34,102,102,62.0,52.0,5672113.56,7663022.5,10141.0,17.3356141,78.5792031,-18.449006726509495,-54.592,-0.173
2023,9,AZAMABAD,5,243,243,7.0,2.0,2608472.95,4732969.4,11028.0,17.4040194,78.5043767,-2.1866529029494384,-4.994,1.0
2023,9,AZAMPURA,2,1,1,1.0,1.0,894841.23,1776643.1,4920.0,17.3761935,78.490874,-3.423985738728608,-11.371,1.0
2023,9,B.N.REDDY NAGAR,34,28,28,49.0,16.0,1203015.17,2482926.55,7039.0,17.321914,78.5597937,-8.534793235350607,-12.209,-3.889
2023,9,BACHUPALLY,23,55,55,35.0,22.0,9580678.65,10930208.9,3796.0,17.536648,78.3644736,-77.33563988117173,-83.42,20.074
2023,9,BADANGPET,20,19,19,163.0,144.0,5029447.69,8854916.05,20319.0,17.3383467,78.5222127,-13.665723696483987,-15.8,-7.95
2023,9,BAGH LINGAMPALLY,5,176,176,4.0,0.0,3041970.93,4152290.6,6107.0,17.3974359,78.4979706,-2.1866529029494384,-4.994,1.0
2023,9,BAHADURPURA,1,8,8,11.0,6.0,4799012.37,5374362.31,5922.0,17.3570672,78.4545419,-4.981351632256168,-19.652,1.0
2023,9,BALAJINAGAR,9,812,812,6.0,3.0,5023209.05,4848477.3,7806.0,17.5149256,78.560679,-7.086502418049685,-10.359,1.0
2023,9,BALANAGAR,9,51,51,8.0,1.0,4895380.76,8287992.72,10809.0,17.4768224,78.4219645,-40.21863524752012,-59.528,-11.334
2023,9,BANDLAGUDA,33,43,43,60.0,56.0,849556.1,1518024.15,7516.0,17.3714879,78.5727265,-19.009141170949153,-29.461,1.0
2023,9,BANJARA HILLS,6,1564,1564,12.0,6.0,21006399.17,23771669.65,10851.0,17.4177464,78.4399014,-6.267983222411594,-34.86,-1.588
2023,9,BARKATPURA,5,97,97,6.0,1.0,4477771.59,3768454.25,6439.0,17.3926121,78.4969683,-2.1866529029494384,-4.994,1.0
2023,9,BEERAMGUDA,24,1,1,162.0,153.0,2324509.73,3042015.1,9459.0,17.5091218,78.3004614,-10.108599999483703,-48.466,12.475
2023,9,BHAGATSINGH NAGAR,12,35,35,2.0,2.0,1380879.96,1952505.36,5309.0,17.49324711103568,78.38735077021973,-21.42419514433048,-104.503,-11.263
2023,9,BHAGYANAGAR,9,317,317,11.0,3.0,9715581.24,9075267.55,6136.0,17.4076662,78.4957155,-2.1866529029494384,-4.994,1.0
2023,9,BHARATHNAGAR,9,150,150,10.0,2.0,1506882.97,3891486.8,6549.0,17.3478913,78.55648,-11.76366817945535,-19.847,-2.831
2023,9,BODUPPAL,19,55,55,168.0,130.0,3710165.19,7315328.3,24375.0,17.3988408,78.5366218,-17.80370829758031,-23.95,-4.554
2023,9,BOIGUDA,7,44,44,5.0,4.0,885833.57,2179612.35,5641.0,17.4286363,78.4969962,-6.740992341257842,-8.752,-0.051
2023,9,BORABANDA,6,118,118,14.0,14.0,463090.7,1304264.4,7113.0,17.4590687,78.4078664,-5.390432301805981,-9.201,-1.035
2023,9,BOUDHANAGAR,7,48,48,,,1059640.31,1910728.2,6418.0,17.4160319,78.517419,-6.672931671786576,-12.052,1.0
2023,9,BUDVEL,16,66,66,33.0,28.0,4460529.39,4610786.48,7311.0,17.33298,78.406191,-8.60961196694741,-20.379,1.0
2023,9,CHANCHALGUDA,2,4,4,,,756861.69,2333523.0,5459.0,17.3673732,78.4965799,-9.772093976293876,-15.772,8.35
2023,9,CHANDA NAGAR,15,253,253,18.0,9.0,3135325.12,4039967.1,8790.0,17.4534764,78.3943669,-5.798614192233966,-10.565,-3.21
2023,9,CHANUDLAL BHARADARI,1,2,2,1.0,0.0,1626423.53,3011127.6,8558.0,17.35207924290198,78.45954822278678,-4.981351632256168,-19.652,1.0
2023,9,CHANUKYAPURI,13,97,97,16.0,15.0,3251530.82,4174794.56,11820.0,17.35903320948377,78.5617337593459,-11.76366817945535,-19.847,-2.831
2023,9,CHERLAPALLY,14,11,11,46.0,26.0,1291632.24,12547470.4,8202.0,17.4687455,78.6024858,-3.9776102214750892,-28.936,-0.751
2023,9,CHINTAL,12,54,54,13.0,9.0,13754485.42,11833753.0,9602.0,17.5021756,78.440609,-6.350885176856137,-10.305,-2.767
2023,9,CHINTAL BASTHI,3,99,99,2.0,1.0,3069935.82,3437527.85,5178.0,17.4073576,78.4567152,-1.2240510318391513,-3.314,1.0
2023,9,CONTROL ROOM,11,1,1,,,78009276.52,70024768.41,26.0,17.4011125,78.4728269,-4.225103036755199,-6.03,25.278
2023,9,DEEPTHISRI NAGAR,15,180,180,9.0,8.0,6832625.42,7194478.95,4998.0,17.50066559761306,78.33937200961574,-1.7808493513536299,-2.91,-0.787
2023,9,DEFENCE COLONY,13,90,90,13.0,7.0,1719528.85,3960301.75,11573.0,17.3176682,78.6117136,-9.552658212982246,-46.221,1.0
2023,9,DHOOD BOWLI,1,6,6,1.0,1.0,1836903.54,1869507.0,6088.0,17.358865699843125,78.46540079693314,-4.981351632256168,-19.652,1.0
2023,9,DILSHUKNAGAR,10,39,39,3.0,3.0,4513687.21,3476199.65,6069.0,17.3710329,78.5254623,-36.09192193271679,-58.971,1.0
2023,9,DOMALGUDA,5,28,28,1.0,1.0,2449487.85,3485408.2,5458.0,17.4078455,78.4850003,-4.225103036755199,-6.03,25.278
2023,9,ERRAGADDA,6,156,156,10.0,10.0,2649755.32,10247935.95,6676.0,17.4487999,78.4356074,-4.2143448867979,-7.86,1.0
2023,9,FATHENAGAR,6,163,163,6.0,3.0,6893183.73,7874930.8,7680.0,17.4598339,78.4525504,-4.2143448867979,-7.86,1.0
2023,9,FATHER BALAIAHNAGAR,13,387,387,18.0,10.0,2090529.56,2222014.6,5926.0,17.50818327428803,78.4937064516262,-16.764837433599137,-24.574,36.118
2023,9,FILM NAGAR,6,270,270,14.0,7.0,10116484.65,10641758.55,7940.0,17.4140574,78.4105031,-6.043137507893525,-6.746,-0.009
2023,9,GACHIBOWLI,15,770,770,34.0,22.0,45738938.36,48018667.19,6498.0,17.4436222,78.3519638,-7.851808252285321,-13.636,1.0
2023,9,GAJULARAMARAM,12,188,188,74.0,55.0,4383693.99,3620884.45,7949.0,17.5271759,78.4200077,-5.1367885188728355,-18.138,-0.624
2023,9,GANDHINAGAR,5,75,75,1.0,1.0,3523202.07,3459614.2,5999.0,17.4077928,78.4925707,-4.225103036755199,-6.03,25.278
2023,9,GANDIMAISAMMA,23,1,1,68.0,32.0,492031.22,575434.4,3936.0,17.576965,78.421959,-12.080203428747952,-41.208,-9.662
2023,9,GAYATRI NAGAR,9,165,165,30.0,15.0,2393882.35,5967615.15,6816.0,17.4566764,78.4035867,-5.798614192233966,-10.565,-3.21
2023,9,GODE-KI-KABAR,4,7,7,4.0,2.0,1892950.67,2469420.55,7862.0,17.376976148401162,78.46196399554636,-5.100407564636875,-8.085,-1.774
2023,9,GOLCONDA,3,6,6,6.0,3.0,5790987.28,10779075.64,5885.0,17.3873294,78.4057336,-6.272660829945958,-16.898,-0.04
2023,9,GOWLIGUDA,4,56,56,1.0,0.0,2303448.6,5891655.65,4791.0,17.377643,78.4787716,-3.423985738728608,-11.371,1.0
2023,9,GOWLIPURA,33,1,1,4.0,4.0,387159.89,1453220.1,5692.0,17.3462321,78.4799077,-12.123256123445776,-15.781,1.0
2023,9,GOWTHAM NAGAR,13,57,57,6.0,4.0,3106413.66,3467559.55,8014.0,17.4539263,78.527344,-4.236881728429952,-6.098,1.0
2023,9,GUNFOUNDRY,4,251,251,1.0,1.0,4965152.82,6841757.2,3780.0,17.3936441,78.4756654,-3.3423306430785304,-5.452,1.0
2023,9,HAFEEZPET,15,1211,1211,14.0,9.0,10880717.19,39659810.5,6578.0,17.4834409,78.3611316,-17.663445787684253,-26.918,1.0
2023,9,HAKEEMPET,3,16,16,2.0,0.0,1166630.85,1317158.7,4478.0,17.4056403,78.4178824,-6.043137507893525,-6.746,-0.009
2023,9,HASMATHPET,9,272,272,18.0,4.0,2693608.76,6517147.65,10051.0,17.4758254,78.4847371,-1.3120815705640303,-1.67,1.0
2023,9,HASSAN NAGAR,1,2,2,1.0,1.0,376951.0,910987.23,4465.0,17.336155,78.44363,-28.06282154849126,-35.473,1.0
2023,9,HOUSING BOARD,14,24,24,19.0,16.0,1451705.7,8202767.8,9338.0,17.4922068,78.3973638,-21.42419514433048,-104.503,-11.263
2023,9,HUBSIGUDA,14,150,150,10.0,7.0,9974481.52,18066887.7,6965.0,17.412012724821263,78.54561665602095,-7.538105379814497,-8.769,-2.539
2023,9,HYDERGUDA,16,297,297,20.0,16.0,4274689.92,5178594.0,6414.0,17.4012791,78.4804894,-4.225103036755199,-6.03,25.278
2023,9,JAGATHGIRIGUTTA,12,109,109,16.0,12.0,1108866.76,2540803.35,11396.0,17.4993176,78.4226016,-5.1367885188728355,-18.138,-0.624
2023,9,JALPALLY,20,3,3,264.0,222.0,1288137.35,9634210.1,13942.0,17.3061541,78.4738589,-7.546780559786242,-12.3,-1.008
2023,9,JANGAMMET,33,1,1,2.0,1.0,480143.15,1228972.7,4789.0,17.336251,78.4744044,-12.123256123445776,-15.781,1.0
2023,9,JAWAHARNAGAR,25,4,4,546.0,410.0,3354324.9,4881153.55,15303.0,17.437754,78.4845463,-1.9424732071532318,-2.693,-0.068
2023,9,JEEDIMETLA,12,46,46,31.0,22.0,8675086.97,9156806.35,8413.0,17.519687,78.4468876,-6.350885176856137,-10.305,-2.767
2023,9,JILLELAGUDA,20,13,13,10.0,8.0,1084794.77,1501216.3,4930.0,17.3376801,78.5322366,-13.665723696483987,-15.8,-7.95
2023,9,JUBILEE HILLS,6,880,880,14.0,3.0,8386742.42,8365082.3,6632.0,17.4308362,78.4102882,-6.043137507893525,-6.746,-0.009
2023,9,KAKATIYA NAGAR,3,106,106,6.0,3.0,1629183.53,2980492.55,3997.0,17.4785837,78.5406026,-12.484480768704271,-19.217,1.0
2023,9,KAMALANAGAR,34,72,72,14.0,11.0,2128944.98,4753326.8,7910.0,17.4728043,78.566675,-9.045252142363507,-29.864,-0.004
2023,9,KARWAN,3,5,5,4.0,3.0,1102305.61,2028079.0,6685.0,17.376013,78.4331894,-7.357040143594367,-8.99,1.0
2023,9,KATEDAN,16,3,3,17.0,13.0,2105970.95,2149873.9,7015.0,17.3026835,78.4398207,-1.2653078280464742,-3.218,-0.732
2023,9,KISHAN BAGH,1,6,6,8.0,6.0,879563.74,1358375.5,5053.0,17.3575261,78.44485,-4.981351632256168,-19.652,1.0
2023,9,KISMATHPUR,18,386,386,77.0,59.0,3057804.81,4935554.9,13684.0,17.3343045,78.3936455,-14.163095030058026,-19.578,-7.69
2023,9,KONDAPUR,15,2123,2123,44.0,24.0,18528986.0,29429053.25,7906.0,17.4587912,78.3730556,-9.15338763082218,-13.794,-3.253
2023,9,KOTHAPETA,10,85,85,10.0,4.0,1674702.87,3520077.7,7233.0,17.367222832295177,78.545668383567,-15.115934266731193,-24.0,38.681
2023,9,KPHB,9,1073,1073,12.0,6.0,12013689.04,14300785.85,9511.0,17.4939602,78.4008412,-46.34703747538678,-48.923,38.884
2023,9,KUKATPALLY,9,81,81,19.0,7.0,4609927.45,5670444.8,6772.0,17.4930841,78.4054408,-46.34703747538678,-48.923,38.884
2023,9,L.B.NAGAR,34,69,69,18.0,13.0,2867127.71,4661320.2,6199.0,17.349846,78.5479412,-36.09192193271679,-58.971,1.0
2023,9,LALAPET,7,28,28,4.0,4.0,4800249.95,7051451.15,6284.0,17.4388301,78.54187,-2.2643061664055764,-6.6,31.337
2023,9,LANGER HOUSE,3,9,9,16.0,13.0,1782160.75,2759391.3,7644.0,17.37331,78.41387,-6.272660829945958,-16.898,-0.04
2023,9,LINGOJIGUDA,10,72,72,6.0,4.0,3983062.72,4793893.55,7815.0,17.3478809,78.5364577,-36.09192193271679,-58.971,1.0
2023,9,MACHABOLLARAM,13,44,44,54.0,44.0,1824762.58,-380118.8,6267.0,17.513866,78.5137342,-4.221987933535047,-6.62,-1.252
2023,9,MADHAPUR,15,3254,3254,64.0,23.0,74552660.4,72536846.85,12962.0,17.4408924,78.3916304,-5.798614192233966,-10.565,-3.21
2023,9,MAILERDEV PALLY,16,18,18,30.0,23.0,1863919.4,3208259.7,7055.0,17.31916516561942,78.44588448683878,-7.546780559786242,-12.3,-1.008
2023,9,MALAKPET,2,17,17,2.0,0.0,1955537.48,2480692.1,5147.0,17.3736706,78.4996484,-9.772093976293876,-15.772,8.35
2023,9,MANIKONDA,18,823,823,61.0,45.0,8746250.42,10432766.25,8514.0,17.3999951,78.3861689,-8.64049553514247,-16.362,1.0
2023,9,MANSOORABAD,34,36,36,12.0,2.0,2195027.25,4253615.2,5773.0,17.3541765,78.5652906,-11.76366817945535,-19.847,-2.831
2023,9,MARREDPALLY,7,118,118,1.0,1.0,1788693.36,7800953.55,9196.0,17.4507936,78.5048972,-12.47414140833292,-21.362,12.404
2023,9,MARUTHINAGAR,10,143,143,5.0,5.0,3383133.37,3604261.35,7237.0,17.373499742570825,78.54268265383173,-15.115934266731193,-24.0,38.681
2023,9,MEERPET,20,68,68,28.0,27.0,1849997.3,3001612.45,9864.0,17.4546432,78.5715499,-6.441468392795172,-59.023,1.0
2023,9,MEHIDIPATNAM,3,79,79,5.0,3.0,2866968.32,3680138.5,6575.0,17.399943921854806,78.43451065196552,-1.2240510318391513,-3.314,1.0
2023,9,METTUGUDA,7,15,15,4.0,0.0,804268.96,1291936.85,4460.0,17.4355036,78.5195573,-12.47414140833292,-21.362,12.404
2023,9,MISRIGUNJ,1,2,2,2.0,2.0,991875.3,1283242.4,4347.0,17.350101211439146,78.45939390321827,-4.981351632256168,-19.652,1.0
2023,9,MIYAPUR,15,295,295,16.0,12.0,4974061.26,8586616.55,7369.0,17.4981608,78.3567628,-7.088238213409196,-15.663,-1.104
2023,9,MOGHULPURA,1,3,3,,,872722.52,2085259.3,6259.0,17.3595023,78.4767749,-4.981351632256168,-19.652,1.0
2023,9,MOOSAPET,9,170,170,4.0,1.0,7449052.14,5793987.0,5669.0,17.4685307,78.4206695,-5.390432301805981,-9.201,-1.035
2023,9,MOOSARAMBAGH,2,78,78,8.0,6.0,2882368.02,6897924.3,7827.0,17.3743532,78.5160835,-9.772093976293876,-15.772,8.35
2023,9,MOTI NAGAR,9,145,145,10.0,9.0,1380713.83,3424283.25,5785.0,17.4508069,78.422242,-4.2143448867979,-7.86,1.0
2023,9,MUSHEERABAD,5,76,76,6.0,3.0,1213285.34,10140463.45,5315.0,17.4191423,78.4985732,-6.740992341257842,-8.752,-0.051
2023,9,MYSARAM,33,2,2,21.0,17.0,20260930.5,20775389.4,5969.0,17.318186408097194,78.48361779724075,-12.123256123445776,-15.781,1.0
2023,9,NACHARAM,14,70,70,24.0,14.0,11348410.21,20074841.41,10927.0,17.4284936,78.5528098,-2.2643061664055764,-6.6,31.337
2023,9,NAGARAM,19,2,2,63.0,46.0,1102062.48,2194122.9,10243.0,17.4910113,78.613677,-3.9776102214750892,-28.936,-0.751
2023,9,NAGOLE,34,12,12,20.0,10.0,1820158.26,3200889.1,7692.0,17.3775306,78.5601231,-8.68556577870009,-15.552,1.0
2023,9,NALLAGANDLA,15,4,4,34.0,25.0,9117916.1,10776279.2,8557.0,17.4774828,78.3060359,-29.150105105964958,-58.481,-4.338
2023,9,NALLAGUTTA,7,76,76,2.0,2.0,3664653.28,3386414.25,4753.0,17.4384334,78.4825328,-1.9424732071532318,-2.693,-0.068
2023,9,NARAYANGUDA,5,334,334,1.0,1.0,8598034.39,6853681.75,7167.0,17.3981159,78.4885006,-2.1866529029494384,-4.994,1.0
2023,9,NGO COLONY,34,38,38,2.0,1.0,1589975.85,2070992.45,5599.0,17.327964,78.5657291,-8.534793235350607,-12.209,-3.889
2023,9,NIZAMPET,23,896,896,11.0,5.0,6619155.72,8007031.1,4371.0,17.4945061,78.4000017,-46.34703747538678,-48.923,38.884
2023,9,OLD MALLEPALLY,3,2,2,6.0,4.0,433196.55,1139599.55,3831.0,17.386722270354426,78.45715718205514,-5.100407564636875,-8.085,-1.774
2023,9,PEDDA AMBERPET,22,2,2,97.0,79.0,1120159.79,2997266.9,9408.0,17.3172848,78.6384505,-13.164451668738684,-102.918,-4.079
2023,9,PEERJADIGUDA,19,185,185,34.0,22.0,3234436.72,6933636.4,15920.0,17.4078747,78.6022666,-11.641342145249197,-19.598,24.579
2023,9,POCHARAM,19,1,1,36.0,30.0,1019625.6,1336983.0,8427.0,17.1766905,78.6024034,-7.168004578346216,-10.471,-3.471
2023,9,PRAGATHINAGAR,23,1147,1147,8.0,5.0,2058027.83,6066103.4,6047.0,17.3985199,78.5411934,-17.80370829758031,-23.95,-4.554
2023,9,PRAKASHNAGAR,7,123,123,9.0,6.0,7701080.96,7696937.35,9511.0,17.4426888,78.4705479,-1.9424732071532318,-2.693,-0.068
2023,9,RADHIKA,14,63,63,15.0,5.0,2618021.32,6827557.6,9816.0,17.4771342,78.563299,-11.611257318416774,-13.556,-0.07
2023,9,RAMACHANDRAPURAM,15,3,3,2.0,2.0,1683335.71,2587260.9,7815.0,17.5086345,78.3018685,-10.108599999483703,-48.466,12.475
2023,9,RAMANTHAPUR,14,123,123,15.0,15.0,6410564.18,8670938.65,20206.0,17.3885044,78.5371677,-17.80370829758031,-23.95,-4.554
2023,9,REGIMENTAL BAZAR,7,69,69,2.0,0.0,3636178.16,5143892.77,4295.0,17.4348324,78.5012557,-6.740992341257842,-8.752,-0.051
2023,9,S.P.R HILLS,6,69,69,5.0,4.0,563697.42,1863210.9,10599.0,17.446776445765586,78.41047091648177,-4.2143448867979,-7.86,1.0
2023,9,S.R.NAGAR,6,510,510,10.0,4.0,6971974.81,8268863.2,7044.0,17.4417071,78.4416081,-14.461797131758766,-44.338,1.0
2023,9,SAHEBNAGAR,10,56,56,42.0,32.0,3005733.46,4910602.85,12201.0,17.3206264,78.5769132,-4.1107347863508155,-15.067,1.203
2023,9,SAIBABA NAGAR,14,52,52,31.0,25.0,1437450.67,9479625.75,7095.0,17.4507229,78.4100017,-5.390432301805981,-9.201,-1.035
2023,9,SAIDABAD,2,30,30,5.0,1.0,1561165.01,2521516.85,5891.0,17.359533,78.5147979,-9.772093976293876,-15.772,8.35
2023,9,SAINATHPURAM,13,106,106,15.0,4.0,1986035.61,4820561.6,11098.0,17.475693,78.5515621,-2.63240210193732,-54.763,1.0
2023,9,SANTOSHNAGAR,2,4,4,3.0,1.0,1337710.4,2167216.5,6090.0,17.3467185,78.5081947,-9.772093976293876,-15.772,8.35
2023,9,SAROORNAGAR,10,197,197,11.0,1.0,5108848.86,4971117.7,6770.0,17.3611655,78.5387443,-36.09192193271679,-58.971,1.0
2023,9,SEETHAPALMANDI,7,62,62,1.0,1.0,1569281.19,2320949.65,6169.0,17.425757541676237,78.51990378820871,-6.672931671786576,-12.052,1.0
2023,9,SHAIKPET,3,153,153,20.0,15.0,5802880.31,6262487.64,8301.0,17.4057955,78.4006536,-6.043137507893525,-6.746,-0.009
2023,9,SHAPOORNAGAR,12,147,147,15.0,11.0,2591375.31,2420393.15,8036.0,17.51707481088814,78.44358687789398,-6.350885176856137,-10.305,-2.767
2023,9,SHIVAM,5,102,102,3.0,2.0,2577363.46,3728852.65,8943.0,17.3367947,78.6028951,-9.552658212982246,-46.221,1.0
2023,9,SOMAJIGUDA,6,485,485,3.0,0.0,8584662.58,7921238.35,6079.0,17.4255053,78.4585197,-6.267983222411594,-34.86,-1.588
2023,9,SRINIVAS NAGAR,7,81,81,3.0,2.0,1451844.44,5138838.6,4794.0,17.4402595,78.4451055,-14.461797131758766,-44.338,1.0
2023,9,SUCHITRA,12,230,230,14.0,12.0,4820597.95,5954980.76,8809.0,17.5024582,78.4839794,-16.764837433599137,-24.574,36.118
2023,9,SULEMAN NAGAR,16,72,72,14.0,11.0,832920.5,1540967.0,7510.0,17.3486936,78.4231173,-28.590051792067662,-58.82,-3.436
2023,9,SULTAN BAZAR,4,259,259,2.0,2.0,4678543.33,4377465.8,5784.0,17.3870437,78.4869648,-3.423985738728608,-11.371,1.0
2023,9,SURARAM,12,95,95,18.0,17.0,2465375.32,3621870.95,10464.0,17.5360946,78.4186386,-5.1367885188728355,-18.138,-0.624
2023,9,TAPPA CHABUTRA,3,1,1,3.0,3.0,605051.93,1057981.5,5084.0,17.37851781010729,78.44605498735723,-5.100407564636875,-8.085,-1.774
2023,9,TARNAKA,7,244,244,1.0,1.0,13524940.42,14849573.56,5468.0,17.4285479,78.5379433,-2.2643061664055764,-6.6,31.337
2023,9,THATTIKHANA,6,484,484,14.0,9.0,12891751.7,14709396.35,10994.0,17.368368049566055,78.60318365434247,-19.009141170949153,-29.461,1.0
2023,9,THUKKUGUDA,20,1,1,101.0,80.0,17936991.94,23840756.3,8869.0,17.2144718,78.4766647,-10.917572216237312,-14.209,-6.459
2023,9,TOLI CHOWK,3,107,107,10.0,3.0,2440036.15,3018484.61,5031.0,17.399517081462932,78.41474423791212,-6.043137507893525,-6.746,-0.009
2023,9,TURKAYAMJAL,22,1,1,96.0,67.0,1941556.44,3719822.85,12103.0,17.2691643,78.5771279,-7.168004578346216,-10.471,-3.471
2023,9,UPPAL,14,56,56,35.0,27.0,2549404.91,7656446.57,14482.0,17.4025091,78.5612562,-6.855199090082735,-16.385,1.0
2023,9,USHODAYA,12,51,51,22.0,20.0,1026623.51,2207128.6,9647.0,17.384909,78.4388101,-5.100407564636875,-8.085,-1.774
2023,9,VAISHALINAGAR,10,59,59,21.0,15.0,3695098.78,4661589.6,10092.0,17.338969152148117,78.54402440653747,-13.665723696483987,-15.8,-7.95
2023,9,VAJPAYEE NAGAR,13,25,25,4.0,1.0,1436240.55,3242450.55,8791.0,17.493544000750763,78.45891297321583,-16.764837433599137,-24.574,36.118
2023,9,VANASTHALIPURAM,34,45,45,2.0,1.0,3817212.87,5163483.75,7088.0,17.3303179,78.568278,-8.534793235350607,-12.209,-3.889
2023,9,VENGALRAONAGAR,6,374,374,5.0,4.0,3974719.07,5619609.56,8350.0,17.442176085833477,78.43833257797534,-14.461797131758766,-44.338,1.0
2023,9,VENKATAPURAM,13,71,71,31.0,27.0,1570137.38,1832253.0,6809.0,17.496189,78.5043108,-8.97585561892137,-40.761,-6.248
2023,9,VIGYANPURI,5,30,30,8.0,1.0,6094179.0,6474997.0,4014.0,17.403003650874158,78.51134135120137,-2.1866529029494384,-4.994,1.0
2023,9,VIJAYNAGAR COLONY,3,234,234,1.0,0.0,3215578.82,3599200.3,6193.0,17.3442548,78.5412895,-13.665723696483987,-15.8,-7.95
2023,9,VINAY NAGAR,2,21,21,4.0,2.0,1581398.67,2241483.65,5542.0,17.3515414,78.5111106,-9.772093976293876,-15.772,8.35
2023,9,VIVEKANANDA NAGAR,9,98,98,10.0,5.0,2871211.14,5496502.85,7151.0,17.3627254,78.5293456,-36.09192193271679,-58.971,1.0
2023,9,YAKATPURA,2,1,1,5.0,2.0,582247.22,1958290.75,7057.0,17.359093387793546,78.4853163967196,-9.772093976293876,-15.772,8.35
2023,9,YAPRAL,13,60,60,98.0,84.0,1784889.28,1856100.95,6271.0,17.5030543,78.5407976,-6.247539089917872,-12.503,-0.354
2023,9,YELLAMMABANDA,9,132,132,16.0,13.0,1986665.97,3298414.6,9576.0,17.5102678,78.4070824,-46.34703747538678,-48.923,38.884
2023,9,YELLAREDDYGUDA,6,331,331,3.0,1.0,4723142.29,8781756.75,8745.0,17.4333135,78.4415476,-14.461797131758766,-44.338,1.0
2023,9,ZIAGUDA,4,2,2,5.0,5.0,869252.28,1525078.7,5933.0,17.3658951,78.4503072,-6.23629193008042,-14.06,-2.04
2023,10,ADARSHNAGAR,12,17,17,4.0,1.0,11160721.16,11717379.15,5883.0,17.404546984247553,78.47358389715174,-4.225103036755199,-6.03,25.278
2023,10,ADIKMET,5,75,75,1.0,1.0,1446099.74,1621611.45,2931.0,17.4095495,78.5130943,-6.672931671786576,-12.052,1.0
2023,10,AHMED NAGAR,3,16,16,3.0,2.0,531017.0,526017.8,2906.0,17.404066,78.4442286,-1.2240510318391513,-3.314,1.0
2023,10,ALIABAD,33,1,1,6.0,4.0,555899.08,1346442.95,6411.0,17.34563,78.4726799,-4.981351632256168,-19.652,1.0
2023,10,ALKAPURI,10,243,243,14.0,3.0,3192911.55,5918514.6,8320.0,17.3662342,78.5549781,-15.115934266731193,-24.0,38.681
2023,10,ALLABANDA,4,7,7,4.0,3.0,493222.16,2128578.55,7805.0,17.3803134,78.4577022,-5.100407564636875,-8.085,-1.774
2023,10,ALWAL,13,38,38,7.0,3.0,35596139.1,36744788.8,8822.0,17.5022292,78.5088584,-4.221987933535047,-6.62,-1.252
2023,10,AMBERPET,5,11,11,6.0,4.0,,,,17.3861776,78.5114709,-2.1866529029494384,-4.994,1.0
2023,10,AMEENPUR,24,4,4,74.0,68.0,10188093.02,10147910.5,6832.0,17.5236905,78.3317297,-1.7808493513536299,-2.91,-0.787
2023,10,ASIF NAGAR,3,17,17,12.0,8.0,1463992.47,2995622.35,5405.0,17.3857483,78.4505083,-5.100407564636875,-8.085,-1.774
2023,10,ASMANGARH,2,57,57,1.0,0.0,1874046.44,2388932.2,5575.0,17.36850992532914,78.51429549554615,-9.772093976293876,-15.772,8.35
2023,10,ATTAPUR,16,82,82,28.0,20.0,1949995.5,2696512.45,8743.0,17.3672244,78.4307278,-7.357040143594367,-8.99,1.0
2023,10,AUTONAGAR,34,112,112,59.0,45.0,6974395.46,9703444.35,10141.0,17.3356141,78.5792031,-18.449006726509495,-54.592,-0.173
2023,10,AZAMABAD,5,271,271,6.0,1.0,3180949.87,4089801.3,11028.0,17.4040194,78.5043767,-2.1866529029494384,-4.994,1.0
2023,10,AZAMPURA,2,5,5,4.0,0.0,1057961.95,2281125.05,4920.0,17.3761935,78.490874,-3.423985738728608,-11.371,1.0
2023,10,B.N.REDDY NAGAR,34,39,39,90.0,77.0,1046553.46,1797740.3,7039.0,17.321914,78.5597937,-8.534793235350607,-12.209,-3.889
2023,10,BACHUPALLY,23,69,69,22.0,10.0,8561233.45,8459085.6,3796.0,17.536648,78.3644736,-77.33563988117173,-83.42,20.074
2023,10,BADANGPET,20,35,35,142.0,127.0,4663733.91,6319108.75,20319.0,17.3383467,78.5222127,-13.665723696483987,-15.8,-7.95
2023,10,BAGH LINGAMPALLY,5,174,174,1.0,0.0,2779826.97,2567604.4,6107.0,17.3974359,78.4979706,-2.1866529029494384,-4.994,1.0
2023,10,BAHADURPURA,1,6,6,6.0,1.0,5547700.84,5624620.08,5922.0,17.3570672,78.4545419,-4.981351632256168,-19.652,1.0
2023,10,BALAJINAGAR,9,968,968,11.0,2.0,6766121.6,8424762.05,7806.0,17.5149256,78.560679,-7.086502418049685,-10.359,1.0
2023,10,BALANAGAR,9,37,37,4.0,2.0,5416775.61,8037222.81,10809.0,17.4768224,78.4219645,-40.21863524752012,-59.528,-11.334
2023,10,BANDLAGUDA,33,25,25,25.0,14.0,657073.59,1453071.9,7516.0,17.3714879,78.5727265,-19.009141170949153,-29.461,1.0
2023,10,BANJARA HILLS,6,1505,1505,8.0,2.0,20194766.79,18228850.15,10851.0,17.4177464,78.4399014,-6.267983222411594,-34.86,-1.588
2023,10,BARKATPURA,5,119,119,7.0,1.0,3051896.58,2944909.05,6439.0,17.3926121,78.4969683,-2.1866529029494384,-4.994,1.0
2023,10,BEERAMGUDA,24,3,3,60.0,54.0,2872808.7,4001817.65,9459.0,17.5091218,78.3004614,-10.108599999483703,-48.466,12.475
2023,10,BHAGATSINGH NAGAR,12,5,5,4.0,3.0,1324350.28,2069920.78,5309.0,17.49324711103568,78.38735077021973,-21.42419514433048,-104.503,-11.263
2023,10,BHAGYANAGAR,9,463,463,8.0,4.0,8013108.26,11213763.55,6136.0,17.4076662,78.4957155,-2.1866529029494384,-4.994,1.0
2023,10,BHARATHNAGAR,9,88,88,20.0,12.0,1824443.62,4103079.3,6549.0,17.3478913,78.55648,-11.76366817945535,-19.847,-2.831
2023,10,BODUPPAL,19,63,63,146.0,76.0,3719688.62,7156878.5,24375.0,17.3988408,78.5366218,-17.80370829758031,-23.95,-4.554
2023,10,BOIGUDA,7,79,79,3.0,2.0,1276208.42,8745030.7,5641.0,17.4286363,78.4969962,-6.740992341257842,-8.752,-0.051
2023,10,BORABANDA,6,161,161,8.0,7.0,1027256.47,3207361.2,7113.0,17.4590687,78.4078664,-5.390432301805981,-9.201,-1.035
2023,10,BOUDHANAGAR,7,94,94,8.0,5.0,797461.86,2246688.8,6418.0,17.4160319,78.517419,-6.672931671786576,-12.052,1.0
2023,10,BUDVEL,16,45,45,30.0,18.0,4471193.44,6008091.85,7311.0,17.33298,78.406191,-8.60961196694741,-20.379,1.0
2023,10,CHANCHALGUDA,2,3,3,,,869040.09,1982546.9,5459.0,17.3673732,78.4965799,-9.772093976293876,-15.772,8.35
2023,10,CHANDA NAGAR,15,310,310,21.0,13.0,4524850.96,7268447.65,8790.0,17.4534764,78.3943669,-5.798614192233966,-10.565,-3.21
2023,10,CHANUDLAL BHARADARI,1,3,3,6.0,0.0,1373432.2,2936134.05,8558.0,17.35207924290198,78.45954822278678,-4.981351632256168,-19.652,1.0
2023,10,CHANUKYAPURI,13,161,161,10.0,6.0,1728260.44,2099283.72,11820.0,17.35903320948377,78.5617337593459,-11.76366817945535,-19.847,-2.831
2023,10,CHERLAPALLY,14,11,11,69.0,42.0,1368973.92,8248291.6,8202.0,17.4687455,78.6024858,-3.9776102214750892,-28.936,-0.751
2023,10,CHINTAL,12,27,27,12.0,7.0,11609421.25,11774401.45,9602.0,17.5021756,78.440609,-6.350885176856137,-10.305,-2.767
2023,10,CHINTAL BASTHI,3,75,75,2.0,0.0,3123235.91,2698439.0,5178.0,17.4073576,78.4567152,-1.2240510318391513,-3.314,1.0
2023,10,DARUL SHIFA,1,2,2,1.0,0.0,1780740.87,2077261.75,6264.0,17.366904,78.481078,-3.423985738728608,-11.371,1.0
2023,10,DEEPTHISRI NAGAR,15,228,228,12.0,7.0,4043773.58,4261852.35,4998.0,17.50066559761306,78.33937200961574,-1.7808493513536299,-2.91,-0.787
2023,10,DEFENCE COLONY,13,111,111,10.0,4.0,1664308.94,2084201.25,11573.0,17.3176682,78.6117136,-9.552658212982246,-46.221,1.0
2023,10,DHAMMAIGUDA,19,1,1,30.0,18.0,1938078.89,27245559.75,10517.0,17.4989069255254,78.59838586027956,-19.770034480776104,-59.541,14.483
2023,10,DHOOD BOWLI,1,4,4,1.0,1.0,1756664.31,2059246.9,6088.0,17.358865699843125,78.46540079693314,-4.981351632256168,-19.652,1.0
2023,10,DILSHUKNAGAR,10,94,94,5.0,1.0,3063250.72,2527269.7,6069.0,17.3710329,78.5254623,-36.09192193271679,-58.971,1.0
2023,10,DOMALGUDA,5,31,31,4.0,2.0,1966066.58,2649164.55,5458.0,17.4078455,78.4850003,-4.225103036755199,-6.03,25.278
2023,10,ERRAGADDA,6,150,150,6.0,6.0,2758823.72,11946354.5,6676.0,17.4487999,78.4356074,-4.2143448867979,-7.86,1.0
2023,10,FATHENAGAR,6,177,177,13.0,7.0,6157689.1,-328.1,7680.0,17.4598339,78.4525504,-4.2143448867979,-7.86,1.0
2023,10,FATHER BALAIAHNAGAR,13,384,384,22.0,11.0,1884787.21,2735064.65,5926.0,17.50818327428803,78.4937064516262,-16.764837433599137,-24.574,36.118
2023,10,FILM NAGAR,6,402,402,15.0,5.0,10677085.22,11478534.9,7940.0,17.4140574,78.4105031,-6.043137507893525,-6.746,-0.009
2023,10,GACHIBOWLI,15,903,903,52.0,38.0,48898094.8,47254457.0,6498.0,17.4436222,78.3519638,-7.851808252285321,-13.636,1.0
2023,10,GAJULARAMARAM,12,105,105,65.0,44.0,2585920.57,3012910.55,7949.0,17.5271759,78.4200077,-5.1367885188728355,-18.138,-0.624
2023,10,GANDHINAGAR,5,132,132,2.0,0.0,2771239.47,3156250.4,5999.0,17.4077928,78.4925707,-4.225103036755199,-6.03,25.278
2023,10,GANDIMAISAMMA,23,1,1,46.0,13.0,636979.82,1281069.75,3936.0,17.576965,78.421959,-12.080203428747952,-41.208,-9.662
2023,10,GAYATRI NAGAR,9,197,197,8.0,0.0,3162839.6,3193556.35,6816.0,17.4566764,78.4035867,-5.798614192233966,-10.565,-3.21
2023,10,GODE-KI-KABAR,4,43,43,5.0,2.0,740360.54,3076862.1,7862.0,17.376976148401162,78.46196399554636,-5.100407564636875,-8.085,-1.774
2023,10,GOLCONDA,3,5,5,3.0,0.0,9640192.48,11710565.1,5885.0,17.3873294,78.4057336,-6.272660829945958,-16.898,-0.04
2023,10,GOWLIGUDA,4,30,30,,,1950158.5,5931649.55,4791.0,17.377643,78.4787716,-3.423985738728608,-11.371,1.0
2023,10,GOWTHAM NAGAR,13,85,85,10.0,6.0,2405148.99,1602749.15,8014.0,17.4539263,78.527344,-4.236881728429952,-6.098,1.0
2023,10,GUNFOUNDRY,4,170,170,1.0,1.0,4491886.01,7078889.8,3780.0,17.3936441,78.4756654,-3.3423306430785304,-5.452,1.0
2023,10,HAFEEZPET,15,1676,1676,19.0,12.0,14172240.67,13451753.9,6578.0,17.4834409,78.3611316,-17.663445787684253,-26.918,1.0
2023,10,HAKEEMPET,3,18,18,,,1043693.7,1518060.3,4478.0,17.4056403,78.4178824,-6.043137507893525,-6.746,-0.009
2023,10,HASMATHPET,9,358,358,18.0,6.0,3148387.42,7813466.9,10051.0,17.4758254,78.4847371,-1.3120815705640303,-1.67,1.0
2023,10,HASSAN NAGAR,1,1,1,7.0,2.0,375093.0,1208098.44,4465.0,17.336155,78.44363,-28.06282154849126,-35.473,1.0
2023,10,HOUSING BOARD,14,42,42,16.0,8.0,2361767.9,4350495.05,9338.0,17.4922068,78.3973638,-21.42419514433048,-104.503,-11.263
2023,10,HUBSIGUDA,14,234,234,16.0,6.0,10891708.76,24775841.03,6965.0,17.412012724821263,78.54561665602095,-7.538105379814497,-8.769,-2.539
2023,10,HYDERGUDA,16,235,235,32.0,18.0,4001550.71,4787045.25,6414.0,17.4012791,78.4804894,-4.225103036755199,-6.03,25.278
2023,10,JAGATHGIRIGUTTA,12,25,25,19.0,18.0,951720.83,2399127.15,11396.0,17.4993176,78.4226016,-5.1367885188728355,-18.138,-0.624
2023,10,JAHANUMA,33,2,2,3.0,0.0,678076.05,1916548.7,6142.0,17.3433524,78.4614644,-4.981351632256168,-19.652,1.0
2023,10,JALPALLY,20,2,2,288.0,227.0,1199898.15,12295196.0,13942.0,17.3061541,78.4738589,-7.546780559786242,-12.3,-1.008
2023,10,JANGAMMET,33,4,4,1.0,1.0,564794.0,1222278.8,4789.0,17.336251,78.4744044,-12.123256123445776,-15.781,1.0
2023,10,JEEDIMETLA,12,49,49,20.0,10.0,8813112.06,8481789.35,8413.0,17.519687,78.4468876,-6.350885176856137,-10.305,-2.767
2023,10,JILLELAGUDA,20,9,9,4.0,3.0,1571618.84,1592883.05,4930.0,17.3376801,78.5322366,-13.665723696483987,-15.8,-7.95
2023,10,JUBILEE HILLS,6,1221,1221,14.0,2.0,8370270.99,7398836.4,6632.0,17.4308362,78.4102882,-6.043137507893525,-6.746,-0.009
2023,10,KAKATIYA NAGAR,3,71,71,10.0,7.0,2294367.22,1680582.55,3997.0,17.4785837,78.5406026,-12.484480768704271,-19.217,1.0
2023,10,KAMALANAGAR,34,86,86,53.0,45.0,1484785.31,6706855.9,7910.0,17.4728043,78.566675,-9.045252142363507,-29.864,-0.004
2023,10,KANCHANBAGH,33,3,3,1.0,0.0,542955.5,2161674.9,6281.0,17.3280563,78.5001695,-12.123256123445776,-15.781,1.0
2023,10,KARWAN,3,11,11,7.0,4.0,1239722.0,1716424.3,6685.0,17.376013,78.4331894,-7.357040143594367,-8.99,1.0
2023,10,KATEDAN,16,8,8,20.0,10.0,1697517.01,3232302.65,7015.0,17.3026835,78.4398207,-1.2653078280464742,-3.218,-0.732
2023,10,KISHAN BAGH,1,2,2,3.0,0.0,1136411.34,1339531.8,5053.0,17.3575261,78.44485,-4.981351632256168,-19.652,1.0
2023,10,KISMATHPUR,18,478,478,79.0,44.0,4184533.63,6895557.85,13684.0,17.3343045,78.3936455,-14.163095030058026,-19.578,-7.69
2023,10,KONDAPUR,15,2192,2192,56.0,33.0,17233889.26,35984329.65,7906.0,17.4587912,78.3730556,-9.15338763082218,-13.794,-3.253
2023,10,KOTHAPETA,10,148,148,7.0,2.0,1359047.0,4338019.45,7233.0,17.367222832295177,78.545668383567,-15.115934266731193,-24.0,38.681
2023,10,KPHB,9,1121,1121,22.0,16.0,13219860.03,26402459.75,9511.0,17.4939602,78.4008412,-46.34703747538678,-48.923,38.884
2023,10,KUKATPALLY,9,100,100,17.0,1.0,5631175.44,5538738.25,6772.0,17.4930841,78.4054408,-46.34703747538678,-48.923,38.884
2023,10,L.B.NAGAR,34,56,56,15.0,6.0,1876311.23,5690155.75,6199.0,17.349846,78.5479412,-36.09192193271679,-58.971,1.0
2023,10,LALAPET,7,53,53,1.0,0.0,4718018.02,10541330.4,6284.0,17.4388301,78.54187,-2.2643061664055764,-6.6,31.337
2023,10,LANGER HOUSE,3,20,20,13.0,7.0,2173840.1,3318863.55,7644.0,17.37331,78.41387,-6.272660829945958,-16.898,-0.04
2023,10,LINGOJIGUDA,10,88,88,5.0,1.0,3140399.42,5193137.6,7815.0,17.3478809,78.5364577,-36.09192193271679,-58.971,1.0
2023,10,MACHABOLLARAM,13,22,22,69.0,39.0,1217551.65,3074599.05,6267.0,17.513866,78.5137342,-4.221987933535047,-6.62,-1.252
2023,10,MADANNAPET,2,16,16,1.0,1.0,1192949.73,1789756.2,5891.0,17.3585578,78.4971064,-9.772093976293876,-15.772,8.35
2023,10,MADHAPUR,15,3390,3390,81.0,35.0,70562801.31,71268559.27,12962.0,17.4408924,78.3916304,-5.798614192233966,-10.565,-3.21
2023,10,MAILERDEV PALLY,16,18,18,20.0,15.0,1999691.41,3129417.95,7055.0,17.31916516561942,78.44588448683878,-7.546780559786242,-12.3,-1.008
2023,10,MALAKPET,2,21,21,4.0,1.0,1179955.33,1645154.1,5147.0,17.3736706,78.4996484,-9.772093976293876,-15.772,8.35
2023,10,MANIKONDA,18,758,758,60.0,31.0,10128672.68,12164701.65,8514.0,17.3999951,78.3861689,-8.64049553514247,-16.362,1.0
2023,10,MANSOORABAD,34,39,39,26.0,5.0,2043495.54,3078168.95,5773.0,17.3541765,78.5652906,-11.76366817945535,-19.847,-2.831
2023,10,MARREDPALLY,7,233,233,5.0,1.0,1706476.23,6020273.7,9196.0,17.4507936,78.5048972,-12.47414140833292,-21.362,12.404
2023,10,MARUTHINAGAR,10,290,290,4.0,3.0,2268039.07,2912102.05,7237.0,17.373499742570825,78.54268265383173,-15.115934266731193,-24.0,38.681
2023,10,MEERPET,20,116,116,16.0,15.0,1593414.63,3710418.4,9864.0,17.4546432,78.5715499,-6.441468392795172,-59.023,1.0
2023,10,MEHIDIPATNAM,3,87,87,7.0,4.0,3094455.85,2695491.9,6575.0,17.399943921854806,78.43451065196552,-1.2240510318391513,-3.314,1.0
2023,10,METTUGUDA,7,39,39,3.0,0.0,602086.91,1307616.1,4460.0,17.4355036,78.5195573,-12.47414140833292,-21.362,12.404
2023,10,MISRIGUNJ,1,1,1,,,1108434.13,1175507.0,4347.0,17.350101211439146,78.45939390321827,-4.981351632256168,-19.652,1.0
2023,10,MIYAPUR,15,321,321,23.0,16.0,4257818.49,8193626.4,7369.0,17.4981608,78.3567628,-7.088238213409196,-15.663,-1.104
2023,10,MOGHULPURA,1,2,2,5.0,1.0,614243.82,1840268.9,6259.0,17.3595023,78.4767749,-4.981351632256168,-19.652,1.0
2023,10,MOOSAPET,9,81,81,7.0,5.0,5063134.81,7507652.15,5669.0,17.4685307,78.4206695,-5.390432301805981,-9.201,-1.035
2023,10,MOOSARAMBAGH,2,92,92,9.0,4.0,4312361.72,5686081.7,7827.0,17.3743532,78.5160835,-9.772093976293876,-15.772,8.35
2023,10,MOTI NAGAR,9,109,109,7.0,4.0,1925747.39,4707620.75,5785.0,17.4508069,78.422242,-4.2143448867979,-7.86,1.0
2023,10,MUSHEERABAD,5,116,116,4.0,2.0,1376339.62,10634399.6,5315.0,17.4191423,78.4985732,-6.740992341257842,-8.752,-0.051
2023,10,MYSARAM,33,2,2,9.0,5.0,19482126.01,23802672.9,5969.0,17.318186408097194,78.48361779724075,-12.123256123445776,-15.781,1.0
2023,10,NACHARAM,14,116,116,24.0,13.0,10517890.1,23413608.04,10927.0,17.4284936,78.5528098,-2.2643061664055764,-6.6,31.337
2023,10,NAGOLE,34,12,12,26.0,17.0,1490118.77,3701181.1,7692.0,17.3775306,78.5601231,-8.68556577870009,-15.552,1.0
2023,10,NALLAGANDLA,15,2,2,27.0,14.0,6169101.9,9807483.4,8557.0,17.4774828,78.3060359,-29.150105105964958,-58.481,-4.338
2023,10,NALLAGUTTA,7,100,100,6.0,6.0,3665827.22,4236028.55,4753.0,17.4384334,78.4825328,-1.9424732071532318,-2.693,-0.068
2023,10,NARAYANGUDA,5,345,345,2.0,0.0,5320175.86,5651687.75,7167.0,17.3981159,78.4885006,-2.1866529029494384,-4.994,1.0
2023,10,NGO COLONY,34,35,35,8.0,6.0,1038032.95,1435137.25,5599.0,17.327964,78.5657291,-8.534793235350607,-12.209,-3.889
2023,10,NIZAMPET,23,1165,1165,22.0,15.0,7592613.46,5203419.25,4371.0,17.4945061,78.4000017,-46.34703747538678,-48.923,38.884
2023,10,OLD MALLEPALLY,3,2,2,,,930395.91,1084317.8,3831.0,17.386722270354426,78.45715718205514,-5.100407564636875,-8.085,-1.774
2023,10,PATHERGATTI,1,2,2,2.0,1.0,2994388.76,4415552.9,4778.0,17.3659836,78.4754866,-3.423985738728608,-11.371,1.0
2023,10,PEDDA AMBERPET,22,2,2,139.0,62.0,1066500.94,3065759.4,9408.0,17.3172848,78.6384505,-13.164451668738684,-102.918,-4.079
2023,10,PEERJADIGUDA,19,179,179,72.0,43.0,4526315.48,10060982.25,15920.0,17.4078747,78.6022666,-11.641342145249197,-19.598,24.579
2023,10,POCHARAM,19,1,1,45.0,39.0,1160763.97,9590778.65,8427.0,17.1766905,78.6024034,-7.168004578346216,-10.471,-3.471
2023,10,PRAGATHINAGAR,23,1274,1274,14.0,5.0,3332914.21,936009.7,6047.0,17.3985199,78.5411934,-17.80370829758031,-23.95,-4.554
2023,10,PRAKASHNAGAR,7,226,226,10.0,3.0,7398393.74,6583631.9,9511.0,17.4426888,78.4705479,-1.9424732071532318,-2.693,-0.068
2023,10,RADHIKA,14,89,89,23.0,16.0,2272506.25,8213824.45,9816.0,17.4771342,78.563299,-11.611257318416774,-13.556,-0.07
2023,10,RAMACHANDRAPURAM,15,2,2,9.0,3.0,1402387.73,5423021.5,7815.0,17.5086345,78.3018685,-10.108599999483703,-48.466,12.475
2023,10,RAMANTHAPUR,14,181,181,28.0,23.0,5981370.6,15516172.5,20206.0,17.3885044,78.5371677,-17.80370829758031,-23.95,-4.554
2023,10,REGIMENTAL BAZAR,7,166,166,2.0,0.0,4551255.14,5991769.58,4295.0,17.4348324,78.5012557,-6.740992341257842,-8.752,-0.051
2023,10,RIYASATH NAGAR,33,1,1,3.0,1.0,1096346.38,1763413.4,4937.0,17.3890675,78.4053603,-6.272660829945958,-16.898,-0.04
2023,10,S.P.R HILLS,6,61,61,7.0,2.0,926887.13,9565973.75,10599.0,17.446776445765586,78.41047091648177,-4.2143448867979,-7.86,1.0
2023,10,S.R.NAGAR,6,616,616,9.0,0.0,11181534.76,6292334.45,7044.0,17.4417071,78.4416081,-14.461797131758766,-44.338,1.0
2023,10,SAHEBNAGAR,10,63,63,40.0,21.0,3229504.55,9121849.45,12201.0,17.3206264,78.5769132,-4.1107347863508155,-15.067,1.203
2023,10,SAIBABA NAGAR,14,68,68,25.0,20.0,1550428.34,6201796.2,7095.0,17.4507229,78.4100017,-5.390432301805981,-9.201,-1.035
2023,10,SAIDABAD,2,35,35,,,1387714.58,2328294.0,5891.0,17.359533,78.5147979,-9.772093976293876,-15.772,8.35
2023,10,SAINATHPURAM,13,119,119,21.0,8.0,1267239.51,3885406.55,11098.0,17.475693,78.5515621,-2.63240210193732,-54.763,1.0
2023,10,SANTOSHNAGAR,2,4,4,6.0,2.0,1885352.33,1934364.45,6090.0,17.3467185,78.5081947,-9.772093976293876,-15.772,8.35
2023,10,SAROORNAGAR,10,270,270,8.0,5.0,3426425.47,6789938.7,6770.0,17.3611655,78.5387443,-36.09192193271679,-58.971,1.0
2023,10,SEETHAPALMANDI,7,135,135,2.0,1.0,1424582.05,3223880.85,6169.0,17.425757541676237,78.51990378820871,-6.672931671786576,-12.052,1.0
2023,10,SHAIKPET,3,165,165,6.0,2.0,5653016.06,5330510.35,8301.0,17.4057955,78.4006536,-6.043137507893525,-6.746,-0.009
2023,10,SHAPOORNAGAR,12,102,102,14.0,7.0,1792015.47,2261334.45,8036.0,17.51707481088814,78.44358687789398,-6.350885176856137,-10.305,-2.767
2023,10,SHIVAM,5,103,103,4.0,2.0,3276336.73,6000981.5,8943.0,17.3367947,78.6028951,-9.552658212982246,-46.221,1.0
2023,10,SOMAJIGUDA,6,391,391,8.0,2.0,8745962.91,8327312.4,6079.0,17.4255053,78.4585197,-6.267983222411594,-34.86,-1.588
2023,10,SRINIVAS NAGAR,7,154,154,3.0,3.0,1288673.66,4054328.75,4794.0,17.4402595,78.4451055,-14.461797131758766,-44.338,1.0
2023,10,SUCHITRA,12,76,76,20.0,12.0,3922648.89,4990021.45,8809.0,17.5024582,78.4839794,-16.764837433599137,-24.574,36.118
2023,10,SULEMAN NAGAR,16,32,32,7.0,6.0,714811.0,2598414.85,7510.0,17.3486936,78.4231173,-28.590051792067662,-58.82,-3.436
2023,10,SULTAN BAZAR,4,94,94,1.0,1.0,4454129.46,5019410.85,5784.0,17.3870437,78.4869648,-3.423985738728608,-11.371,1.0
2023,10,SURARAM,12,42,42,15.0,12.0,1908128.41,3752615.15,10464.0,17.5360946,78.4186386,-5.1367885188728355,-18.138,-0.624
2023,10,TAPPA CHABUTRA,3,2,2,4.0,2.0,645488.7,995584.15,5084.0,17.37851781010729,78.44605498735723,-5.100407564636875,-8.085,-1.774
2023,10,TARNAKA,7,379,379,1.0,0.0,12835734.09,14650044.87,5468.0,17.4285479,78.5379433,-2.2643061664055764,-6.6,31.337
2023,10,THATTIKHANA,6,507,507,14.0,10.0,11633230.93,13164136.65,10994.0,17.368368049566055,78.60318365434247,-19.009141170949153,-29.461,1.0
2023,10,TOLI CHOWK,3,115,115,9.0,3.0,2576254.96,2639927.9,5031.0,17.399517081462932,78.41474423791212,-6.043137507893525,-6.746,-0.009
2023,10,TURKAYAMJAL,22,3,3,184.0,109.0,6135715.24,2621504.3,12103.0,17.2691643,78.5771279,-7.168004578346216,-10.471,-3.471
2023,10,UPPAL,14,123,123,51.0,26.0,3130931.9,19952680.59,14482.0,17.4025091,78.5612562,-6.855199090082735,-16.385,1.0
2023,10,USHODAYA,12,32,32,7.0,5.0,1133075.41,2373668.95,9647.0,17.384909,78.4388101,-5.100407564636875,-8.085,-1.774
2023,10,VAISHALINAGAR,10,65,65,13.0,7.0,2649097.67,3903050.45,10092.0,17.338969152148117,78.54402440653747,-13.665723696483987,-15.8,-7.95
2023,10,VAJPAYEE NAGAR,13,37,37,14.0,11.0,1283543.38,2620961.9,8791.0,17.493544000750763,78.45891297321583,-16.764837433599137,-24.574,36.118
2023,10,VANASTHALIPURAM,34,111,111,11.0,9.0,3154907.74,4304923.55,7088.0,17.3303179,78.568278,-8.534793235350607,-12.209,-3.889
2023,10,VATTEPALLY,1,2,2,13.0,0.0,379526.1,1085913.55,4076.0,17.3305423,78.4621512,-4.981351632256168,-19.652,1.0
2023,10,VENGALRAONAGAR,6,535,535,5.0,2.0,3760145.43,5617392.4,8350.0,17.442176085833477,78.43833257797534,-14.461797131758766,-44.338,1.0
2023,10,VENKATAPURAM,13,70,70,16.0,7.0,1602992.7,4308737.05,6809.0,17.496189,78.5043108,-8.97585561892137,-40.761,-6.248
2023,10,VIGYANPURI,5,50,50,3.0,1.0,4640244.0,5062318.7,4014.0,17.403003650874158,78.51134135120137,-2.1866529029494384,-4.994,1.0
2023,10,VIJAYNAGAR COLONY,3,187,187,2.0,0.0,3443499.71,2712229.15,6193.0,17.3442548,78.5412895,-13.665723696483987,-15.8,-7.95
2023,10,VINAY NAGAR,2,10,10,3.0,1.0,1804554.86,2146756.05,5542.0,17.3515414,78.5111106,-9.772093976293876,-15.772,8.35
2023,10,VIVEKANANDA NAGAR,9,79,79,13.0,0.0,3125898.15,4709152.15,7151.0,17.3627254,78.5293456,-36.09192193271679,-58.971,1.0
2023,10,YAPRAL,13,82,82,37.0,23.0,1490523.2,3326534.85,6271.0,17.5030543,78.5407976,-6.247539089917872,-12.503,-0.354
2023,10,YELLAMMABANDA,9,158,158,36.0,32.0,1217347.5,3889142.8,9576.0,17.5102678,78.4070824,-46.34703747538678,-48.923,38.884
2023,10,YELLAREDDYGUDA,6,432,432,5.0,1.0,5414794.61,7610470.35,8745.0,17.4333135,78.4415476,-14.461797131758766,-44.338,1.0
2023,10,ZIAGUDA,4,6,6,4.0,2.0,651077.81,1558569.1,5933.0,17.3658951,78.4503072,-6.23629193008042,-14.06,-2.04
2023,11,ADARSHNAGAR,12,11,11,7.0,3.0,11400607.89,11998328.7,5883.0,17.404546984247553,78.47358389715174,-4.225103036755199,-6.03,25.278
2023,11,ADIKMET,5,68,68,4.0,0.0,1774799.99,2085722.4,2931.0,17.4095495,78.5130943,-6.672931671786576,-12.052,1.0
2023,11,AHMED NAGAR,3,1,1,3.0,0.0,549243.0,565364.3,2906.0,17.404066,78.4442286,-1.2240510318391513,-3.314,1.0
2023,11,ALKAPURI,10,221,221,6.0,0.0,2928424.73,6330900.35,8320.0,17.3662342,78.5549781,-15.115934266731193,-24.0,38.681
2023,11,ALLABANDA,4,9,9,2.0,0.0,713501.8,1636120.1,7805.0,17.3803134,78.4577022,-5.100407564636875,-8.085,-1.774
2023,11,ALWAL,13,35,35,11.0,0.0,35670712.58,35924660.55,8822.0,17.5022292,78.5088584,-4.221987933535047,-6.62,-1.252
2023,11,AMBERPET,5,13,13,7.0,2.0,,,,17.3861776,78.5114709,-2.1866529029494384,-4.994,1.0
2023,11,AMEENPUR,24,6,6,40.0,23.0,11746089.18,9877719.85,6832.0,17.5236905,78.3317297,-1.7808493513536299,-2.91,-0.787
2023,11,ASIF NAGAR,3,15,15,5.0,3.0,1156870.35,1711277.6,5405.0,17.3857483,78.4505083,-5.100407564636875,-8.085,-1.774
2023,11,ASMANGARH,2,58,58,4.0,1.0,2385927.82,2165234.55,5575.0,17.36850992532914,78.51429549554615,-9.772093976293876,-15.772,8.35
2023,11,ATTAPUR,16,77,77,28.0,9.0,1769008.63,2527785.8,8743.0,17.3672244,78.4307278,-7.357040143594367,-8.99,1.0
2023,11,AUTONAGAR,34,86,86,50.0,11.0,5190422.79,5182821.6,10141.0,17.3356141,78.5792031,-18.449006726509495,-54.592,-0.173
2023,11,AZAMABAD,5,178,178,4.0,0.0,3206139.8,4040998.05,11028.0,17.4040194,78.5043767,-2.1866529029494384,-4.994,1.0
2023,11,AZAMPURA,2,1,1,,,1077583.94,1924519.65,4920.0,17.3761935,78.490874,-3.423985738728608,-11.371,1.0
2023,11,B.N.REDDY NAGAR,34,13,13,55.0,13.0,1082168.59,1095164.15,7039.0,17.321914,78.5597937,-8.534793235350607,-12.209,-3.889
2023,11,BACHUPALLY,23,64,64,23.0,0.0,10175208.98,10085445.45,3796.0,17.536648,78.3644736,-77.33563988117173,-83.42,20.074
2023,11,BADANGPET,20,32,32,103.0,33.0,5112984.33,7170363.2,20319.0,17.3383467,78.5222127,-13.665723696483987,-15.8,-7.95
2023,11,BAGH LINGAMPALLY,5,191,191,2.0,0.0,3730932.79,1774187.55,6107.0,17.3974359,78.4979706,-2.1866529029494384,-4.994,1.0
2023,11,BAHADURPURA,1,2,2,3.0,0.0,5235853.83,5625346.31,5922.0,17.3570672,78.4545419,-4.981351632256168,-19.652,1.0
2023,11,BALAJINAGAR,9,1193,1193,17.0,0.0,5361726.05,5084917.8,7806.0,17.5149256,78.560679,-7.086502418049685,-10.359,1.0
2023,11,BALANAGAR,9,29,29,12.0,2.0,4819845.42,4663895.07,10809.0,17.4768224,78.4219645,-40.21863524752012,-59.528,-11.334
2023,11,BALAPUR,33,1,1,6.0,0.0,865603.63,1538305.85,5772.0,17.307521,78.5053298,-12.123256123445776,-15.781,1.0
2023,11,BANDLAGUDA,33,34,34,41.0,36.0,868988.02,1453675.05,7516.0,17.3714879,78.5727265,-19.009141170949153,-29.461,1.0
2023,11,BANJARA HILLS,6,1528,1528,19.0,2.0,19259547.72,20625424.65,10851.0,17.4177464,78.4399014,-6.267983222411594,-34.86,-1.588
2023,11,BARKATPURA,5,122,122,5.0,0.0,3684668.94,5057074.45,6439.0,17.3926121,78.4969683,-2.1866529029494384,-4.994,1.0
2023,11,BEERAMGUDA,24,4,4,43.0,27.0,3861091.61,-10361852.1,9459.0,17.5091218,78.3004614,-10.108599999483703,-48.466,12.475
2023,11,BHAGATSINGH NAGAR,12,5,5,12.0,5.0,1280779.96,2123500.96,5309.0,17.49324711103568,78.38735077021973,-21.42419514433048,-104.503,-11.263
2023,11,BHAGYANAGAR,9,610,610,13.0,1.0,7663047.27,6753167.55,6136.0,17.4076662,78.4957155,-2.1866529029494384,-4.994,1.0
2023,11,BHARATHNAGAR,9,35,35,5.0,0.0,2027477.36,1707653.9,6549.0,17.3478913,78.55648,-11.76366817945535,-19.847,-2.831
2023,11,BODUPPAL,19,69,69,105.0,30.0,3992305.18,6927011.55,24375.0,17.3988408,78.5366218,-17.80370829758031,-23.95,-4.554
2023,11,BOIGUDA,7,25,25,5.0,3.0,1459446.13,2692942.65,5641.0,17.4286363,78.4969962,-6.740992341257842,-8.752,-0.051
2023,11,BORABANDA,6,88,88,9.0,1.0,749568.0,1770011.2,7113.0,17.4590687,78.4078664,-5.390432301805981,-9.201,-1.035
2023,11,BOUDHANAGAR,7,33,33,1.0,0.0,722386.96,1620579.65,6418.0,17.4160319,78.517419,-6.672931671786576,-12.052,1.0
2023,11,BUDVEL,16,31,31,20.0,6.0,5655122.6,5881362.63,7311.0,17.33298,78.406191,-8.60961196694741,-20.379,1.0
2023,11,CHANCHALGUDA,2,2,2,1.0,0.0,938817.14,2146622.6,5459.0,17.3673732,78.4965799,-9.772093976293876,-15.772,8.35
2023,11,CHANDA NAGAR,15,278,278,16.0,4.0,3917743.69,4862560.05,8790.0,17.4534764,78.3943669,-5.798614192233966,-10.565,-3.21
2023,11,CHANUKYAPURI,13,115,115,7.0,1.0,1939555.95,3172174.61,11820.0,17.35903320948377,78.5617337593459,-11.76366817945535,-19.847,-2.831
2023,11,CHERLAPALLY,14,15,15,40.0,7.0,1684059.42,2917771.55,8202.0,17.4687455,78.6024858,-3.9776102214750892,-28.936,-0.751
2023,11,CHINTAL,12,23,23,24.0,2.0,11952099.58,10886879.4,9602.0,17.5021756,78.440609,-6.350885176856137,-10.305,-2.767
2023,11,CHINTAL BASTHI,3,85,85,2.0,0.0,2492548.12,2501842.2,5178.0,17.4073576,78.4567152,-1.2240510318391513,-3.314,1.0
2023,11,DARUL SHIFA,1,2,2,4.0,3.0,1428817.2,2192840.5,6264.0,17.366904,78.481078,-3.423985738728608,-11.371,1.0
2023,11,DEEPTHISRI NAGAR,15,275,275,12.0,3.0,4406363.47,8729819.1,4998.0,17.50066559761306,78.33937200961574,-1.7808493513536299,-2.91,-0.787
2023,11,DEFENCE COLONY,13,104,104,10.0,3.0,1836692.67,2500820.9,11573.0,17.3176682,78.6117136,-9.552658212982246,-46.221,1.0
2023,11,DHAMMAIGUDA,19,2,2,39.0,8.0,2385029.56,-29914839.65,10517.0,17.4989069255254,78.59838586027956,-19.770034480776104,-59.541,14.483
2023,11,DHOOD BOWLI,1,2,2,4.0,1.0,1916473.92,1731698.95,6088.0,17.358865699843125,78.46540079693314,-4.981351632256168,-19.652,1.0
2023,11,DILSHUKNAGAR,10,60,60,3.0,0.0,3089263.24,2618637.1,6069.0,17.3710329,78.5254623,-36.09192193271679,-58.971,1.0
2023,11,DOMALGUDA,5,42,42,,,2108849.05,2955336.15,5458.0,17.4078455,78.4850003,-4.225103036755199,-6.03,25.278
2023,11,ERRAGADDA,6,180,180,5.0,1.0,5284581.95,6044746.9,6676.0,17.4487999,78.4356074,-4.2143448867979,-7.86,1.0
2023,11,FATHENAGAR,6,154,154,4.0,0.0,7372201.88,7735650.4,7680.0,17.4598339,78.4525504,-4.2143448867979,-7.86,1.0
2023,11,FATHER BALAIAHNAGAR,13,404,404,12.0,1.0,1672485.47,1602624.55,5926.0,17.50818327428803,78.4937064516262,-16.764837433599137,-24.574,36.118
2023,11,FILM NAGAR,6,302,302,3.0,0.0,9582213.32,10217802.85,7940.0,17.4140574,78.4105031,-6.043137507893525,-6.746,-0.009
2023,11,GACHIBOWLI,15,700,699,39.0,6.0,44973257.35,41729862.54,6498.0,17.4436222,78.3519638,-7.851808252285321,-13.636,1.0
2023,11,GAJULARAMARAM,12,88,88,57.0,18.0,3404247.88,4171245.5,7949.0,17.5271759,78.4200077,-5.1367885188728355,-18.138,-0.624
2023,11,GANDHINAGAR,5,143,143,2.0,0.0,2521668.78,3404392.05,5999.0,17.4077928,78.4925707,-4.225103036755199,-6.03,25.278
2023,11,GANDIMAISAMMA,23,1,1,19.0,1.0,829925.06,1117945.8,3936.0,17.576965,78.421959,-12.080203428747952,-41.208,-9.662
2023,11,GAYATRI NAGAR,9,182,182,21.0,0.0,2481923.6,2262409.35,6816.0,17.4566764,78.4035867,-5.798614192233966,-10.565,-3.21
2023,11,GODE-KI-KABAR,4,45,45,5.0,1.0,1308150.1,2967136.6,7862.0,17.376976148401162,78.46196399554636,-5.100407564636875,-8.085,-1.774
2023,11,GOLCONDA,3,4,4,6.0,1.0,9024833.65,9407380.45,5885.0,17.3873294,78.4057336,-6.272660829945958,-16.898,-0.04
2023,11,GOWLIGUDA,4,33,33,6.0,0.0,2359486.51,6217809.4,4791.0,17.377643,78.4787716,-3.423985738728608,-11.371,1.0
2023,11,GOWTHAM NAGAR,13,120,120,5.0,0.0,1693829.23,1892579.7,8014.0,17.4539263,78.527344,-4.236881728429952,-6.098,1.0
2023,11,GUNFOUNDRY,4,215,215,2.0,1.0,4347068.12,4970658.3,3780.0,17.3936441,78.4756654,-3.3423306430785304,-5.452,1.0
2023,11,HAFEEZPET,15,1936,1936,15.0,4.0,8992678.26,10948719.0,6578.0,17.4834409,78.3611316,-17.663445787684253,-26.918,1.0
2023,11,HAKEEMPET,3,24,24,,,968232.05,1305284.2,4478.0,17.4056403,78.4178824,-6.043137507893525,-6.746,-0.009
2023,11,HASMATHPET,9,246,246,10.0,0.0,2604012.87,4528968.95,10051.0,17.4758254,78.4847371,-1.3120815705640303,-1.67,1.0
2023,11,HASSAN NAGAR,1,1,1,1.0,0.0,443276.0,1006344.38,4465.0,17.336155,78.44363,-28.06282154849126,-35.473,1.0
2023,11,HOUSING BOARD,14,35,35,16.0,6.0,1890845.97,2439739.2,9338.0,17.4922068,78.3973638,-21.42419514433048,-104.503,-11.263
2023,11,HUBSIGUDA,14,158,158,13.0,2.0,9111012.86,9006589.79,6965.0,17.412012724821263,78.54561665602095,-7.538105379814497,-8.769,-2.539
2023,11,HYDERGUDA,16,297,297,44.0,8.0,3537688.64,4231301.55,6414.0,17.4012791,78.4804894,-4.225103036755199,-6.03,25.278
2023,11,JAGATHGIRIGUTTA,12,13,13,21.0,3.0,1029121.24,2305394.65,11396.0,17.4993176,78.4226016,-5.1367885188728355,-18.138,-0.624
2023,11,JAHANUMA,33,1,1,28.0,1.0,757180.85,1390628.15,6142.0,17.3433524,78.4614644,-4.981351632256168,-19.652,1.0
2023,11,JALPALLY,20,1,1,250.0,112.0,1444113.64,3771320.75,13942.0,17.3061541,78.4738589,-7.546780559786242,-12.3,-1.008
2023,11,JEEDIMETLA,12,65,65,23.0,7.0,8318271.29,8115845.65,8413.0,17.519687,78.4468876,-6.350885176856137,-10.305,-2.767
2023,11,JILLELAGUDA,20,6,6,7.0,0.0,1744146.26,1400701.05,4930.0,17.3376801,78.5322366,-13.665723696483987,-15.8,-7.95
2023,11,JUBILEE HILLS,6,1075,1075,14.0,1.0,9002954.01,8166932.45,6632.0,17.4308362,78.4102882,-6.043137507893525,-6.746,-0.009
2023,11,KAKATIYA NAGAR,3,69,69,2.0,0.0,1866325.4,2276793.5,3997.0,17.4785837,78.5406026,-12.484480768704271,-19.217,1.0
2023,11,KAMALANAGAR,34,84,84,34.0,15.0,1605266.1,1829014.95,7910.0,17.4728043,78.566675,-9.045252142363507,-29.864,-0.004
2023,11,KANCHANBAGH,33,2,2,,,686149.55,1323683.0,6281.0,17.3280563,78.5001695,-12.123256123445776,-15.781,1.0
2023,11,KARWAN,3,11,11,4.0,1.0,926367.34,1685541.25,6685.0,17.376013,78.4331894,-7.357040143594367,-8.99,1.0
2023,11,KATEDAN,16,3,3,19.0,5.0,1778064.31,3224255.4,7015.0,17.3026835,78.4398207,-1.2653078280464742,-3.218,-0.732
2023,11,KISHAN BAGH,1,2,2,4.0,0.0,789875.08,1250853.75,5053.0,17.3575261,78.44485,-4.981351632256168,-19.652,1.0
2023,11,KISMATHPUR,18,442,442,61.0,16.0,5364879.43,8568096.8,13684.0,17.3343045,78.3936455,-14.163095030058026,-19.578,-7.69
2023,11,KOMPALLY,25,1,1,9.0,3.0,3880280.76,5443726.37,4183.0,17.5354868,78.5096979,-4.171070941747054,-7.296,1.0
2023,11,KONDAPUR,15,2109,2109,51.0,16.0,13787586.97,15018875.7,7906.0,17.4587912,78.3730556,-9.15338763082218,-13.794,-3.253
2023,11,KOTHAPETA,10,81,81,5.0,1.0,1920241.07,2617467.75,7233.0,17.367222832295177,78.545668383567,-15.115934266731193,-24.0,38.681
2023,11,KPHB,9,1200,1200,15.0,0.0,13248028.08,15074655.05,9511.0,17.4939602,78.4008412,-46.34703747538678,-48.923,38.884
2023,11,KUKATPALLY,9,144,144,6.0,0.0,5757176.92,4768165.75,6772.0,17.4930841,78.4054408,-46.34703747538678,-48.923,38.884
2023,11,L.B.NAGAR,34,35,35,9.0,0.0,3483998.95,3229146.95,6199.0,17.349846,78.5479412,-36.09192193271679,-58.971,1.0
2023,11,LALAPET,7,33,33,5.0,4.0,4516937.04,7090229.5,6284.0,17.4388301,78.54187,-2.2643061664055764,-6.6,31.337
2023,11,LANGER HOUSE,3,15,15,9.0,3.0,2039260.08,2644728.3,7644.0,17.37331,78.41387,-6.272660829945958,-16.898,-0.04
2023,11,LINGOJIGUDA,10,55,55,9.0,0.0,3202476.06,3072349.55,7815.0,17.3478809,78.5364577,-36.09192193271679,-58.971,1.0
2023,11,MACHABOLLARAM,13,29,29,40.0,6.0,1317056.87,1818171.3,6267.0,17.513866,78.5137342,-4.221987933535047,-6.62,-1.252
2023,11,MADANNAPET,2,4,4,4.0,1.0,1454302.35,1555677.55,5891.0,17.3585578,78.4971064,-9.772093976293876,-15.772,8.35
2023,11,MADHAPUR,15,2592,2592,67.0,4.0,71752893.79,73292204.7,12962.0,17.4408924,78.3916304,-5.798614192233966,-10.565,-3.21
2023,11,MAILERDEV PALLY,16,19,19,18.0,8.0,1751765.04,2202984.4,7055.0,17.31916516561942,78.44588448683878,-7.546780559786242,-12.3,-1.008
2023,11,MALAKPET,2,19,19,2.0,1.0,1239279.21,2006517.6,5147.0,17.3736706,78.4996484,-9.772093976293876,-15.772,8.35
2023,11,MANIKONDA,18,1226,1226,48.0,5.0,10745988.27,10354534.0,8514.0,17.3999951,78.3861689,-8.64049553514247,-16.362,1.0
2023,11,MANSOORABAD,34,53,53,8.0,0.0,1554536.87,2756347.4,5773.0,17.3541765,78.5652906,-11.76366817945535,-19.847,-2.831
2023,11,MARREDPALLY,7,131,131,6.0,0.0,1700621.74,2705104.1,9196.0,17.4507936,78.5048972,-12.47414140833292,-21.362,12.404
2023,11,MARUTHINAGAR,10,144,144,2.0,1.0,1631036.75,2317405.65,7237.0,17.373499742570825,78.54268265383173,-15.115934266731193,-24.0,38.681
2023,11,MEERPET,20,77,77,25.0,12.0,2075287.97,2302503.35,9864.0,17.4546432,78.5715499,-6.441468392795172,-59.023,1.0
2023,11,MEHIDIPATNAM,3,73,73,9.0,0.0,2673485.42,2744480.35,6575.0,17.399943921854806,78.43451065196552,-1.2240510318391513,-3.314,1.0
2023,11,METTUGUDA,7,27,27,1.0,0.0,724379.72,1272864.35,4460.0,17.4355036,78.5195573,-12.47414140833292,-21.362,12.404
2023,11,MIYAPUR,15,367,367,21.0,9.0,3314033.51,5564100.25,7369.0,17.4981608,78.3567628,-7.088238213409196,-15.663,-1.104
2023,11,MOGHULPURA,1,3,3,1.0,1.0,1155564.1,1853761.4,6259.0,17.3595023,78.4767749,-4.981351632256168,-19.652,1.0
2023,11,MOOSAPET,9,14,14,3.0,1.0,4214192.19,5594381.1,5669.0,17.4685307,78.4206695,-5.390432301805981,-9.201,-1.035
2023,11,MOOSARAMBAGH,2,84,84,5.0,1.0,4365862.33,3411994.15,7827.0,17.3743532,78.5160835,-9.772093976293876,-15.772,8.35
2023,11,MOTI NAGAR,9,92,92,5.0,0.0,1716107.6,2870888.25,5785.0,17.4508069,78.422242,-4.2143448867979,-7.86,1.0
2023,11,MUSHEERABAD,5,88,88,3.0,0.0,1446623.6,9754437.25,5315.0,17.4191423,78.4985732,-6.740992341257842,-8.752,-0.051
2023,11,MYSARAM,33,1,1,24.0,0.0,18005890.51,18483550.25,5969.0,17.318186408097194,78.48361779724075,-12.123256123445776,-15.781,1.0
2023,11,NACHARAM,14,91,91,19.0,5.0,10629422.06,9845693.94,10927.0,17.4284936,78.5528098,-2.2643061664055764,-6.6,31.337
2023,11,NAGARAM,19,1,1,75.0,42.0,2306416.73,-5419125.85,10243.0,17.4910113,78.613677,-3.9776102214750892,-28.936,-0.751
2023,11,NAGOLE,34,16,16,27.0,4.0,2347915.73,2596996.0,7692.0,17.3775306,78.5601231,-8.68556577870009,-15.552,1.0
2023,11,NALLAGANDLA,15,1,1,29.0,8.0,5897690.47,9149107.75,8557.0,17.4774828,78.3060359,-29.150105105964958,-58.481,-4.338
2023,11,NALLAGUTTA,7,58,58,5.0,1.0,3596378.74,3064471.4,4753.0,17.4384334,78.4825328,-1.9424732071532318,-2.693,-0.068
2023,11,NARAYANGUDA,5,505,505,5.0,2.0,6088127.09,7285298.55,7167.0,17.3981159,78.4885006,-2.1866529029494384,-4.994,1.0
2023,11,NGO COLONY,34,36,36,1.0,0.0,1077971.15,1013519.4,5599.0,17.327964,78.5657291,-8.534793235350607,-12.209,-3.889
2023,11,NIZAMPET,23,1577,1577,7.0,1.0,8479768.91,7992068.5,4371.0,17.4945061,78.4000017,-46.34703747538678,-48.923,38.884
2023,11,OLD MALLEPALLY,3,8,8,5.0,1.0,681815.0,1157307.9,3831.0,17.386722270354426,78.45715718205514,-5.100407564636875,-8.085,-1.774
2023,11,PEDDA AMBERPET,22,1,1,52.0,14.0,1242018.16,8299238.25,9408.0,17.3172848,78.6384505,-13.164451668738684,-102.918,-4.079
2023,11,PEERJADIGUDA,19,147,147,51.0,14.0,5046295.34,5584009.6,15920.0,17.4078747,78.6022666,-11.641342145249197,-19.598,24.579
2023,11,PRAGATHINAGAR,23,1132,1132,8.0,0.0,2882788.69,4455260.64,6047.0,17.3985199,78.5411934,-17.80370829758031,-23.95,-4.554
2023,11,PRAKASHNAGAR,7,111,111,8.0,0.0,7235549.75,7313932.3,9511.0,17.4426888,78.4705479,-1.9424732071532318,-2.693,-0.068
2023,11,RADHIKA,14,100,100,18.0,0.0,2355846.65,4061393.35,9816.0,17.4771342,78.563299,-11.611257318416774,-13.556,-0.07
2023,11,RAMACHANDRAPURAM,15,2,2,2.0,1.0,2469998.1,2402000.8,7815.0,17.5086345,78.3018685,-10.108599999483703,-48.466,12.475
2023,11,RAMANTHAPUR,14,81,81,20.0,9.0,5811208.6,6578825.35,20206.0,17.3885044,78.5371677,-17.80370829758031,-23.95,-4.554
2023,11,REGIMENTAL BAZAR,7,76,76,1.0,1.0,3949704.49,3140140.8,4295.0,17.4348324,78.5012557,-6.740992341257842,-8.752,-0.051
2023,11,RIYASATH NAGAR,33,1,1,4.0,0.0,1198731.8,1216640.1,4937.0,17.3890675,78.4053603,-6.272660829945958,-16.898,-0.04
2023,11,S.P.R HILLS,6,48,48,7.0,1.0,925517.94,2422491.0,10599.0,17.446776445765586,78.41047091648177,-4.2143448867979,-7.86,1.0
2023,11,S.R.NAGAR,6,863,863,11.0,0.0,8371349.92,5912292.2,7044.0,17.4417071,78.4416081,-14.461797131758766,-44.338,1.0
2023,11,SAHEBNAGAR,10,68,68,40.0,11.0,2977592.09,4077760.4,12201.0,17.3206264,78.5769132,-4.1107347863508155,-15.067,1.203
2023,11,SAIBABA NAGAR,14,73,73,24.0,4.0,1471408.99,2130117.9,7095.0,17.4507229,78.4100017,-5.390432301805981,-9.201,-1.035
2023,11,SAIDABAD,2,18,18,3.0,0.0,1555839.57,1819834.9,5891.0,17.359533,78.5147979,-9.772093976293876,-15.772,8.35
2023,11,SAINATHPURAM,13,134,134,10.0,0.0,1784873.37,3552717.15,11098.0,17.475693,78.5515621,-2.63240210193732,-54.763,1.0
2023,11,SANTOSHNAGAR,2,5,5,6.0,0.0,1794476.66,1972535.95,6090.0,17.3467185,78.5081947,-9.772093976293876,-15.772,8.35
2023,11,SAROORNAGAR,10,174,174,6.0,0.0,3512306.52,4599639.75,6770.0,17.3611655,78.5387443,-36.09192193271679,-58.971,1.0
2023,11,SEETHAPALMANDI,7,51,51,3.0,2.0,1422463.17,2109550.8,6169.0,17.425757541676237,78.51990378820871,-6.672931671786576,-12.052,1.0
2023,11,SHAIKPET,3,194,194,14.0,2.0,5534549.12,5760726.05,8301.0,17.4057955,78.4006536,-6.043137507893525,-6.746,-0.009
2023,11,SHAPOORNAGAR,12,88,88,10.0,2.0,2661413.52,2538414.15,8036.0,17.51707481088814,78.44358687789398,-6.350885176856137,-10.305,-2.767
2023,11,SHIVAM,5,143,143,6.0,0.0,3433825.96,3851163.05,8943.0,17.3367947,78.6028951,-9.552658212982246,-46.221,1.0
2023,11,SOMAJIGUDA,6,347,347,4.0,0.0,6823067.87,7225794.3,6079.0,17.4255053,78.4585197,-6.267983222411594,-34.86,-1.588
2023,11,SRINIVAS NAGAR,7,91,91,5.0,2.0,1020306.35,1673079.75,4794.0,17.4402595,78.4451055,-14.461797131758766,-44.338,1.0
2023,11,SUCHITRA,12,74,74,21.0,5.0,4135208.24,5379172.41,8809.0,17.5024582,78.4839794,-16.764837433599137,-24.574,36.118
2023,11,SULEMAN NAGAR,16,29,29,5.0,0.0,742124.76,1629361.75,7510.0,17.3486936,78.4231173,-28.590051792067662,-58.82,-3.436
2023,11,SULTAN BAZAR,4,41,41,4.0,1.0,3788960.32,5362707.8,5784.0,17.3870437,78.4869648,-3.423985738728608,-11.371,1.0
2023,11,SURARAM,12,27,27,15.0,7.0,2712856.85,3642091.8,10464.0,17.5360946,78.4186386,-5.1367885188728355,-18.138,-0.624
2023,11,TARNAKA,7,244,244,3.0,0.0,14246812.47,14442332.92,5468.0,17.4285479,78.5379433,-2.2643061664055764,-6.6,31.337
2023,11,TELLAPUR,24,1,1,2.0,1.0,139333.07,1909126.6,3921.0,17.4503205,78.3009176,-8.125337321415156,-15.189,1.0
2023,11,THATTIKHANA,6,483,483,10.0,1.0,10563395.24,13143081.5,10994.0,17.368368049566055,78.60318365434247,-19.009141170949153,-29.461,1.0
2023,11,TOLI CHOWK,3,150,150,5.0,0.0,2520481.11,2890840.31,5031.0,17.399517081462932,78.41474423791212,-6.043137507893525,-6.746,-0.009
2023,11,TURKAYAMJAL,22,1,1,137.0,37.0,2117559.8,7221832.15,12103.0,17.2691643,78.5771279,-7.168004578346216,-10.471,-3.471
2023,11,UPPAL,14,74,74,44.0,13.0,3617548.5,4331358.67,14482.0,17.4025091,78.5612562,-6.855199090082735,-16.385,1.0
2023,11,USHODAYA,12,25,25,16.0,5.0,1268059.0,1994402.75,9647.0,17.384909,78.4388101,-5.100407564636875,-8.085,-1.774
2023,11,VAISHALINAGAR,10,59,59,10.0,0.0,2653396.65,3671194.35,10092.0,17.338969152148117,78.54402440653747,-13.665723696483987,-15.8,-7.95
2023,11,VAJPAYEE NAGAR,13,27,27,7.0,2.0,1636897.52,1311232.45,8791.0,17.493544000750763,78.45891297321583,-16.764837433599137,-24.574,36.118
2023,11,VANASTHALIPURAM,34,65,65,7.0,2.0,2404066.81,2889406.4,7088.0,17.3303179,78.568278,-8.534793235350607,-12.209,-3.889
2023,11,VATTEPALLY,1,1,1,3.0,0.0,433797.0,1069546.85,4076.0,17.3305423,78.4621512,-4.981351632256168,-19.652,1.0
2023,11,VENGALRAONAGAR,6,533,533,3.0,0.0,3384713.96,5276078.01,8350.0,17.442176085833477,78.43833257797534,-14.461797131758766,-44.338,1.0
2023,11,VENKATAPURAM,13,102,102,14.0,1.0,1958906.98,3774807.15,6809.0,17.496189,78.5043108,-8.97585561892137,-40.761,-6.248
2023,11,VIGYANPURI,5,71,71,3.0,0.0,5503390.28,5255993.05,4014.0,17.403003650874158,78.51134135120137,-2.1866529029494384,-4.994,1.0
2023,11,VIJAYNAGAR COLONY,3,196,196,4.0,0.0,4191263.78,4506001.65,6193.0,17.3442548,78.5412895,-13.665723696483987,-15.8,-7.95
2023,11,VINAY NAGAR,2,14,14,1.0,1.0,1870403.88,1875821.55,5542.0,17.3515414,78.5111106,-9.772093976293876,-15.772,8.35
2023,11,VIVEKANANDA NAGAR,9,66,66,4.0,0.0,3511767.44,4621050.3,7151.0,17.3627254,78.5293456,-36.09192193271679,-58.971,1.0
2023,11,YAPRAL,13,60,60,42.0,13.0,1527912.23,1710820.75,6271.0,17.5030543,78.5407976,-6.247539089917872,-12.503,-0.354
2023,11,YELLAMMABANDA,9,143,143,25.0,11.0,1258744.44,2510528.3,9576.0,17.5102678,78.4070824,-46.34703747538678,-48.923,38.884
2023,11,YELLAREDDYGUDA,6,331,331,4.0,0.0,6118490.29,6756155.2,8745.0,17.4333135,78.4415476,-14.461797131758766,-44.338,1.0
2023,11,ZIAGUDA,4,15,15,,,1081356.77,1232345.1,5933.0,17.3658951,78.4503072,-6.23629193008042,-14.06,-2.04
2023,12,ADARSHNAGAR,12,18,18,2.0,0.0,11767024.41,12863009.45,5883.0,17.404546984247553,78.47358389715174,-4.225103036755199,-6.03,25.278
2023,12,ADIKMET,5,82,82,3.0,2.0,1712372.54,2018998.9,2931.0,17.4095495,78.5130943,-6.672931671786576,-12.052,1.0
2023,12,AHMED NAGAR,3,1,1,5.0,2.0,676346.0,503689.05,2906.0,17.404066,78.4442286,-1.2240510318391513,-3.314,1.0
2023,12,ALKAPURI,10,292,292,5.0,0.0,2560209.51,5045498.05,8320.0,17.3662342,78.5549781,-15.115934266731193,-24.0,38.681
2023,12,ALWAL,13,55,55,7.0,3.0,33996908.27,35325817.25,8822.0,17.5022292,78.5088584,-4.221987933535047,-6.62,-1.252
2023,12,AMBERPET,5,6,6,6.0,2.0,,,,17.3861776,78.5114709,-2.1866529029494384,-4.994,1.0
2023,12,AMEENPUR,24,2,2,22.0,15.0,11982783.4,13349457.05,6832.0,17.5236905,78.3317297,-1.7808493513536299,-2.91,-0.787
2023,12,ASIF NAGAR,3,15,15,6.0,3.0,924054.22,1555032.5,5405.0,17.3857483,78.4505083,-5.100407564636875,-8.085,-1.774
2023,12,ASMANGARH,2,41,41,2.0,1.0,1678909.22,2098317.8,5575.0,17.36850992532914,78.51429549554615,-9.772093976293876,-15.772,8.35
2023,12,ATTAPUR,16,93,93,31.0,8.0,1871837.72,2474251.6,8743.0,17.3672244,78.4307278,-7.357040143594367,-8.99,1.0
2023,12,AUTONAGAR,34,95,95,68.0,32.0,2610417.67,4142617.15,10141.0,17.3356141,78.5792031,-18.449006726509495,-54.592,-0.173
2023,12,AZAMABAD,5,172,172,2.0,0.0,2690493.28,5783095.3,11028.0,17.4040194,78.5043767,-2.1866529029494384,-4.994,1.0
2023,12,B.N.REDDY NAGAR,34,34,34,60.0,27.0,834050.41,1107841.95,7039.0,17.321914,78.5597937,-8.534793235350607,-12.209,-3.889
2023,12,BACHUPALLY,23,48,48,24.0,6.0,10173947.63,8772072.5,3796.0,17.536648,78.3644736,-77.33563988117173,-83.42,20.074
2023,12,BADANGPET,20,16,16,115.0,62.0,5882397.6,7681671.7,20319.0,17.3383467,78.5222127,-13.665723696483987,-15.8,-7.95
2023,12,BAGH LINGAMPALLY,5,163,163,2.0,1.0,1451116.83,1784640.4,6107.0,17.3974359,78.4979706,-2.1866529029494384,-4.994,1.0
2023,12,BAHADURPURA,1,10,10,5.0,1.0,4581446.76,5682225.86,5922.0,17.3570672,78.4545419,-4.981351632256168,-19.652,1.0
2023,12,BALAJINAGAR,9,1257,1257,9.0,0.0,4410995.55,5116396.1,7806.0,17.5149256,78.560679,-7.086502418049685,-10.359,1.0
2023,12,BALANAGAR,9,18,18,10.0,1.0,3905645.4,4691696.62,10809.0,17.4768224,78.4219645,-40.21863524752012,-59.528,-11.334
2023,12,BALAPUR,33,1,1,7.0,2.0,824773.84,1427780.75,5772.0,17.307521,78.5053298,-12.123256123445776,-15.781,1.0
2023,12,BANDLAGUDA,33,25,25,43.0,25.0,603647.5,1413282.25,7516.0,17.3714879,78.5727265,-19.009141170949153,-29.461,1.0
2023,12,BANJARA HILLS,6,1534,1534,15.0,1.0,19643324.11,20645524.35,10851.0,17.4177464,78.4399014,-6.267983222411594,-34.86,-1.588
2023,12,BARKATPURA,5,94,94,5.0,1.0,2564289.36,3972464.5,6439.0,17.3926121,78.4969683,-2.1866529029494384,-4.994,1.0
2023,12,BEERAMGUDA,24,1,1,66.0,44.0,2980341.55,15601819.2,9459.0,17.5091218,78.3004614,-10.108599999483703,-48.466,12.475
2023,12,BHAGATSINGH NAGAR,12,8,8,7.0,2.0,1437690.41,2142570.83,5309.0,17.49324711103568,78.38735077021973,-21.42419514433048,-104.503,-11.263
2023,12,BHAGYANAGAR,9,546,546,9.0,4.0,6719824.9,8332132.7,6136.0,17.4076662,78.4957155,-2.1866529029494384,-4.994,1.0
2023,12,BHARATHNAGAR,9,40,40,17.0,0.0,1418073.37,2087173.05,6549.0,17.3478913,78.55648,-11.76366817945535,-19.847,-2.831
2023,12,BODUPPAL,19,72,72,120.0,52.0,5965641.81,7987200.35,24375.0,17.3988408,78.5366218,-17.80370829758031,-23.95,-4.554
2023,12,BOIGUDA,7,21,21,2.0,0.0,994610.31,1726102.45,5641.0,17.4286363,78.4969962,-6.740992341257842,-8.752,-0.051
2023,12,BORABANDA,6,151,151,4.0,0.0,668553.12,1693226.9,7113.0,17.4590687,78.4078664,-5.390432301805981,-9.201,-1.035
2023,12,BOUDHANAGAR,7,34,34,3.0,1.0,474639.63,1721104.9,6418.0,17.4160319,78.517419,-6.672931671786576,-12.052,1.0
2023,12,BUDVEL,16,23,23,14.0,5.0,4825832.77,5626919.35,7311.0,17.33298,78.406191,-8.60961196694741,-20.379,1.0
2023,12,CHANCHALGUDA,2,6,6,1.0,0.0,905616.66,2352105.45,5459.0,17.3673732,78.4965799,-9.772093976293876,-15.772,8.35
2023,12,CHANDA NAGAR,15,321,321,14.0,4.0,3151623.93,4890837.15,8790.0,17.4534764,78.3943669,-5.798614192233966,-10.565,-3.21
2023,12,CHANUDLAL BHARADARI,1,1,1,3.0,0.0,1233408.21,2746533.25,8558.0,17.35207924290198,78.45954822278678,-4.981351632256168,-19.652,1.0
2023,12,CHANUKYAPURI,13,105,105,9.0,0.0,1582688.21,2654706.17,11820.0,17.35903320948377,78.5617337593459,-11.76366817945535,-19.847,-2.831
2023,12,CHERLAPALLY,14,13,13,30.0,7.0,1244045.04,3245431.05,8202.0,17.4687455,78.6024858,-3.9776102214750892,-28.936,-0.751
2023,12,CHINTAL,12,15,15,25.0,9.0,11071265.77,12696631.65,9602.0,17.5021756,78.440609,-6.350885176856137,-10.305,-2.767
2023,12,CHINTAL BASTHI,3,85,85,2.0,0.0,1060003.7,2650480.65,5178.0,17.4073576,78.4567152,-1.2240510318391513,-3.314,1.0
2023,12,DARUL SHIFA,1,3,3,2.0,1.0,1551095.36,2638482.6,6264.0,17.366904,78.481078,-3.423985738728608,-11.371,1.0
2023,12,DEEPTHISRI NAGAR,15,333,333,21.0,10.0,3725606.62,5452378.75,4998.0,17.50066559761306,78.33937200961574,-1.7808493513536299,-2.91,-0.787
2023,12,DEFENCE COLONY,13,143,143,7.0,5.0,1179129.15,2645261.35,11573.0,17.3176682,78.6117136,-9.552658212982246,-46.221,1.0
2023,12,DHOOD BOWLI,1,6,6,6.0,4.0,1804732.21,1955815.25,6088.0,17.358865699843125,78.46540079693314,-4.981351632256168,-19.652,1.0
2023,12,DILSHUKNAGAR,10,44,44,2.0,0.0,2376163.69,1930907.15,6069.0,17.3710329,78.5254623,-36.09192193271679,-58.971,1.0
2023,12,DOMALGUDA,5,16,16,2.0,0.0,1838086.3,3844255.85,5458.0,17.4078455,78.4850003,-4.225103036755199,-6.03,25.278
2023,12,ERRAGADDA,6,264,264,7.0,4.0,3889850.78,4039797.45,6676.0,17.4487999,78.4356074,-4.2143448867979,-7.86,1.0
2023,12,FATHENAGAR,6,170,170,4.0,1.0,5517642.4,12546032.15,7680.0,17.4598339,78.4525504,-4.2143448867979,-7.86,1.0
2023,12,FATHER BALAIAHNAGAR,13,380,380,23.0,18.0,1742561.51,4117144.0,5926.0,17.50818327428803,78.4937064516262,-16.764837433599137,-24.574,36.118
2023,12,FILM NAGAR,6,280,280,11.0,0.0,10786065.33,11460610.1,7940.0,17.4140574,78.4105031,-6.043137507893525,-6.746,-0.009
2023,12,GACHIBOWLI,15,964,964,57.0,25.0,46695367.75,48675055.65,6498.0,17.4436222,78.3519638,-7.851808252285321,-13.636,1.0
2023,12,GAJULARAMARAM,12,75,75,78.0,28.0,2638247.91,3859958.2,7949.0,17.5271759,78.4200077,-5.1367885188728355,-18.138,-0.624
2023,12,GANDHINAGAR,5,98,98,5.0,2.0,2582189.79,3609107.75,5999.0,17.4077928,78.4925707,-4.225103036755199,-6.03,25.278
2023,12,GANDIMAISAMMA,23,2,2,31.0,5.0,687147.36,952814.1,3936.0,17.576965,78.421959,-12.080203428747952,-41.208,-9.662
2023,12,GAYATRI NAGAR,9,286,286,35.0,8.0,1726419.32,2661331.3,6816.0,17.4566764,78.4035867,-5.798614192233966,-10.565,-3.21
2023,12,GODE-KI-KABAR,4,33,33,,,781447.17,2510847.35,7862.0,17.376976148401162,78.46196399554636,-5.100407564636875,-8.085,-1.774
2023,12,GOLCONDA,3,6,6,2.0,0.0,8444459.05,9127369.7,5885.0,17.3873294,78.4057336,-6.272660829945958,-16.898,-0.04
2023,12,GOWLIGUDA,4,20,20,2.0,0.0,2559082.22,4403831.1,4791.0,17.377643,78.4787716,-3.423985738728608,-11.371,1.0
2023,12,GOWTHAM NAGAR,13,92,92,2.0,0.0,1388709.07,2722647.95,8014.0,17.4539263,78.527344,-4.236881728429952,-6.098,1.0
2023,12,GUNFOUNDRY,4,178,178,1.0,0.0,3477063.2,3735774.0,3780.0,17.3936441,78.4756654,-3.3423306430785304,-5.452,1.0
2023,12,HAFEEZPET,15,2578,2578,18.0,6.0,8536952.75,11373725.85,6578.0,17.4834409,78.3611316,-17.663445787684253,-26.918,1.0
2023,12,HAKEEMPET,3,32,32,4.0,2.0,884824.3,1324071.75,4478.0,17.4056403,78.4178824,-6.043137507893525,-6.746,-0.009
2023,12,HASMATHPET,9,244,244,11.0,4.0,2425597.83,4008630.25,10051.0,17.4758254,78.4847371,-1.3120815705640303,-1.67,1.0
2023,12,HASSAN NAGAR,1,2,2,3.0,0.0,550345.3,959842.54,4465.0,17.336155,78.44363,-28.06282154849126,-35.473,1.0
2023,12,HOUSING BOARD,14,39,39,12.0,7.0,1184087.54,2574028.85,9338.0,17.4922068,78.3973638,-21.42419514433048,-104.503,-11.263
2023,12,HUBSIGUDA,14,162,162,17.0,2.0,8124296.24,9924332.28,6965.0,17.412012724821263,78.54561665602095,-7.538105379814497,-8.769,-2.539
2023,12,HYDERGUDA,16,363,363,41.0,8.0,3268844.52,4481502.75,6414.0,17.4012791,78.4804894,-4.225103036755199,-6.03,25.278
2023,12,JAGATHGIRIGUTTA,12,9,9,22.0,20.0,988654.5,2433784.95,11396.0,17.4993176,78.4226016,-5.1367885188728355,-18.138,-0.624
2023,12,JAHANUMA,33,1,1,10.0,0.0,625226.3,1376005.45,6142.0,17.3433524,78.4614644,-4.981351632256168,-19.652,1.0
2023,12,JANGAMMET,33,3,3,5.0,0.0,486782.5,1022671.1,4789.0,17.336251,78.4744044,-12.123256123445776,-15.781,1.0
2023,12,JAWAHARNAGAR,25,7,7,338.0,204.0,4751352.76,5440952.4,15303.0,17.437754,78.4845463,-1.9424732071532318,-2.693,-0.068
2023,12,JEEDIMETLA,12,46,46,19.0,5.0,6612569.57,8011840.05,8413.0,17.519687,78.4468876,-6.350885176856137,-10.305,-2.767
2023,12,JILLELAGUDA,20,8,8,9.0,4.0,1740566.31,1670947.3,4930.0,17.3376801,78.5322366,-13.665723696483987,-15.8,-7.95
2023,12,JUBILEE HILLS,6,1193,1193,11.0,0.0,7700186.54,8245210.4,6632.0,17.4308362,78.4102882,-6.043137507893525,-6.746,-0.009
2023,12,KAKATIYA NAGAR,3,78,78,3.0,1.0,1400221.56,2586227.45,3997.0,17.4785837,78.5406026,-12.484480768704271,-19.217,1.0
2023,12,KAMALANAGAR,34,91,91,27.0,8.0,1572363.2,2031758.6,7910.0,17.4728043,78.566675,-9.045252142363507,-29.864,-0.004
2023,12,KARWAN,3,11,11,2.0,1.0,905180.82,1641600.65,6685.0,17.376013,78.4331894,-7.357040143594367,-8.99,1.0
2023,12,KATEDAN,16,9,9,13.0,6.0,1431885.51,2432828.35,7015.0,17.3026835,78.4398207,-1.2653078280464742,-3.218,-0.732
2023,12,KISMATHPUR,18,508,508,62.0,24.0,4317682.11,6655748.6,13684.0,17.3343045,78.3936455,-14.163095030058026,-19.578,-7.69
2023,12,KONDAPUR,15,3386,3386,54.0,17.0,14457429.18,19844370.25,7906.0,17.4587912,78.3730556,-9.15338763082218,-13.794,-3.253
2023,12,KOTHAPETA,10,83,83,6.0,1.0,979119.45,2478380.35,7233.0,17.367222832295177,78.545668383567,-15.115934266731193,-24.0,38.681
2023,12,KPHB,9,1670,1670,15.0,1.0,13181557.86,16747334.0,9511.0,17.4939602,78.4008412,-46.34703747538678,-48.923,38.884
2023,12,KUKATPALLY,9,174,174,18.0,3.0,5238195.94,2747615.75,6772.0,17.4930841,78.4054408,-46.34703747538678,-48.923,38.884
2023,12,L.B.NAGAR,34,60,60,19.0,6.0,2182249.06,3087439.6,6199.0,17.349846,78.5479412,-36.09192193271679,-58.971,1.0
2023,12,LALAPET,7,16,16,23.0,9.0,4334030.31,6234462.6,6284.0,17.4388301,78.54187,-2.2643061664055764,-6.6,31.337
2023,12,LANGER HOUSE,3,13,13,7.0,1.0,2444528.03,2589656.45,7644.0,17.37331,78.41387,-6.272660829945958,-16.898,-0.04
2023,12,LINGOJIGUDA,10,58,58,6.0,1.0,3577718.85,3703853.05,7815.0,17.3478809,78.5364577,-36.09192193271679,-58.971,1.0
2023,12,MACHABOLLARAM,13,37,37,83.0,41.0,570045.94,1312448.85,6267.0,17.513866,78.5137342,-4.221987933535047,-6.62,-1.252
2023,12,MADANNAPET,2,6,6,1.0,0.0,1450437.0,1526945.55,5891.0,17.3585578,78.4971064,-9.772093976293876,-15.772,8.35
2023,12,MADHAPUR,15,3585,3585,76.0,15.0,72605359.97,86763235.25,12962.0,17.4408924,78.3916304,-5.798614192233966,-10.565,-3.21
2023,12,MAILERDEV PALLY,16,12,12,18.0,10.0,1470362.79,2191701.65,7055.0,17.31916516561942,78.44588448683878,-7.546780559786242,-12.3,-1.008
2023,12,MALAKPET,2,12,12,6.0,1.0,942362.42,1412221.3,5147.0,17.3736706,78.4996484,-9.772093976293876,-15.772,8.35
2023,12,MANIKONDA,18,1459,1459,88.0,18.0,10760994.0,10007898.0,8514.0,17.3999951,78.3861689,-8.64049553514247,-16.362,1.0
2023,12,MANSOORABAD,34,60,60,24.0,3.0,1424449.91,2939907.45,5773.0,17.3541765,78.5652906,-11.76366817945535,-19.847,-2.831
2023,12,MARREDPALLY,7,134,134,3.0,0.0,1192335.15,3218799.7,9196.0,17.4507936,78.5048972,-12.47414140833292,-21.362,12.404
2023,12,MARUTHINAGAR,10,141,141,5.0,4.0,1730080.06,2555961.3,7237.0,17.373499742570825,78.54268265383173,-15.115934266731193,-24.0,38.681
2023,12,MEERPET,20,73,73,14.0,7.0,2634032.6,-3356633.0,9864.0,17.4546432,78.5715499,-6.441468392795172,-59.023,1.0
2023,12,MEHIDIPATNAM,3,85,85,13.0,2.0,2300752.6,2318553.1,6575.0,17.399943921854806,78.43451065196552,-1.2240510318391513,-3.314,1.0
2023,12,METTUGUDA,7,29,29,2.0,0.0,608597.08,1350872.25,4460.0,17.4355036,78.5195573,-12.47414140833292,-21.362,12.404
2023,12,MIYAPUR,15,397,397,20.0,4.0,3015406.82,7918363.5,7369.0,17.4981608,78.3567628,-7.088238213409196,-15.663,-1.104
2023,12,MOGHULPURA,1,1,1,3.0,0.0,1182721.57,1874407.6,6259.0,17.3595023,78.4767749,-4.981351632256168,-19.652,1.0
2023,12,MOOSAPET,9,4,4,9.0,3.0,5213713.34,5494410.0,5669.0,17.4685307,78.4206695,-5.390432301805981,-9.201,-1.035
2023,12,MOOSARAMBAGH,2,59,59,1.0,1.0,2547225.22,3591500.9,7827.0,17.3743532,78.5160835,-9.772093976293876,-15.772,8.35
2023,12,MOTI NAGAR,9,173,173,6.0,2.0,1726600.14,2483131.1,5785.0,17.4508069,78.422242,-4.2143448867979,-7.86,1.0
2023,12,MUSHEERABAD,5,90,90,5.0,2.0,812072.2,9546990.25,5315.0,17.4191423,78.4985732,-6.740992341257842,-8.752,-0.051
2023,12,MYSARAM,33,1,1,12.0,0.0,18372625.42,18850399.8,5969.0,17.318186408097194,78.48361779724075,-12.123256123445776,-15.781,1.0
2023,12,NACHARAM,14,78,78,36.0,10.0,11177994.15,12972676.44,10927.0,17.4284936,78.5528098,-2.2643061664055764,-6.6,31.337
2023,12,NAGARAM,19,1,1,45.0,26.0,2446798.25,10150085.3,10243.0,17.4910113,78.613677,-3.9776102214750892,-28.936,-0.751
2023,12,NAGOLE,34,9,9,17.0,3.0,1875138.91,2822288.35,7692.0,17.3775306,78.5601231,-8.68556577870009,-15.552,1.0
2023,12,NALLAGANDLA,15,7,7,24.0,9.0,5427770.33,9798185.9,8557.0,17.4774828,78.3060359,-29.150105105964958,-58.481,-4.338
2023,12,NALLAGUTTA,7,55,55,1.0,1.0,3373438.21,2773446.7,4753.0,17.4384334,78.4825328,-1.9424732071532318,-2.693,-0.068
2023,12,NARAYANGUDA,5,526,526,9.0,4.0,4435484.02,5929633.1,7167.0,17.3981159,78.4885006,-2.1866529029494384,-4.994,1.0
2023,12,NGO COLONY,34,67,67,7.0,2.0,886976.24,852728.3,5599.0,17.327964,78.5657291,-8.534793235350607,-12.209,-3.889
2023,12,NIZAMPET,23,1644,1644,26.0,9.0,7896099.66,6380698.45,4371.0,17.4945061,78.4000017,-46.34703747538678,-48.923,38.884
2023,12,OLD MALLEPALLY,3,4,4,5.0,0.0,491953.25,955709.45,3831.0,17.386722270354426,78.45715718205514,-5.100407564636875,-8.085,-1.774
2023,12,PATANCHERU,15,2,2,9.0,4.0,8682.0,357688.7,7009.0,17.5286092,78.2674254,-15.572393745172485,-19.944,-9.782
2023,12,PATHERGATTI,1,5,5,5.0,0.0,3061353.0,4054782.8,4778.0,17.3659836,78.4754866,-3.423985738728608,-11.371,1.0
2023,12,PEDDA AMBERPET,22,1,1,66.0,23.0,1597049.54,1971341.35,9408.0,17.3172848,78.6384505,-13.164451668738684,-102.918,-4.079
2023,12,PEERJADIGUDA,19,178,178,51.0,11.0,5410653.38,-2101507.15,15920.0,17.4078747,78.6022666,-11.641342145249197,-19.598,24.579
2023,12,PRAGATHINAGAR,23,1259,1259,18.0,7.0,3179459.78,-1229203.4,6047.0,17.3985199,78.5411934,-17.80370829758031,-23.95,-4.554
2023,12,PRAKASHNAGAR,7,170,170,7.0,3.0,5476057.64,6964382.35,9511.0,17.4426888,78.4705479,-1.9424732071532318,-2.693,-0.068
2023,12,RADHIKA,14,93,93,25.0,13.0,1967994.52,4789806.85,9816.0,17.4771342,78.563299,-11.611257318416774,-13.556,-0.07
2023,12,RAMACHANDRAPURAM,15,4,4,6.0,4.0,1280028.16,2671104.15,7815.0,17.5086345,78.3018685,-10.108599999483703,-48.466,12.475
2023,12,RAMANTHAPUR,14,61,61,18.0,12.0,4213002.34,4780714.8,20206.0,17.3885044,78.5371677,-17.80370829758031,-23.95,-4.554
2023,12,REGIMENTAL BAZAR,7,62,62,,,2482676.49,3198042.2,4295.0,17.4348324,78.5012557,-6.740992341257842,-8.752,-0.051
2023,12,S.P.R HILLS,6,108,108,7.0,4.0,753318.93,2362145.05,10599.0,17.446776445765586,78.41047091648177,-4.2143448867979,-7.86,1.0
2023,12,S.R.NAGAR,6,1297,1297,8.0,1.0,7949012.79,5671623.95,7044.0,17.4417071,78.4416081,-14.461797131758766,-44.338,1.0
2023,12,SAHEBNAGAR,10,102,102,39.0,23.0,2711832.98,4657192.1,12201.0,17.3206264,78.5769132,-4.1107347863508155,-15.067,1.203
2023,12,SAIBABA NAGAR,14,65,65,16.0,5.0,1045520.89,1982418.8,7095.0,17.4507229,78.4100017,-5.390432301805981,-9.201,-1.035
2023,12,SAIDABAD,2,36,36,2.0,0.0,814313.3,1509425.1,5891.0,17.359533,78.5147979,-9.772093976293876,-15.772,8.35
2023,12,SAINATHPURAM,13,97,97,9.0,3.0,1193785.27,3313532.45,11098.0,17.475693,78.5515621,-2.63240210193732,-54.763,1.0
2023,12,SANTOSHNAGAR,2,8,8,3.0,0.0,1680422.76,1866022.8,6090.0,17.3467185,78.5081947,-9.772093976293876,-15.772,8.35
2023,12,SAROORNAGAR,10,175,175,7.0,2.0,2727791.87,3814470.65,6770.0,17.3611655,78.5387443,-36.09192193271679,-58.971,1.0
2023,12,SEETHAPALMANDI,7,45,45,5.0,1.0,821472.19,2126298.75,6169.0,17.425757541676237,78.51990378820871,-6.672931671786576,-12.052,1.0
2023,12,SHAIKPET,3,229,229,20.0,11.0,4880042.82,7191788.95,8301.0,17.4057955,78.4006536,-6.043137507893525,-6.746,-0.009
2023,12,SHAPOORNAGAR,12,74,74,12.0,6.0,1446360.02,3623777.1,8036.0,17.51707481088814,78.44358687789398,-6.350885176856137,-10.305,-2.767
2023,12,SHIVAM,5,119,119,9.0,0.0,2970073.05,3358459.15,8943.0,17.3367947,78.6028951,-9.552658212982246,-46.221,1.0
2023,12,SOMAJIGUDA,6,535,535,3.0,1.0,5689141.27,7916907.1,6079.0,17.4255053,78.4585197,-6.267983222411594,-34.86,-1.588
2023,12,SRINIVAS NAGAR,7,91,91,2.0,1.0,734320.94,1932920.25,4794.0,17.4402595,78.4451055,-14.461797131758766,-44.338,1.0
2023,12,SUCHITRA,12,41,41,23.0,4.0,3355765.83,5976171.55,8809.0,17.5024582,78.4839794,-16.764837433599137,-24.574,36.118
2023,12,SULEMAN NAGAR,16,52,52,6.0,1.0,427324.08,1467411.85,7510.0,17.3486936,78.4231173,-28.590051792067662,-58.82,-3.436
2023,12,SULTAN BAZAR,4,46,46,2.0,0.0,2674970.73,3632587.75,5784.0,17.3870437,78.4869648,-3.423985738728608,-11.371,1.0
2023,12,SURARAM,12,46,46,21.0,4.0,1866295.92,3730215.9,10464.0,17.5360946,78.4186386,-5.1367885188728355,-18.138,-0.624
2023,12,TAPPA CHABUTRA,3,1,1,3.0,1.0,365528.02,1045417.4,5084.0,17.37851781010729,78.44605498735723,-5.100407564636875,-8.085,-1.774
2023,12,TARNAKA,7,232,232,3.0,1.0,12606190.0,13683342.7,5468.0,17.4285479,78.5379433,-2.2643061664055764,-6.6,31.337
2023,12,THATTIKHANA,6,524,524,11.0,0.0,10856229.75,13368739.05,10994.0,17.368368049566055,78.60318365434247,-19.009141170949153,-29.461,1.0
2023,12,THUKKUGUDA,20,1,1,28.0,14.0,17722708.1,16475650.9,8869.0,17.2144718,78.4766647,-10.917572216237312,-14.209,-6.459
2023,12,TOLI CHOWK,3,183,183,3.0,0.0,1824440.56,2806457.85,5031.0,17.399517081462932,78.41474423791212,-6.043137507893525,-6.746,-0.009
2023,12,TURKAYAMJAL,22,3,3,138.0,60.0,7127521.54,3298615.5,12103.0,17.2691643,78.5771279,-7.168004578346216,-10.471,-3.471
2023,12,UPPAL,14,70,70,32.0,10.0,3074101.08,3578033.5,14482.0,17.4025091,78.5612562,-6.855199090082735,-16.385,1.0
2023,12,USHODAYA,12,22,22,9.0,5.0,765257.36,2141706.2,9647.0,17.384909,78.4388101,-5.100407564636875,-8.085,-1.774
2023,12,VAISHALINAGAR,10,35,35,18.0,6.0,2548495.18,3544415.9,10092.0,17.338969152148117,78.54402440653747,-13.665723696483987,-15.8,-7.95
2023,12,VAJPAYEE NAGAR,13,17,17,13.0,4.0,1016859.56,3272039.55,8791.0,17.493544000750763,78.45891297321583,-16.764837433599137,-24.574,36.118
2023,12,VANASTHALIPURAM,34,163,163,6.0,0.0,1849048.42,2149464.9,7088.0,17.3303179,78.568278,-8.534793235350607,-12.209,-3.889
2023,12,VATTEPALLY,1,2,2,1.0,0.0,341811.0,69068.75,4076.0,17.3305423,78.4621512,-4.981351632256168,-19.652,1.0
2023,12,VENGALRAONAGAR,6,563,563,8.0,7.0,3494903.93,4865411.6,8350.0,17.442176085833477,78.43833257797534,-14.461797131758766,-44.338,1.0
2023,12,VENKATAPURAM,13,78,78,15.0,6.0,1363591.32,2729433.9,6809.0,17.496189,78.5043108,-8.97585561892137,-40.761,-6.248
2023,12,VIGYANPURI,5,53,53,6.0,0.0,5527258.84,5524070.1,4014.0,17.403003650874158,78.51134135120137,-2.1866529029494384,-4.994,1.0
2023,12,VIJAYNAGAR COLONY,3,169,169,8.0,2.0,2903000.74,5734393.6,6193.0,17.3442548,78.5412895,-13.665723696483987,-15.8,-7.95
2023,12,VINAY NAGAR,2,13,13,1.0,0.0,1356350.89,2292460.95,5542.0,17.3515414,78.5111106,-9.772093976293876,-15.772,8.35
2023,12,VIVEKANANDA NAGAR,9,50,50,8.0,1.0,3626522.95,4621246.7,7151.0,17.3627254,78.5293456,-36.09192193271679,-58.971,1.0
2023,12,YAPRAL,13,60,60,16.0,7.0,1210543.06,1911961.75,6271.0,17.5030543,78.5407976,-6.247539089917872,-12.503,-0.354
2023,12,YELLAMMABANDA,9,133,133,39.0,23.0,752988.85,3147835.4,9576.0,17.5102678,78.4070824,-46.34703747538678,-48.923,38.884
2023,12,YELLAREDDYGUDA,6,356,356,8.0,0.0,3940561.67,6111425.0,8745.0,17.4333135,78.4415476,-14.461797131758766,-44.338,1.0
2024,1,ADARSHNAGAR,12,23,23,1.0,0.0,11299865.84,18869368.12,5883.0,17.404546984247553,78.47358389715174,-4.225103036755199,-6.03,25.278
2024,1,ADIKMET,5,73,73,3.0,0.0,806258.06,9867096.65,2931.0,17.4095495,78.5130943,-6.672931671786576,-12.052,1.0
2024,1,AHMED NAGAR,3,2,2,4.0,0.0,11081.0,2868716.6,2906.0,17.404066,78.4442286,-1.2240510318391513,-3.314,1.0
2024,1,ALIABAD,33,3,3,8.0,3.0,104191.4,7206657.5,6411.0,17.34563,78.4726799,-4.981351632256168,-19.652,1.0
2024,1,ALKAPURI,10,303,303,16.0,1.0,1088264.39,24713771.15,8320.0,17.3662342,78.5549781,-15.115934266731193,-24.0,38.681
2024,1,ALLABANDA,4,2,2,4.0,1.0,92972.0,13062532.55,7805.0,17.3803134,78.4577022,-5.100407564636875,-8.085,-1.774
2024,1,ALWAL,13,80,80,31.0,2.0,34859162.42,48249116.8,8822.0,17.5022292,78.5088584,-4.221987933535047,-6.62,-1.252
2024,1,AMBERPET,5,13,13,,,,,,17.3861776,78.5114709,-2.1866529029494384,-4.994,1.0
2024,1,AMEENPUR,24,12,12,33.0,17.0,11209069.76,11018071.2,6832.0,17.5236905,78.3317297,-1.7808493513536299,-2.91,-0.787
2024,1,ASIF NAGAR,3,33,33,14.0,6.0,126611.0,13887638.6,5405.0,17.3857483,78.4505083,-5.100407564636875,-8.085,-1.774
2024,1,ASMANGARH,2,132,132,2.0,0.0,1020495.5,15722247.2,5575.0,17.36850992532914,78.51429549554615,-9.772093976293876,-15.772,8.35
2024,1,ATTAPUR,16,192,192,42.0,19.0,267184.1,18364476.65,8743.0,17.3672244,78.4307278,-7.357040143594367,-8.99,1.0
2024,1,AUTONAGAR,34,121,121,59.0,25.0,3797607.0,13276616.05,10141.0,17.3356141,78.5792031,-18.449006726509495,-54.592,-0.173
2024,1,AZAMABAD,5,266,266,2.0,0.0,829246.4,29630378.1,11028.0,17.4040194,78.5043767,-2.1866529029494384,-4.994,1.0
2024,1,AZAMPURA,2,2,2,6.0,2.0,129514.28,9894848.35,4920.0,17.3761935,78.490874,-3.423985738728608,-11.371,1.0
2024,1,B.N.REDDY NAGAR,34,10,10,23.0,5.0,162387.59,14978497.8,7039.0,17.321914,78.5597937,-8.534793235350607,-12.209,-3.889
2024,1,BACHUPALLY,23,61,61,45.0,15.0,7184762.26,10166219.3,3796.0,17.536648,78.3644736,-77.33563988117173,-83.42,20.074
2024,1,BADANGPET,20,22,22,84.0,24.0,4262911.18,5591706.4,20319.0,17.3383467,78.5222127,-13.665723696483987,-15.8,-7.95
2024,1,BAGH LINGAMPALLY,5,199,199,1.0,0.0,517861.29,7632832.65,6107.0,17.3974359,78.4979706,-2.1866529029494384,-4.994,1.0
2024,1,BAHADURPURA,1,3,3,7.0,0.0,4711396.39,13297529.03,5922.0,17.3570672,78.4545419,-4.981351632256168,-19.652,1.0
2024,1,BALAJINAGAR,9,1414,1414,7.0,0.0,1909397.22,21714097.9,7806.0,17.5149256,78.560679,-7.086502418049685,-10.359,1.0
2024,1,BALANAGAR,9,17,17,15.0,3.0,1534225.93,28170095.93,10809.0,17.4768224,78.4219645,-40.21863524752012,-59.528,-11.334
2024,1,BANDLAGUDA,33,23,23,47.0,24.0,36594.0,4825489.0,7516.0,17.3714879,78.5727265,-19.009141170949153,-29.461,1.0
2024,1,BANJARA HILLS,6,1910,1910,17.0,2.0,16555549.68,58109719.2,10851.0,17.4177464,78.4399014,-6.267983222411594,-34.86,-1.588
2024,1,BARKATPURA,5,186,186,3.0,0.0,1008671.18,14980531.95,6439.0,17.3926121,78.4969683,-2.1866529029494384,-4.994,1.0
2024,1,BEERAMGUDA,24,6,6,36.0,16.0,3062822.3,2575255.4,9459.0,17.5091218,78.3004614,-10.108599999483703,-48.466,12.475
2024,1,BHAGATSINGH NAGAR,12,8,8,5.0,0.0,219587.14,8004347.01,5309.0,17.49324711103568,78.38735077021973,-21.42419514433048,-104.503,-11.263
2024,1,BHAGYANAGAR,9,765,765,18.0,1.0,2702140.18,49237821.53,6136.0,17.4076662,78.4957155,-2.1866529029494384,-4.994,1.0
2024,1,BHARATHNAGAR,9,51,51,4.0,0.0,342096.52,11802777.4,6549.0,17.3478913,78.55648,-11.76366817945535,-19.847,-2.831
2024,1,BODUPPAL,19,67,67,99.0,45.0,3902646.73,6130709.35,24375.0,17.3988408,78.5366218,-17.80370829758031,-23.95,-4.554
2024,1,BOIGUDA,7,44,44,3.0,1.0,257361.0,13906174.4,5641.0,17.4286363,78.4969962,-6.740992341257842,-8.752,-0.051
2024,1,BORABANDA,6,244,244,12.0,5.0,100427.0,12033617.4,7113.0,17.4590687,78.4078664,-5.390432301805981,-9.201,-1.035
2024,1,BOUDHANAGAR,7,38,38,2.0,0.0,124352.69,8105340.15,6418.0,17.4160319,78.517419,-6.672931671786576,-12.052,1.0
2024,1,BUDVEL,16,39,39,23.0,7.0,3207412.28,27919917.03,7311.0,17.33298,78.406191,-8.60961196694741,-20.379,1.0
2024,1,CHANCHALGUDA,2,13,13,2.0,1.0,86121.6,12992988.85,5459.0,17.3673732,78.4965799,-9.772093976293876,-15.772,8.35
2024,1,CHANDA NAGAR,15,418,418,27.0,2.0,580226.64,27447768.6,8790.0,17.4534764,78.3943669,-5.798614192233966,-10.565,-3.21
2024,1,CHANUDLAL BHARADARI,1,1,1,9.0,0.0,278223.3,17179787.0,8558.0,17.35207924290198,78.45954822278678,-4.981351632256168,-19.652,1.0
2024,1,CHANUKYAPURI,13,105,105,13.0,0.0,355990.8,18410336.71,11820.0,17.35903320948377,78.5617337593459,-11.76366817945535,-19.847,-2.831
2024,1,CHERLAPALLY,14,15,14,12.0,2.0,249181.18,11135696.55,8202.0,17.4687455,78.6024858,-3.9776102214750892,-28.936,-0.751
2024,1,CHINTAL,12,45,45,23.0,5.0,8099773.22,31363524.1,9602.0,17.5021756,78.440609,-6.350885176856137,-10.305,-2.767
2024,1,CHINTAL BASTHI,3,87,87,3.0,0.0,918129.0,14179549.95,5178.0,17.4073576,78.4567152,-1.2240510318391513,-3.314,1.0
2024,1,DEEPTHISRI NAGAR,15,442,442,26.0,10.0,1348747.33,30477375.75,4998.0,17.50066559761306,78.33937200961574,-1.7808493513536299,-2.91,-0.787
2024,1,DEFENCE COLONY,13,181,181,16.0,9.0,249822.81,14109919.2,11573.0,17.3176682,78.6117136,-9.552658212982246,-46.221,1.0
2024,1,DHAMMAIGUDA,19,1,1,243.0,5.0,361954.87,3347197.05,10517.0,17.4989069255254,78.59838586027956,-19.770034480776104,-59.541,14.483
2024,1,DHOOD BOWLI,1,2,2,5.0,2.0,327820.0,12731760.8,6088.0,17.358865699843125,78.46540079693314,-4.981351632256168,-19.652,1.0
2024,1,DILSHUKNAGAR,10,82,82,6.0,1.0,730671.92,16327642.3,6069.0,17.3710329,78.5254623,-36.09192193271679,-58.971,1.0
2024,1,DOMALGUDA,5,46,46,3.0,0.0,569446.56,15167441.6,5458.0,17.4078455,78.4850003,-4.225103036755199,-6.03,25.278
2024,1,ERRAGADDA,6,309,309,17.0,7.0,773300.3,31932930.05,6676.0,17.4487999,78.4356074,-4.2143448867979,-7.86,1.0
2024,1,FATHENAGAR,6,272,272,8.0,0.0,4005926.62,33923651.25,7680.0,17.4598339,78.4525504,-4.2143448867979,-7.86,1.0
2024,1,FATHER BALAIAHNAGAR,13,497,497,32.0,14.0,161085.28,14074495.35,5926.0,17.50818327428803,78.4937064516262,-16.764837433599137,-24.574,36.118
2024,1,FILM NAGAR,6,370,370,2.0,0.0,6731020.72,43548171.7,7940.0,17.4140574,78.4105031,-6.043137507893525,-6.746,-0.009
2024,1,GACHIBOWLI,15,1157,1157,40.0,14.0,31042552.29,71966589.53,6498.0,17.4436222,78.3519638,-7.851808252285321,-13.636,1.0
2024,1,GAJULARAMARAM,12,111,111,74.0,24.0,556369.5,9264478.0,7949.0,17.5271759,78.4200077,-5.1367885188728355,-18.138,-0.624
2024,1,GANDHINAGAR,5,182,182,1.0,0.0,961906.45,22620126.95,5999.0,17.4077928,78.4925707,-4.225103036755199,-6.03,25.278
2024,1,GAYATRI NAGAR,9,637,637,18.0,1.0,366151.04,15942137.45,6816.0,17.4566764,78.4035867,-5.798614192233966,-10.565,-3.21
2024,1,GODE-KI-KABAR,4,55,55,2.0,0.0,250822.1,15224372.0,7862.0,17.376976148401162,78.46196399554636,-5.100407564636875,-8.085,-1.774
2024,1,GOLCONDA,3,6,6,4.0,1.0,7223059.0,13171605.4,5885.0,17.3873294,78.4057336,-6.272660829945958,-16.898,-0.04
2024,1,GOWLIGUDA,4,37,37,,,880828.8,10393594.0,4791.0,17.377643,78.4787716,-3.423985738728608,-11.371,1.0
2024,1,GOWLIPURA,33,2,2,3.0,0.0,55822.0,5632996.65,5692.0,17.3462321,78.4799077,-12.123256123445776,-15.781,1.0
2024,1,GOWTHAM NAGAR,13,110,110,9.0,3.0,475300.89,19239286.7,8014.0,17.4539263,78.527344,-4.236881728429952,-6.098,1.0
2024,1,GUNDLAPOCHAMPALLY,25,1,1,,,299850.24,664225.95,1822.0,17.568913,78.480271,-12.080203428747952,-41.208,-9.662
2024,1,GUNFOUNDRY,4,199,199,4.0,0.0,3886340.32,9027509.2,3780.0,17.3936441,78.4756654,-3.3423306430785304,-5.452,1.0
2024,1,HAFEEZPET,15,3521,3521,31.0,15.0,3121942.44,25054811.05,6578.0,17.4834409,78.3611316,-17.663445787684253,-26.918,1.0
2024,1,HAKEEMPET,3,49,49,5.0,1.0,175114.01,48070438.5,4478.0,17.4056403,78.4178824,-6.043137507893525,-6.746,-0.009
2024,1,HASMATHPET,9,390,390,23.0,2.0,654463.89,35049261.5,10051.0,17.4758254,78.4847371,-1.3120815705640303,-1.67,1.0
2024,1,HOUSING BOARD,14,33,33,12.0,4.0,190856.5,14665319.75,9338.0,17.4922068,78.3973638,-21.42419514433048,-104.503,-11.263
2024,1,HUBSIGUDA,14,131,131,19.0,4.0,7598783.36,43424939.07,6965.0,17.412012724821263,78.54561665602095,-7.538105379814497,-8.769,-2.539
2024,1,HYDERGUDA,16,584,584,39.0,11.0,473113.97,35234845.95,6414.0,17.4012791,78.4804894,-4.225103036755199,-6.03,25.278
2024,1,JAGATHGIRIGUTTA,12,21,21,58.0,38.0,142538.67,14945607.15,11396.0,17.4993176,78.4226016,-5.1367885188728355,-18.138,-0.624
2024,1,JALPALLY,20,9,9,256.0,71.0,73778.0,131199.4,13942.0,17.3061541,78.4738589,-7.546780559786242,-12.3,-1.008
2024,1,JANGAMMET,33,1,1,2.0,0.0,111626.18,6938025.65,4789.0,17.336251,78.4744044,-12.123256123445776,-15.781,1.0
2024,1,JAWAHARNAGAR,25,9,9,905.0,493.0,3081756.21,4251587.95,15303.0,17.437754,78.4845463,-1.9424732071532318,-2.693,-0.068
2024,1,JEEDIMETLA,12,60,60,24.0,4.0,4755899.05,16065291.1,8413.0,17.519687,78.4468876,-6.350885176856137,-10.305,-2.767
2024,1,JILLELAGUDA,20,3,3,38.0,2.0,1099553.06,1371384.95,4930.0,17.3376801,78.5322366,-13.665723696483987,-15.8,-7.95
2024,1,JUBILEE HILLS,6,1761,1761,14.0,0.0,3469511.63,38547882.35,6632.0,17.4308362,78.4102882,-6.043137507893525,-6.746,-0.009
2024,1,KAKATIYA NAGAR,3,104,103,2.0,0.0,369614.01,13180180.15,3997.0,17.4785837,78.5406026,-12.484480768704271,-19.217,1.0
2024,1,KAMALANAGAR,34,102,102,18.0,6.0,325800.76,7728604.65,7910.0,17.4728043,78.566675,-9.045252142363507,-29.864,-0.004
2024,1,KANCHANBAGH,33,1,1,2.0,1.0,112424.0,7262015.6,6281.0,17.3280563,78.5001695,-12.123256123445776,-15.781,1.0
2024,1,KARWAN,3,7,7,5.0,1.0,130089.26,11458094.15,6685.0,17.376013,78.4331894,-7.357040143594367,-8.99,1.0
2024,1,KATEDAN,16,8,8,45.0,32.0,285268.3,19201289.15,7015.0,17.3026835,78.4398207,-1.2653078280464742,-3.218,-0.732
2024,1,KISHAN BAGH,1,6,6,6.0,0.0,116769.0,8851203.25,5053.0,17.3575261,78.44485,-4.981351632256168,-19.652,1.0
2024,1,KISMATHPUR,18,1005,1004,158.0,46.0,2127112.79,4597255.35,13684.0,17.3343045,78.3936455,-14.163095030058026,-19.578,-7.69
2024,1,KONDAPUR,15,6323,6323,73.0,26.0,3684961.88,25666819.12,7906.0,17.4587912,78.3730556,-9.15338763082218,-13.794,-3.253
2024,1,KOTHAPETA,10,68,68,9.0,2.0,380908.45,16595343.6,7233.0,17.367222832295177,78.545668383567,-15.115934266731193,-24.0,38.681
2024,1,KPHB,9,2155,2155,14.0,2.0,6457836.91,5023686677.0,9511.0,17.4939602,78.4008412,-46.34703747538678,-48.923,38.884
2024,1,KUKATPALLY,9,400,400,25.0,4.0,1342802.03,25921793.65,6772.0,17.4930841,78.4054408,-46.34703747538678,-48.923,38.884
2024,1,L.B.NAGAR,34,19,19,8.0,2.0,757575.95,12535155.2,6199.0,17.349846,78.5479412,-36.09192193271679,-58.971,1.0
2024,1,LALAPET,7,14,14,5.0,1.0,3929421.67,12478750.35,6284.0,17.4388301,78.54187,-2.2643061664055764,-6.6,31.337
2024,1,LANGER HOUSE,3,8,8,5.0,1.0,233339.2,13102725.5,7644.0,17.37331,78.41387,-6.272660829945958,-16.898,-0.04
2024,1,LINGOJIGUDA,10,50,50,6.0,0.0,515741.57,18687776.9,7815.0,17.3478809,78.5364577,-36.09192193271679,-58.971,1.0
2024,1,MACHABOLLARAM,13,34,34,50.0,23.0,30641.8,5839530.45,6267.0,17.513866,78.5137342,-4.221987933535047,-6.62,-1.252
2024,1,MADANNAPET,2,3,3,2.0,1.0,102487.0,10262891.2,5891.0,17.3585578,78.4971064,-9.772093976293876,-15.772,8.35
2024,1,MADHAPUR,15,5462,5462,126.0,31.0,48844615.02,96163057.97,12962.0,17.4408924,78.3916304,-5.798614192233966,-10.565,-3.21
2024,1,MAILERDEV PALLY,16,13,13,15.0,7.0,110316.0,14742545.35,7055.0,17.31916516561942,78.44588448683878,-7.546780559786242,-12.3,-1.008
2024,1,MALAKPET,2,22,22,4.0,1.0,678075.42,11952235.05,5147.0,17.3736706,78.4996484,-9.772093976293876,-15.772,8.35
2024,1,MANIKONDA,18,2303,2303,109.0,18.0,6652779.67,9043375.75,8514.0,17.3999951,78.3861689,-8.64049553514247,-16.362,1.0
2024,1,MANSOORABAD,34,91,91,17.0,1.0,524109.69,13369875.9,5773.0,17.3541765,78.5652906,-11.76366817945535,-19.847,-2.831
2024,1,MARREDPALLY,7,155,155,10.0,0.0,204407.5,11663872.3,9196.0,17.4507936,78.5048972,-12.47414140833292,-21.362,12.404
2024,1,MARUTHINAGAR,10,148,148,1.0,1.0,772512.48,12033690.05,7237.0,17.373499742570825,78.54268265383173,-15.115934266731193,-24.0,38.681
2024,1,MEERPET,20,104,104,17.0,6.0,2099427.15,2834703.55,9864.0,17.4546432,78.5715499,-6.441468392795172,-59.023,1.0
2024,1,MEHIDIPATNAM,3,183,182,10.0,0.0,404196.32,15874853.1,6575.0,17.399943921854806,78.43451065196552,-1.2240510318391513,-3.314,1.0
2024,1,METTUGUDA,7,20,20,4.0,0.0,93039.33,7663819.75,4460.0,17.4355036,78.5195573,-12.47414140833292,-21.362,12.404
2024,1,MISRIGUNJ,1,4,4,3.0,0.0,133269.0,7512630.7,4347.0,17.350101211439146,78.45939390321827,-4.981351632256168,-19.652,1.0
2024,1,MIYAPUR,15,409,409,26.0,5.0,739709.08,19080865.95,7369.0,17.4981608,78.3567628,-7.088238213409196,-15.663,-1.104
2024,1,MOGHULPURA,1,2,2,8.0,0.0,580779.16,11635404.85,6259.0,17.3595023,78.4767749,-4.981351632256168,-19.652,1.0
2024,1,MOOSAPET,9,17,17,10.0,0.0,2280699.0,14565930.35,5669.0,17.4685307,78.4206695,-5.390432301805981,-9.201,-1.035
2024,1,MOOSARAMBAGH,2,93,93,9.0,1.0,682775.6,22190665.65,7827.0,17.3743532,78.5160835,-9.772093976293876,-15.772,8.35
2024,1,MOTI NAGAR,9,234,234,7.0,1.0,252859.01,10145352.8,5785.0,17.4508069,78.422242,-4.2143448867979,-7.86,1.0
2024,1,MUSHEERABAD,5,111,111,5.0,0.0,269991.8,16435817.55,5315.0,17.4191423,78.4985732,-6.740992341257842,-8.752,-0.051
2024,1,MYSARAM,33,1,1,8.0,1.0,19533534.3,27078935.1,5969.0,17.318186408097194,78.48361779724075,-12.123256123445776,-15.781,1.0
2024,1,NACHARAM,14,81,81,20.0,9.0,7185091.67,28750626.08,10927.0,17.4284936,78.5528098,-2.2643061664055764,-6.6,31.337
2024,1,NAGARAM,19,2,2,47.0,11.0,1518503.47,2852622.0,10243.0,17.4910113,78.613677,-3.9776102214750892,-28.936,-0.751
2024,1,NAGOLE,34,11,11,12.0,5.0,266561.6,14784778.2,7692.0,17.3775306,78.5601231,-8.68556577870009,-15.552,1.0
2024,1,NALLAGANDLA,15,10,10,40.0,14.0,2263245.12,34657970.79,8557.0,17.4774828,78.3060359,-29.150105105964958,-58.481,-4.338
2024,1,NALLAGUTTA,7,65,65,4.0,0.0,1289977.3,12250862.75,4753.0,17.4384334,78.4825328,-1.9424732071532318,-2.693,-0.068
2024,1,NARAYANGUDA,5,517,517,3.0,0.0,3453352.98,24547242.55,7167.0,17.3981159,78.4885006,-2.1866529029494384,-4.994,1.0
2024,1,NGO COLONY,34,32,32,4.0,0.0,237130.07,14475453.05,5599.0,17.327964,78.5657291,-8.534793235350607,-12.209,-3.889
2024,1,NIZAMPET,23,1650,1650,19.0,2.0,4225168.75,5038168.0,4371.0,17.4945061,78.4000017,-46.34703747538678,-48.923,38.884
2024,1,OLD MALLEPALLY,3,8,7,9.0,7.0,50082.0,4273048.85,3831.0,17.386722270354426,78.45715718205514,-5.100407564636875,-8.085,-1.774
2024,1,PATANCHERU,15,1,1,16.0,8.0,903.0,26419400.65,7009.0,17.5286092,78.2674254,-15.572393745172485,-19.944,-9.782
2024,1,PATHERGATTI,1,4,4,3.0,1.0,2004807.9,12354559.5,4778.0,17.3659836,78.4754866,-3.423985738728608,-11.371,1.0
2024,1,PEDDA AMBERPET,22,1,1,33.0,12.0,1006203.58,6543331.4,9408.0,17.3172848,78.6384505,-13.164451668738684,-102.918,-4.079
2024,1,PEERJADIGUDA,19,205,205,79.0,16.0,1726252.52,3398227.2,15920.0,17.4078747,78.6022666,-11.641342145249197,-19.598,24.579
2024,1,POCHARAM,19,1,1,90.0,62.0,501155.54,447761.2,8427.0,17.1766905,78.6024034,-7.168004578346216,-10.471,-3.471
2024,1,PRAGATHINAGAR,23,1348,1347,8.0,1.0,1541732.95,1775264.05,6047.0,17.3985199,78.5411934,-17.80370829758031,-23.95,-4.554
2024,1,PRAKASHNAGAR,7,185,185,9.0,0.0,3564722.44,29518450.05,9511.0,17.4426888,78.4705479,-1.9424732071532318,-2.693,-0.068
2024,1,RADHIKA,14,106,106,28.0,15.0,436119.23,14522871.7,9816.0,17.4771342,78.563299,-11.611257318416774,-13.556,-0.07
2024,1,RAMACHANDRAPURAM,15,4,4,7.0,1.0,334878.95,14501080.35,7815.0,17.5086345,78.3018685,-10.108599999483703,-48.466,12.475
2024,1,RAMANTHAPUR,14,67,66,33.0,7.0,1046449.77,39591296.15,20206.0,17.3885044,78.5371677,-17.80370829758031,-23.95,-4.554
2024,1,REGIMENTAL BAZAR,7,78,78,1.0,0.0,1312863.94,9699354.05,4295.0,17.4348324,78.5012557,-6.740992341257842,-8.752,-0.051
2024,1,RIYASATH NAGAR,33,1,1,7.0,1.0,79201.0,8120959.6,4937.0,17.3890675,78.4053603,-6.272660829945958,-16.898,-0.04
2024,1,S.P.R HILLS,6,181,181,6.0,0.0,102957.76,18842700.4,10599.0,17.446776445765586,78.41047091648177,-4.2143448867979,-7.86,1.0
2024,1,S.R.NAGAR,6,1843,1841,6.0,2.0,3522150.24,20498956.75,7044.0,17.4417071,78.4416081,-14.461797131758766,-44.338,1.0
2024,1,SAHEBNAGAR,10,173,173,53.0,14.0,322486.5,20118435.25,12201.0,17.3206264,78.5769132,-4.1107347863508155,-15.067,1.203
2024,1,SAIBABA NAGAR,14,79,79,30.0,12.0,64268.38,4531655.45,7095.0,17.4507229,78.4100017,-5.390432301805981,-9.201,-1.035
2024,1,SAIDABAD,2,70,70,2.0,0.0,283336.5,14232213.0,5891.0,17.359533,78.5147979,-9.772093976293876,-15.772,8.35
2024,1,SAINATHPURAM,13,101,101,28.0,5.0,121697.81,15208339.5,11098.0,17.475693,78.5515621,-2.63240210193732,-54.763,1.0
2024,1,SANTOSHNAGAR,2,8,8,2.0,0.0,464415.4,14184461.65,6090.0,17.3467185,78.5081947,-9.772093976293876,-15.772,8.35
2024,1,SAROORNAGAR,10,146,146,5.0,0.0,799656.3,21150956.65,6770.0,17.3611655,78.5387443,-36.09192193271679,-58.971,1.0
2024,1,SEETHAPALMANDI,7,43,43,8.0,4.0,164307.9,11810179.85,6169.0,17.425757541676237,78.51990378820871,-6.672931671786576,-12.052,1.0
2024,1,SHAIKPET,3,435,435,26.0,5.0,695526.09,36732522.7,8301.0,17.4057955,78.4006536,-6.043137507893525,-6.746,-0.009
2024,1,SHAMSHABAD,20,1,1,11.0,3.0,160601.64,2148708.1,6795.0,17.257207,78.3451039,-9.7840682652234,-13.167,-5.447
2024,1,SHAPOORNAGAR,12,147,146,21.0,7.0,178742.9,14067871.65,8036.0,17.51707481088814,78.44358687789398,-6.350885176856137,-10.305,-2.767
2024,1,SHIVAM,5,149,149,7.0,1.0,520223.19,23305603.95,8943.0,17.3367947,78.6028951,-9.552658212982246,-46.221,1.0
2024,1,SOMAJIGUDA,6,849,849,2.0,1.0,4071927.4,20218200.15,6079.0,17.4255053,78.4585197,-6.267983222411594,-34.86,-1.588
2024,1,SRINIVAS NAGAR,7,94,94,6.0,2.0,209125.5,12683943.3,4794.0,17.4402595,78.4451055,-14.461797131758766,-44.338,1.0
2024,1,SUCHITRA,12,226,226,14.0,6.0,629946.33,43209686.15,8809.0,17.5024582,78.4839794,-16.764837433599137,-24.574,36.118
2024,1,SULEMAN NAGAR,16,36,36,13.0,7.0,57688.0,9826625.2,7510.0,17.3486936,78.4231173,-28.590051792067662,-58.82,-3.436
2024,1,SULTAN BAZAR,4,66,66,1.0,0.0,1868698.97,12250677.15,5784.0,17.3870437,78.4869648,-3.423985738728608,-11.371,1.0
2024,1,SURARAM,12,90,90,35.0,17.0,433466.2,9042135.45,10464.0,17.5360946,78.4186386,-5.1367885188728355,-18.138,-0.624
2024,1,TARNAKA,7,267,267,4.0,0.0,9844854.38,18042114.26,5468.0,17.4285479,78.5379433,-2.2643061664055764,-6.6,31.337
2024,1,THATTIKHANA,6,739,739,31.0,2.0,8146294.22,39377992.8,10994.0,17.368368049566055,78.60318365434247,-19.009141170949153,-29.461,1.0
2024,1,THUKKUGUDA,20,1,1,32.0,0.0,21042833.78,18261172.0,8869.0,17.2144718,78.4766647,-10.917572216237312,-14.209,-6.459
2024,1,TOLI CHOWK,3,208,208,11.0,2.0,409783.85,11704528.25,5031.0,17.399517081462932,78.41474423791212,-6.043137507893525,-6.746,-0.009
2024,1,TURKAYAMJAL,22,1,1,57.0,11.0,1857479.07,3520575.35,12103.0,17.2691643,78.5771279,-7.168004578346216,-10.471,-3.471
2024,1,UPPAL,14,67,67,36.0,8.0,553835.46,25356987.87,14482.0,17.4025091,78.5612562,-6.855199090082735,-16.385,1.0
2024,1,USHODAYA,12,55,54,11.0,2.0,67344.35,12930490.5,9647.0,17.384909,78.4388101,-5.100407564636875,-8.085,-1.774
2024,1,VAISHALINAGAR,10,37,37,42.0,1.0,503369.5,16778481.55,10092.0,17.338969152148117,78.54402440653747,-13.665723696483987,-15.8,-7.95
2024,1,VAJPAYEE NAGAR,13,39,39,20.0,12.0,174474.9,12552692.6,8791.0,17.493544000750763,78.45891297321583,-16.764837433599137,-24.574,36.118
2024,1,VANASTHALIPURAM,34,124,124,10.0,1.0,892463.53,20626316.1,7088.0,17.3303179,78.568278,-8.534793235350607,-12.209,-3.889
2024,1,VATTEPALLY,1,2,2,,,256100.0,5903196.5,4076.0,17.3305423,78.4621512,-4.981351632256168,-19.652,1.0
2024,1,VENGALRAONAGAR,6,704,704,8.0,1.0,1189298.83,29975072.71,8350.0,17.442176085833477,78.43833257797534,-14.461797131758766,-44.338,1.0
2024,1,VENKATAPURAM,13,126,126,27.0,16.0,125952.7,7289729.8,6809.0,17.496189,78.5043108,-8.97585561892137,-40.761,-6.248
2024,1,VIGYANPURI,5,54,54,4.0,0.0,3882133.59,11553843.65,4014.0,17.403003650874158,78.51134135120137,-2.1866529029494384,-4.994,1.0
2024,1,VIJAYNAGAR COLONY,3,210,210,6.0,0.0,1230620.73,20012516.65,6193.0,17.3442548,78.5412895,-13.665723696483987,-15.8,-7.95
2024,1,VINAY NAGAR,2,12,12,1.0,1.0,310415.25,10840709.15,5542.0,17.3515414,78.5111106,-9.772093976293876,-15.772,8.35
2024,1,VIVEKANANDA NAGAR,9,160,160,13.0,0.0,874765.87,38654545.45,7151.0,17.3627254,78.5293456,-36.09192193271679,-58.971,1.0
2024,1,YAKATPURA,2,1,1,2.0,0.0,160327.0,11324058.5,7057.0,17.359093387793546,78.4853163967196,-9.772093976293876,-15.772,8.35
2024,1,YAPRAL,13,104,104,84.0,39.0,160629.0,5778441.4,6271.0,17.5030543,78.5407976,-6.247539089917872,-12.503,-0.354
2024,1,YELLAMMABANDA,9,221,221,42.0,19.0,78630.0,12897694.9,9576.0,17.5102678,78.4070824,-46.34703747538678,-48.923,38.884
2024,1,YELLAREDDYGUDA,6,454,453,14.0,0.0,1862796.19,27411155.4,8745.0,17.4333135,78.4415476,-14.461797131758766,-44.338,1.0
2024,1,ZIAGUDA,4,4,4,9.0,0.0,89483.0,8612694.65,5933.0,17.3658951,78.4503072,-6.23629193008042,-14.06,-2.04
2024,2,ADARSHNAGAR,12,21,21,8.0,4.0,11572480.07,15446780.18,5883.0,17.404546984247553,78.47358389715174,-4.225103036755199,-6.03,25.278
2024,2,ADIKMET,5,65,65,3.0,0.0,767674.03,4208197.35,2931.0,17.4095495,78.5130943,-6.672931671786576,-12.052,1.0
2024,2,AHMED NAGAR,3,4,4,2.0,0.0,7251.0,1401909.05,2906.0,17.404066,78.4442286,-1.2240510318391513,-3.314,1.0
2024,2,ALKAPURI,10,459,459,12.0,1.0,1486914.98,9073955.55,8320.0,17.3662342,78.5549781,-15.115934266731193,-24.0,38.681
2024,2,ALLABANDA,4,2,2,6.0,4.0,92551.0,1670501.9,7805.0,17.3803134,78.4577022,-5.100407564636875,-8.085,-1.774
2024,2,ALWAL,13,39,39,13.0,0.0,33614021.34,40455729.55,8822.0,17.5022292,78.5088584,-4.221987933535047,-6.62,-1.252
2024,2,AMBERPET,5,15,15,,,,,,17.3861776,78.5114709,-2.1866529029494384,-4.994,1.0
2024,2,AMEENPUR,24,11,11,49.0,27.0,11679594.44,11882450.55,6832.0,17.5236905,78.3317297,-1.7808493513536299,-2.91,-0.787
2024,2,ASIF NAGAR,3,22,22,7.0,2.0,295399.0,3322207.1,5405.0,17.3857483,78.4505083,-5.100407564636875,-8.085,-1.774
2024,2,ASMANGARH,2,80,80,,,819270.38,5122723.95,5575.0,17.36850992532914,78.51429549554615,-9.772093976293876,-15.772,8.35
2024,2,ATTAPUR,16,315,315,38.0,21.0,394701.0,4148517.05,8743.0,17.3672244,78.4307278,-7.357040143594367,-8.99,1.0
2024,2,AUTONAGAR,34,134,134,67.0,30.0,1767609.88,9749730.3,10141.0,17.3356141,78.5792031,-18.449006726509495,-54.592,-0.173
2024,2,AZAMABAD,5,248,248,9.0,1.0,1212748.23,6846696.55,11028.0,17.4040194,78.5043767,-2.1866529029494384,-4.994,1.0
2024,2,B.N.REDDY NAGAR,34,14,14,20.0,8.0,388640.81,8651228.15,7039.0,17.321914,78.5597937,-8.534793235350607,-12.209,-3.889
2024,2,BACHUPALLY,23,79,79,41.0,6.0,7358368.2,9162739.1,3796.0,17.536648,78.3644736,-77.33563988117173,-83.42,20.074
2024,2,BADANGPET,20,50,50,120.0,30.0,3831515.57,6102476.5,20319.0,17.3383467,78.5222127,-13.665723696483987,-15.8,-7.95
2024,2,BAGH LINGAMPALLY,5,165,165,3.0,0.0,573037.99,5521230.1,6107.0,17.3974359,78.4979706,-2.1866529029494384,-4.994,1.0
2024,2,BAHADURPURA,1,3,3,8.0,0.0,4310888.4,6007970.36,5922.0,17.3570672,78.4545419,-4.981351632256168,-19.652,1.0
2024,2,BALAJINAGAR,9,2215,2215,4.0,0.0,1998881.76,8487814.1,7806.0,17.5149256,78.560679,-7.086502418049685,-10.359,1.0
2024,2,BALANAGAR,9,19,19,4.0,0.0,2080684.32,6140065.88,10809.0,17.4768224,78.4219645,-40.21863524752012,-59.528,-11.334
2024,2,BANDLAGUDA,33,28,28,68.0,34.0,91068.8,5718430.1,7516.0,17.3714879,78.5727265,-19.009141170949153,-29.461,1.0
2024,2,BANJARA HILLS,6,2649,2649,18.0,0.0,14447401.11,24152579.7,10851.0,17.4177464,78.4399014,-6.267983222411594,-34.86,-1.588
2024,2,BARKATPURA,5,159,159,4.0,0.0,1452005.09,6020031.65,6439.0,17.3926121,78.4969683,-2.1866529029494384,-4.994,1.0
2024,2,BEERAMGUDA,24,4,4,61.0,4.0,2091689.48,2255590.8,9459.0,17.5091218,78.3004614,-10.108599999483703,-48.466,12.475
2024,2,BHAGATSINGH NAGAR,12,12,12,5.0,1.0,207290.8,3070965.16,5309.0,17.49324711103568,78.38735077021973,-21.42419514433048,-104.503,-11.263
2024,2,BHAGYANAGAR,9,1113,1113,24.0,0.0,3615915.07,22535770.9,6136.0,17.4076662,78.4957155,-2.1866529029494384,-4.994,1.0
2024,2,BHARATHNAGAR,9,52,51,16.0,0.0,279202.78,4558844.2,6549.0,17.3478913,78.55648,-11.76366817945535,-19.847,-2.831
2024,2,BODUPPAL,19,107,107,136.0,33.0,3036992.4,6079490.8,24375.0,17.3988408,78.5366218,-17.80370829758031,-23.95,-4.554
2024,2,BOIGUDA,7,56,56,11.0,3.0,258663.91,2637603.35,5641.0,17.4286363,78.4969962,-6.740992341257842,-8.752,-0.051
2024,2,BORABANDA,6,294,294,3.0,1.0,203597.6,2778773.7,7113.0,17.4590687,78.4078664,-5.390432301805981,-9.201,-1.035
2024,2,BOUDHANAGAR,7,35,35,2.0,0.0,167156.81,5085354.0,6418.0,17.4160319,78.517419,-6.672931671786576,-12.052,1.0
2024,2,BUDVEL,16,64,64,19.0,1.0,3479614.52,6343884.83,7311.0,17.33298,78.406191,-8.60961196694741,-20.379,1.0
2024,2,CHANCHALGUDA,2,13,13,2.0,0.0,233618.73,2882862.35,5459.0,17.3673732,78.4965799,-9.772093976293876,-15.772,8.35
2024,2,CHANDA NAGAR,15,662,662,12.0,0.0,2981521.98,10774292.5,8790.0,17.4534764,78.3943669,-5.798614192233966,-10.565,-3.21
2024,2,CHANUDLAL BHARADARI,1,2,2,6.0,0.0,481651.77,3069175.7,8558.0,17.35207924290198,78.45954822278678,-4.981351632256168,-19.652,1.0
2024,2,CHANUKYAPURI,13,107,107,18.0,1.0,630172.06,15019227.86,11820.0,17.35903320948377,78.5617337593459,-11.76366817945535,-19.847,-2.831
2024,2,CHEERYAL,19,1,1,5.0,0.0,14854.0,43513.4,1704.0,17.517400264293766,78.62880730733653,-0.6279782950139904,-48.866,1.0
2024,2,CHERLAPALLY,14,16,16,23.0,5.0,224161.61,3393658.55,8202.0,17.4687455,78.6024858,-3.9776102214750892,-28.936,-0.751
2024,2,CHINTAL,12,47,47,14.0,4.0,8677897.58,16026311.45,9602.0,17.5021756,78.440609,-6.350885176856137,-10.305,-2.767
2024,2,CHINTAL BASTHI,3,84,83,6.0,1.0,799412.63,4606577.8,5178.0,17.4073576,78.4567152,-1.2240510318391513,-3.314,1.0
2024,2,DARUL SHIFA,1,2,2,2.0,0.0,537159.2,2553081.0,6264.0,17.366904,78.481078,-3.423985738728608,-11.371,1.0
2024,2,DEEPTHISRI NAGAR,15,785,785,35.0,1.0,1942209.64,11894029.5,4998.0,17.50066559761306,78.33937200961574,-1.7808493513536299,-2.91,-0.787
2024,2,DEFENCE COLONY,13,158,158,19.0,5.0,399035.55,10307318.0,11573.0,17.3176682,78.6117136,-9.552658212982246,-46.221,1.0
2024,2,DHAMMAIGUDA,19,2,2,142.0,36.0,236442.26,1013375.2,10517.0,17.4989069255254,78.59838586027956,-19.770034480776104,-59.541,14.483
2024,2,DILSHUKNAGAR,10,62,62,6.0,2.0,1309313.59,9971553.15,6069.0,17.3710329,78.5254623,-36.09192193271679,-58.971,1.0
2024,2,DOMALGUDA,5,72,72,4.0,0.0,931187.35,6053628.1,5458.0,17.4078455,78.4850003,-4.225103036755199,-6.03,25.278
2024,2,ERRAGADDA,6,512,512,10.0,1.0,1024090.56,10032136.35,6676.0,17.4487999,78.4356074,-4.2143448867979,-7.86,1.0
2024,2,FATHENAGAR,6,698,698,7.0,1.0,4535024.25,10775440.25,7680.0,17.4598339,78.4525504,-4.2143448867979,-7.86,1.0
2024,2,FATHER BALAIAHNAGAR,13,674,674,24.0,4.0,367597.39,8569424.4,5926.0,17.50818327428803,78.4937064516262,-16.764837433599137,-24.574,36.118
2024,2,FILM NAGAR,6,595,595,6.0,0.0,6383522.43,11482011.14,7940.0,17.4140574,78.4105031,-6.043137507893525,-6.746,-0.009
2024,2,GACHIBOWLI,15,1709,1699,63.0,9.0,28776841.6,50293378.13,6498.0,17.4436222,78.3519638,-7.851808252285321,-13.636,1.0
2024,2,GAJULARAMARAM,12,191,191,118.0,43.0,750019.37,14761150.35,7949.0,17.5271759,78.4200077,-5.1367885188728355,-18.138,-0.624
2024,2,GANDHINAGAR,5,254,254,4.0,0.0,1180385.27,4501128.79,5999.0,17.4077928,78.4925707,-4.225103036755199,-6.03,25.278
2024,2,GAYATRI NAGAR,9,1007,1001,32.0,3.0,803670.79,6434270.8,6816.0,17.4566764,78.4035867,-5.798614192233966,-10.565,-3.21
2024,2,GODE-KI-KABAR,4,51,51,,,311499.25,3575926.45,7862.0,17.376976148401162,78.46196399554636,-5.100407564636875,-8.085,-1.774
2024,2,GOLCONDA,3,10,10,2.0,0.0,7139400.5,8921947.44,5885.0,17.3873294,78.4057336,-6.272660829945958,-16.898,-0.04
2024,2,GOWLIGUDA,4,38,38,1.0,0.0,937101.5,5255621.6,4791.0,17.377643,78.4787716,-3.423985738728608,-11.371,1.0
2024,2,GOWLIPURA,33,2,2,5.0,4.0,100600.0,2227817.5,5692.0,17.3462321,78.4799077,-12.123256123445776,-15.781,1.0
2024,2,GOWTHAM NAGAR,13,130,130,8.0,1.0,660198.63,10665027.9,8014.0,17.4539263,78.527344,-4.236881728429952,-6.098,1.0
2024,2,GUNFOUNDRY,4,243,243,4.0,0.0,3306967.17,4755812.6,3780.0,17.3936441,78.4756654,-3.3423306430785304,-5.452,1.0
2024,2,HAFEEZPET,15,4250,4250,31.0,10.0,2928202.66,29737403.25,6578.0,17.4834409,78.3611316,-17.663445787684253,-26.918,1.0
2024,2,HAKEEMPET,3,118,118,5.0,0.0,182288.61,-36592378.35,4478.0,17.4056403,78.4178824,-6.043137507893525,-6.746,-0.009
2024,2,HASMATHPET,9,428,428,15.0,1.0,2109898.12,8474857.75,10051.0,17.4758254,78.4847371,-1.3120815705640303,-1.67,1.0
2024,2,HOUSING BOARD,14,49,49,25.0,8.0,229547.81,4708904.85,9338.0,17.4922068,78.3973638,-21.42419514433048,-104.503,-11.263
2024,2,HUBSIGUDA,14,173,173,15.0,1.0,6519942.73,9387637.68,6965.0,17.412012724821263,78.54561665602095,-7.538105379814497,-8.769,-2.539
2024,2,HYDERGUDA,16,999,999,41.0,12.0,662432.68,8201042.34,6414.0,17.4012791,78.4804894,-4.225103036755199,-6.03,25.278
2024,2,JAGATHGIRIGUTTA,12,21,21,48.0,19.0,333860.81,4016136.3,11396.0,17.4993176,78.4226016,-5.1367885188728355,-18.138,-0.624
2024,2,JALPALLY,20,2,2,212.0,30.0,106023.5,-80103.45,13942.0,17.3061541,78.4738589,-7.546780559786242,-12.3,-1.008
2024,2,JANGAMMET,33,2,2,,,110250.89,1762565.65,4789.0,17.336251,78.4744044,-12.123256123445776,-15.781,1.0
2024,2,JAWAHARNAGAR,25,2,2,843.0,348.0,3391651.84,4553239.2,15303.0,17.437754,78.4845463,-1.9424732071532318,-2.693,-0.068
2024,2,JEEDIMETLA,12,97,97,31.0,5.0,4141731.56,9782406.45,8413.0,17.519687,78.4468876,-6.350885176856137,-10.305,-2.767
2024,2,JILLELAGUDA,20,8,8,30.0,4.0,1040447.1,1374013.0,4930.0,17.3376801,78.5322366,-13.665723696483987,-15.8,-7.95
2024,2,JUBILEE HILLS,6,3129,3129,14.0,0.0,3337003.86,8717231.35,6632.0,17.4308362,78.4102882,-6.043137507893525,-6.746,-0.009
2024,2,KAKATIYA NAGAR,3,122,121,8.0,2.0,386339.82,3730125.55,3997.0,17.4785837,78.5406026,-12.484480768704271,-19.217,1.0
2024,2,KAMALANAGAR,34,184,184,22.0,4.0,489121.83,9911337.6,7910.0,17.4728043,78.566675,-9.045252142363507,-29.864,-0.004
2024,2,KARWAN,3,9,9,5.0,1.0,233999.75,3600150.95,6685.0,17.376013,78.4331894,-7.357040143594367,-8.99,1.0
2024,2,KATEDAN,16,14,14,34.0,15.0,251404.75,3828492.55,7015.0,17.3026835,78.4398207,-1.2653078280464742,-3.218,-0.732
2024,2,KISHAN BAGH,1,1,1,7.0,0.0,193815.42,1409574.4,5053.0,17.3575261,78.44485,-4.981351632256168,-19.652,1.0
2024,2,KISMATHPUR,18,1367,1345,147.0,24.0,2096848.15,4649633.35,13684.0,17.3343045,78.3936455,-14.163095030058026,-19.578,-7.69
2024,2,KOMPALLY,25,2,2,33.0,3.0,1307957.53,1549181.95,4183.0,17.5354868,78.5096979,-4.171070941747054,-7.296,1.0
2024,2,KONDAPUR,15,9115,9115,81.0,20.0,5276757.64,19173046.3,7906.0,17.4587912,78.3730556,-9.15338763082218,-13.794,-3.253
2024,2,KOTHAPETA,10,95,95,11.0,2.0,507058.86,9565292.55,7233.0,17.367222832295177,78.545668383567,-15.115934266731193,-24.0,38.681
2024,2,KPHB,9,4352,4352,21.0,4.0,6394501.18,-4920665275.0,9511.0,17.4939602,78.4008412,-46.34703747538678,-48.923,38.884
2024,2,KUKATPALLY,9,661,661,18.0,0.0,2011941.68,12548387.0,6772.0,17.4930841,78.4054408,-46.34703747538678,-48.923,38.884
2024,2,L.B.NAGAR,34,58,58,18.0,8.0,855102.65,9241027.6,6199.0,17.349846,78.5479412,-36.09192193271679,-58.971,1.0
2024,2,LALAPET,7,29,29,10.0,5.0,3979003.6,5780010.95,6284.0,17.4388301,78.54187,-2.2643061664055764,-6.6,31.337
2024,2,LANGER HOUSE,3,19,19,5.0,0.0,754897.45,3626782.0,7644.0,17.37331,78.41387,-6.272660829945958,-16.898,-0.04
2024,2,LINGOJIGUDA,10,66,66,3.0,0.0,675758.16,7428789.75,7815.0,17.3478809,78.5364577,-36.09192193271679,-58.971,1.0
2024,2,MACHABOLLARAM,13,76,76,61.0,12.0,168866.7,7594807.45,6267.0,17.513866,78.5137342,-4.221987933535047,-6.62,-1.252
2024,2,MADANNAPET,2,1,1,4.0,0.0,150505.8,2102542.45,5891.0,17.3585578,78.4971064,-9.772093976293876,-15.772,8.35
2024,2,MADHAPUR,15,7991,7991,114.0,27.0,50007075.89,82493675.15,12962.0,17.4408924,78.3916304,-5.798614192233966,-10.565,-3.21
2024,2,MAILERDEV PALLY,16,24,24,20.0,8.0,187970.13,7140549.4,7055.0,17.31916516561942,78.44588448683878,-7.546780559786242,-12.3,-1.008
2024,2,MALAKPET,2,15,15,3.0,1.0,756055.3,2402173.15,5147.0,17.3736706,78.4996484,-9.772093976293876,-15.772,8.35
2024,2,MANIKONDA,18,3904,3904,135.0,8.0,6901840.39,7171956.8,8514.0,17.3999951,78.3861689,-8.64049553514247,-16.362,1.0
2024,2,MANSOORABAD,34,240,240,17.0,2.0,656640.58,7813875.9,5773.0,17.3541765,78.5652906,-11.76366817945535,-19.847,-2.831
2024,2,MARREDPALLY,7,183,183,12.0,1.0,706416.5,4025930.3,9196.0,17.4507936,78.5048972,-12.47414140833292,-21.362,12.404
2024,2,MARUTHINAGAR,10,189,189,7.0,0.0,1150213.91,6871655.2,7237.0,17.373499742570825,78.54268265383173,-15.115934266731193,-24.0,38.681
2024,2,MEERPET,20,164,164,23.0,3.0,1729020.24,2769579.65,9864.0,17.4546432,78.5715499,-6.441468392795172,-59.023,1.0
2024,2,MEHIDIPATNAM,3,180,179,13.0,0.0,618234.77,3693044.5,6575.0,17.399943921854806,78.43451065196552,-1.2240510318391513,-3.314,1.0
2024,2,METTUGUDA,7,17,17,3.0,0.0,123826.0,2297942.5,4460.0,17.4355036,78.5195573,-12.47414140833292,-21.362,12.404
2024,2,MISRIGUNJ,1,4,4,3.0,0.0,228375.7,2211509.6,4347.0,17.350101211439146,78.45939390321827,-4.981351632256168,-19.652,1.0
2024,2,MIYAPUR,15,678,678,42.0,12.0,1070282.97,24048549.0,7369.0,17.4981608,78.3567628,-7.088238213409196,-15.663,-1.104
2024,2,MOOSAPET,9,29,29,12.0,3.0,2400776.7,29871714.45,5669.0,17.4685307,78.4206695,-5.390432301805981,-9.201,-1.035
2024,2,MOOSARAMBAGH,2,108,108,3.0,1.0,1099810.29,8737944.4,7827.0,17.3743532,78.5160835,-9.772093976293876,-15.772,8.35
2024,2,MOTI NAGAR,9,321,316,11.0,0.0,216546.58,3701884.8,5785.0,17.4508069,78.422242,-4.2143448867979,-7.86,1.0
2024,2,MUSHEERABAD,5,100,100,3.0,0.0,424574.4,11928386.55,5315.0,17.4191423,78.4985732,-6.740992341257842,-8.752,-0.051
2024,2,MYSARAM,33,1,1,11.0,2.0,19110463.7,20805631.2,5969.0,17.318186408097194,78.48361779724075,-12.123256123445776,-15.781,1.0
2024,2,NACHARAM,14,94,94,20.0,6.0,6701148.57,11726262.18,10927.0,17.4284936,78.5528098,-2.2643061664055764,-6.6,31.337
2024,2,NAGARAM,19,2,2,58.0,20.0,1332262.95,3203918.8,10243.0,17.4910113,78.613677,-3.9776102214750892,-28.936,-0.751
2024,2,NAGOLE,34,13,13,23.0,6.0,174748.72,5767271.75,7692.0,17.3775306,78.5601231,-8.68556577870009,-15.552,1.0
2024,2,NALLAGANDLA,15,3,3,37.0,8.0,2631495.07,13514912.76,8557.0,17.4774828,78.3060359,-29.150105105964958,-58.481,-4.338
2024,2,NALLAGUTTA,7,74,74,8.0,0.0,1169841.24,2965180.05,4753.0,17.4384334,78.4825328,-1.9424732071532318,-2.693,-0.068
2024,2,NARAYANGUDA,5,447,447,6.0,0.0,4118991.41,9033190.6,7167.0,17.3981159,78.4885006,-2.1866529029494384,-4.994,1.0
2024,2,NGO COLONY,34,41,41,7.0,2.0,469148.34,8302863.4,5599.0,17.327964,78.5657291,-8.534793235350607,-12.209,-3.889
2024,2,NIZAMPET,23,2404,2404,28.0,4.0,4279113.7,4016110.3,4371.0,17.4945061,78.4000017,-46.34703747538678,-48.923,38.884
2024,2,OLD MALLEPALLY,3,8,8,3.0,0.0,51912.0,1272164.65,3831.0,17.386722270354426,78.45715718205514,-5.100407564636875,-8.085,-1.774
2024,2,PATANCHERU,15,1,1,27.0,9.0,7272.0,482710.15,7009.0,17.5286092,78.2674254,-15.572393745172485,-19.944,-9.782
2024,2,PATHERGATTI,1,1,1,6.0,1.0,1853471.09,4804976.7,4778.0,17.3659836,78.4754866,-3.423985738728608,-11.371,1.0
2024,2,PEDDA AMBERPET,22,2,2,56.0,17.0,900596.92,4220695.35,9408.0,17.3172848,78.6384505,-13.164451668738684,-102.918,-4.079
2024,2,PEERJADIGUDA,19,378,378,98.0,14.0,1335574.61,2794641.05,15920.0,17.4078747,78.6022666,-11.641342145249197,-19.598,24.579
2024,2,POCHARAM,19,2,2,66.0,35.0,243354.52,396677.0,8427.0,17.1766905,78.6024034,-7.168004578346216,-10.471,-3.471
2024,2,PRAGATHINAGAR,23,2251,2251,20.0,3.0,1652357.51,4477570.8,6047.0,17.3985199,78.5411934,-17.80370829758031,-23.95,-4.554
2024,2,PRAKASHNAGAR,7,156,156,7.0,2.0,3699396.79,15376998.65,9511.0,17.4426888,78.4705479,-1.9424732071532318,-2.693,-0.068
2024,2,RADHIKA,14,110,110,18.0,2.0,479834.55,8748228.65,9816.0,17.4771342,78.563299,-11.611257318416774,-13.556,-0.07
2024,2,RAMACHANDRAPURAM,15,6,6,4.0,1.0,772052.32,4425657.75,7815.0,17.5086345,78.3018685,-10.108599999483703,-48.466,12.475
2024,2,RAMANTHAPUR,14,93,93,32.0,7.0,1779802.23,8109696.75,20206.0,17.3885044,78.5371677,-17.80370829758031,-23.95,-4.554
2024,2,REGIMENTAL BAZAR,7,68,68,1.0,0.0,1368885.57,2820318.75,4295.0,17.4348324,78.5012557,-6.740992341257842,-8.752,-0.051
2024,2,S.P.R HILLS,6,262,262,14.0,2.0,180561.65,2933771.4,10599.0,17.446776445765586,78.41047091648177,-4.2143448867979,-7.86,1.0
2024,2,S.R.NAGAR,6,3412,3412,6.0,1.0,3963749.11,8947915.75,7044.0,17.4417071,78.4416081,-14.461797131758766,-44.338,1.0
2024,2,SAHEBNAGAR,10,215,215,61.0,6.0,559185.84,10807808.75,12201.0,17.3206264,78.5769132,-4.1107347863508155,-15.067,1.203
2024,2,SAIBABA NAGAR,14,79,79,28.0,6.0,31535.2,1687248.5,7095.0,17.4507229,78.4100017,-5.390432301805981,-9.201,-1.035
2024,2,SAIDABAD,2,42,42,7.0,0.0,497584.75,5702126.35,5891.0,17.359533,78.5147979,-9.772093976293876,-15.772,8.35
2024,2,SAINATHPURAM,13,122,122,24.0,3.0,276050.38,7804474.05,11098.0,17.475693,78.5515621,-2.63240210193732,-54.763,1.0
2024,2,SANTOSHNAGAR,2,4,4,2.0,0.0,569503.02,2817448.2,6090.0,17.3467185,78.5081947,-9.772093976293876,-15.772,8.35
2024,2,SAROORNAGAR,10,219,219,5.0,1.0,1021122.57,10005448.7,6770.0,17.3611655,78.5387443,-36.09192193271679,-58.971,1.0
2024,2,SEETHAPALMANDI,7,89,89,5.0,1.0,247394.0,4143373.85,6169.0,17.425757541676237,78.51990378820871,-6.672931671786576,-12.052,1.0
2024,2,SHAIKPET,3,927,926,26.0,7.0,959956.1,8334150.58,8301.0,17.4057955,78.4006536,-6.043137507893525,-6.746,-0.009
2024,2,SHAMSHABAD,20,2,2,10.0,0.0,476797.6,1367131.05,6795.0,17.257207,78.3451039,-9.7840682652234,-13.167,-5.447
2024,2,SHAPOORNAGAR,12,271,271,16.0,4.0,373205.14,4238676.35,8036.0,17.51707481088814,78.44358687789398,-6.350885176856137,-10.305,-2.767
2024,2,SHIVAM,5,125,125,7.0,0.0,1503023.13,4027697.4,8943.0,17.3367947,78.6028951,-9.552658212982246,-46.221,1.0
2024,2,SOMAJIGUDA,6,1181,1181,3.0,0.0,5089697.05,9503392.55,6079.0,17.4255053,78.4585197,-6.267983222411594,-34.86,-1.588
2024,2,SRINIVAS NAGAR,7,99,99,4.0,2.0,294563.65,3049556.25,4794.0,17.4402595,78.4451055,-14.461797131758766,-44.338,1.0
2024,2,SUCHITRA,12,149,149,19.0,3.0,802985.83,17374960.95,8809.0,17.5024582,78.4839794,-16.764837433599137,-24.574,36.118
2024,2,SULEMAN NAGAR,16,43,43,19.0,9.0,117707.59,4131243.3,7510.0,17.3486936,78.4231173,-28.590051792067662,-58.82,-3.436
2024,2,SULTAN BAZAR,4,73,73,4.0,0.0,2117742.58,5911309.0,5784.0,17.3870437,78.4869648,-3.423985738728608,-11.371,1.0
2024,2,SURARAM,12,114,114,30.0,25.0,530166.33,7232603.2,10464.0,17.5360946,78.4186386,-5.1367885188728355,-18.138,-0.624
2024,2,TAPPA CHABUTRA,3,4,4,5.0,0.0,81814.31,1837441.3,5084.0,17.37851781010729,78.44605498735723,-5.100407564636875,-8.085,-1.774
2024,2,TARNAKA,7,361,361,,,10436938.52,18769965.41,5468.0,17.4285479,78.5379433,-2.2643061664055764,-6.6,31.337
2024,2,THATTIKHANA,6,1252,1252,18.0,1.0,7705410.81,13236946.0,10994.0,17.368368049566055,78.60318365434247,-19.009141170949153,-29.461,1.0
2024,2,THOOMKUNTA,25,1,1,52.0,36.0,490209.16,880315.2,3448.0,17.5602279357445,78.55835134770649,-3.931106679410948,-6.3,-0.659
2024,2,THUKKUGUDA,20,1,1,29.0,6.0,20105688.49,17880107.55,8869.0,17.2144718,78.4766647,-10.917572216237312,-14.209,-6.459
2024,2,TOLI CHOWK,3,351,351,18.0,1.0,439568.67,3631041.96,5031.0,17.399517081462932,78.41474423791212,-6.043137507893525,-6.746,-0.009
2024,2,TURKAYAMJAL,22,1,1,111.0,33.0,1588691.33,4333570.05,12103.0,17.2691643,78.5771279,-7.168004578346216,-10.471,-3.471
2024,2,UPPAL,14,143,143,45.0,8.0,907034.98,4743833.52,14482.0,17.4025091,78.5612562,-6.855199090082735,-16.385,1.0
2024,2,USHODAYA,12,39,39,18.0,3.0,185752.6,3462941.7,9647.0,17.384909,78.4388101,-5.100407564636875,-8.085,-1.774
2024,2,VAISHALINAGAR,10,73,73,22.0,3.0,878958.46,16474914.0,10092.0,17.338969152148117,78.54402440653747,-13.665723696483987,-15.8,-7.95
2024,2,VAJPAYEE NAGAR,13,28,28,15.0,4.0,214784.25,7012059.55,8791.0,17.493544000750763,78.45891297321583,-16.764837433599137,-24.574,36.118
2024,2,VANASTHALIPURAM,34,182,182,20.0,8.0,1197221.3,10768897.25,7088.0,17.3303179,78.568278,-8.534793235350607,-12.209,-3.889
2024,2,VATTEPALLY,1,5,4,,,250232.0,1220134.3,4076.0,17.3305423,78.4621512,-4.981351632256168,-19.652,1.0
2024,2,VENGALRAONAGAR,6,1343,1343,10.0,1.0,1609830.08,5481511.8,8350.0,17.442176085833477,78.43833257797534,-14.461797131758766,-44.338,1.0
2024,2,VENKATAPURAM,13,93,93,14.0,3.0,328619.56,6812138.85,6809.0,17.496189,78.5043108,-8.97585561892137,-40.761,-6.248
2024,2,VIGYANPURI,5,47,47,3.0,1.0,3928426.13,5837345.05,4014.0,17.403003650874158,78.51134135120137,-2.1866529029494384,-4.994,1.0
2024,2,VIJAYNAGAR COLONY,3,282,282,4.0,0.0,1310609.41,4905930.25,6193.0,17.3442548,78.5412895,-13.665723696483987,-15.8,-7.95
2024,2,VINAY NAGAR,2,10,10,1.0,0.0,504839.84,4369262.1,5542.0,17.3515414,78.5111106,-9.772093976293876,-15.772,8.35
2024,2,VIVEKANANDA NAGAR,9,129,129,2.0,0.0,1021117.01,5856157.6,7151.0,17.3627254,78.5293456,-36.09192193271679,-58.971,1.0
2024,2,YAPRAL,13,68,68,55.0,6.0,293889.16,7613780.95,6271.0,17.5030543,78.5407976,-6.247539089917872,-12.503,-0.354
2024,2,YELLAMMABANDA,9,447,447,70.0,33.0,175199.0,5528871.35,9576.0,17.5102678,78.4070824,-46.34703747538678,-48.923,38.884
2024,2,YELLAREDDYGUDA,6,933,933,6.0,0.0,1863546.18,17274668.3,8745.0,17.4333135,78.4415476,-14.461797131758766,-44.338,1.0
2024,2,ZIAGUDA,4,1,1,4.0,0.0,95325.0,770662.85,5933.0,17.3658951,78.4503072,-6.23629193008042,-14.06,-2.04
