X,Y,DM_N,DMV_N,HAB_N,Water_Spre
78.05672832,17.16898785,Kondurg,Regadi Chilakamarri,Regadi Chilakama,5.209149439
78.06388517,17.16818084,Kondurg,Regadi Chilakamarri,Regadi Chilakama,2.357678226
78.06525768,17.1305297,Kondurg,Uttaraspalle,Bhirampalle,8.665970279
78.01399201,17.09069433,Chowdergudem,Thoompalle,Kondurg (East),5.573415159
78.03013988,17.09083784,Kondurg,Kondurg(West),Kondurg (East),6.228099261
78.0442514,17.09911185,Kondurg,Kondurg(West),Kondurg (East),2.532006574
78.02646984,17.08279795,Kondurg,Kondurg(West),Kondurg (East),6.927956891
78.02342895,17.0780536,Kondurg,Kondurg(West),Kondurg (East),14.12832267
78.02832833,17.07659571,Kondurg,Cherukupalle,Kondurg (East),24.23911607
78.03412029,17.08348697,Kondurg,Kondurg(West),Kondurg (East),3.014454066
78.04154145,17.07761746,Kondurg,Kondurg (E),Kondurg (East),10.66418106
78.0463474,17.07702693,Kondurg,Kondurg (E),Kondurg (East),4.960105694
78.04554807,17.06473102,Kondurg,Cherukupalle,Tangellapalle,12.58316216
78.0619182,17.05655105,Kondurg,Parvathapur,Tangellapalle,191.5701271
78.07485589,17.04164181,Farooqnagar,Chinchod,Ayodhyapoortanda,70.06978509
78.07265242,17.04630151,Farooqnagar,Chinchod,Ayodhyapoortanda,30.30453609
78.07585298,17.03672895,Farooqnagar,Chinchod,Ayodhyapoortanda,6.065386548
78.03144635,17.05822741,Kondurg,Cherukupalle,Cherukupalle,5.605295723
78.03059799,17.06408261,Kondurg,Cherukupalle,Cherukupalle,4.206994237
78.09399207,17.08459956,Kondurg,Srirangapur,Ramannaguda,1.231519394
78.1529687,17.0909213,Farooqnagar,Elkata,Mohammad Aliguda,80.67192065
78.14930582,17.08186567,Farooqnagar,Elkata,Mohammad Aliguda,44.4596781
78.15549399,17.07308111,Farooqnagar,Elkata,Elkatta,1.227713118
78.1586859,17.06934344,Farooqnagar,Elkata,Elkatta,4.424385881
78.09522187,17.04545265,Farooqnagar,Chinchod,Ayodhyapoortanda,150.5306229
78.13313777,17.04666106,Farooqnagar,Chowlapalle(West),Rangampalli,95.16071454
78.13755659,17.05268663,Farooqnagar,Chowlapalle(West),Rangampalli,6.094911252
78.10581255,17.01649937,Farooqnagar,Chinchod,Kamsanpalle,2.859448556
78.13890613,17.02910483,Farooqnagar,Vittyal,Vittyal,17.40659846
78.11255896,17.00087186,Farooqnagar,Kamsanpalle,Kamsanpalle,9.575841839
78.19268832,16.97135449,Farooqnagar,Burgul, ,10.1805424
78.20925251,16.98295352,Farooqnagar,Burgul,Burgul,15.55088506
78.2018394,17.00603846,Farooqnagar,Raikal,Jangammaguda,43.53386549
78.20492117,17.00627081,Farooqnagar,Raikal,Chilkamarri (Chelka),18.98935311
78.21923885,17.00321149,Farooqnagar,Thimmajipalle,Jangammaguda,13.58238436
78.19800938,17.01580401,Farooqnagar,Raikal,Jangammaguda,10.85259457
78.27841789,17.21914742,Kothur,Gudur,Tallaguda,8.846250063
78.26827436,17.20055914,Kothur,Gudur,Tallaguda,21.91026916
78.27951717,17.20834211,Kothur,Gudur,Tallaguda,6.566402885
78.29421466,17.13457926,Kothur,Kothur,Kothur,50.00115973
78.26292321,17.13482602,Nandigam,Nandigam,Kothur,14.20582844
78.26772638,17.13476295,Nandigam,Nandigam,Kothur,10.36531416
78.30145719,17.12207166,Nandigam,Nandigam,Penjerla,6.095107771
78.31154564,17.11604504,Kothur,Penjerla,Penjerla,10.85258934
78.34374693,17.07848156,Kothur,Seriguda (Bhadrai Palle),Khajiguda,7.971162455
78.34883667,17.07561046,Kothur,Siddapur,Siddapur,4.46021213
78.20246957,17.16260595,Nandigam,Mamidipalle,Mamidipalle,4.026971799
78.19545373,17.15302253,Nandigam,Mamidipalle,Mamidipalle,60.45486338
78.18292116,17.15270535,Nandigam,Mamidipalle,Mamidipalle,6.37532057
78.18787627,17.14105574,Nandigam,Mamidipalle,Mamidipalle,5.392713994
78.19957269,17.13984812,Nandigam,Mamidipalle,Mamidipalle,2.040062924
78.19500853,17.12549031,Nandigam,Edulapalle,Edulapalle,3.031617492
78.22444023,17.12275397,Nandigam,Veerlapalle,Edulapalle,52.9379339
78.18923685,17.09057448,Farooqnagar,Nagulapalle,Farooqnagar   (Pt),89.4336546
78.22789541,17.09932723,Farooqnagar,Chattanpalle,Kothur,13.14502535
78.17710047,17.07971976,Farooqnagar,Elkata,Farooqnagar   (Pt),4.085181075
78.18680481,17.07515484,Farooqnagar,Farooqnagar(U.A), ,17.46145172
78.16455888,17.05738036,Farooqnagar,Krishnanagar,Elkatta,29.11788637
78.16274397,17.04662541,Farooqnagar,Krishnanagar,Elkatta,14.48985169
78.17511945,17.05193132,Farooqnagar,Krishnanagar, ,8.752618268
78.18104293,17.05030507,Farooqnagar,Hajipalli,Hajipalle,23.04944917
78.19110849,17.0517382,Farooqnagar,Gundlakunta,Hajipalle,4.201999334
78.19508081,17.05551878,Farooqnagar,Gundlakunta,Allisabguda U.I.,1.369861769
78.18526494,17.06244754,Farooqnagar,Hajipalli, ,2.74778986
78.18976087,17.0311496,Farooqnagar,Annaram,Annaram,9.973590215
78.21041934,17.0614628,Farooqnagar,Farooqnagar(U.A),Allisabguda U.I.,4.407122884
78.21010862,17.06978527,Farooqnagar,Farooqnagar(U.A), ,1.42268994
78.24227504,17.05972973,Farooqnagar,Buchiguda,Allisabguda U.I.,21.78962805
78.23409248,17.02564482,Farooqnagar,Kammadanam,Kammadanam,17.27820696
78.22859752,16.98734485,Farooqnagar,Burgul, ,11.11953792
78.06488493,17.18348423,Kondurg,Regadi Chilakamarri, ,19.54237463
77.97427531,17.09354929,Chowdergudem,Padmaram,Jilled,18.20261304
77.99161688,17.08842476,Chowdergudem,Chowdargudem(Jilled),Jilled,3.974579408
77.9913387,17.08649139,Chowdergudem,Chowdargudem(Jilled),Jilled,5.557745294
77.970923,17.08353616,Chowdergudem,Padmaram,Elkaguda,11.28877788
77.96179696,17.05611289,Chowdergudem,Pedda Yelkicherla,Veerannapeta,29.3230224
77.92393886,17.05692906,Chowdergudem,Pedda Yelkicherla,Galligudem,1.909469452
77.94976396,17.03497821,Chowdergudem,Pedda Yelkicherla,Veerannapeta,16.19158157
77.97239435,17.04055757,Chowdergudem,Chegireddy Ghanpur,Veerannapeta,14.14359379
77.99553867,17.00637849,Chowdergudem,Gunjalapahad,Jakaram,3.646144972
78.00130467,17.02161984,Chowdergudem,Edira,Edira,169.7467755
78.02046656,17.03235203,Chowdergudem,Edira,Edira,14.88552833
78.02378488,17.03378282,Chowdergudem,Edira,Edira,5.79348172
78.01289841,17.02504255,Chowdergudem,Edira,Kilat Nagar,6.566826079
78.06054436,17.02540185,Kondurg,Agiryal,Venkiryal,7.005794201
78.0793584,17.0135292,Farooqnagar,Chinchod,Venkiryal,5.914715859
78.00401325,16.99038981,Chowdergudem,Chalivendrampalle,Jakaram,17.92016278
78.0961729,17.00858663,Farooqnagar,Chinchod,Ayyawari Palle,18.47406935
78.10376499,16.98830247,Farooqnagar,Bhemaram,Ayyawari Palle,10.73347879
78.07518913,17.05265477,Farooqnagar,Chinchod,Ayodhyapoortanda,2.829530028
78.13378637,17.00469695,Farooqnagar,Kamsanpalle,Kamsanpalle,3.249538282
78.18239514,17.00055915,Farooqnagar,Raikal, ,1.602170003
78.25580308,17.08569451,Nandigam,Nandigam,Dooskal,8.036504099
78.2856093,17.08789269,Kothur,Inmulnarva,Kothur,18.05169837
78.30132656,17.074704,Kothur,Inmulnarva,Kangaguda,17.75975052
78.27822807,17.08012781,Nandigam,Nandigam,Dooskal,4.295562874
78.28876579,17.07303808,Kothur,Inmulnarva,Kondannaguda,9.160144689
78.28465474,17.06128387,Farooqnagar,Veljerla(II),Kondannaguda,1.780318072
78.3030051,17.06576351,Kothur,Inmulnarva,Kangaguda,23.69476501
78.29157827,17.0595724,Farooqnagar,Veljerla(II),Kangaguda,4.613571554
78.27828134,17.05618899,Farooqnagar,Kondannaguda,Kondannaguda,1.372701558
78.28770169,17.04045917,Farooqnagar,Veljerla(II),Kangaguda,6.408561302
78.29327215,17.04633673,Farooqnagar,Veljerla(II),Kangaguda,15.24435401
78.3158144,17.03250489,Keshampeta,Sangam,Kangaguda,10.66159297
78.29123692,17.01943413,Farooqnagar,Veljerla (I),Kangaguda,11.46055596
78.29580084,17.01468722,Keshampeta,Sangam,Dattaipalle,3.496451189
78.3020778,17.01219238,Keshampeta,Sangam,Dattaipalle,3.844701945
78.31717564,17.0063863,Keshampeta,Sangam,Engulamadugu Tanda,5.724225155
78.32459862,17.01333937,Keshampeta,Eklaskhanpeta,Engulamadugu Tanda,12.90357828
78.33037922,17.03360611,Keshampeta,Eklaskhanpeta,Engulamadugu Tanda,3.495581905
78.32224285,17.06253969,Kothur,Inmulnarva,Siddapur,1.770393495
78.33705965,17.05767398,Kothur,Siddapur,Siddapur,33.31633454
78.33425515,17.02987657,Keshampeta,Eklaskhanpeta,Engulamadugu Tanda,6.520340936
78.3410341,17.0254103,Keshampeta,Eklaskhanpeta,Eklaskhanpeta,10.73222948
78.34724879,17.02761083,Keshampeta,Bhairkhanpalle,Eklaskhanpeta,28.5333731
78.34561212,17.02178456,Keshampeta,Alwal,Eklaskhanpeta,2.664267218
78.40519921,17.01347668,Keshampeta,Santhapur, ,12.87847356
78.40053307,17.01274331,Keshampeta,Santhapur, ,8.457167636
78.38654058,17.00432382,Keshampeta,Santhapur,Santhapur,2.075587093
78.25745444,16.97050723,Farooqnagar,Madhurapur,Madhurapuram,4.644231699
78.26611172,16.97625572,Farooqnagar,Seriguda-Madhurapur,Madhurapuram,9.057172367
78.26738643,16.98092395,Farooqnagar,Seriguda-Madhurapur,Seriguda,16.75474478
78.25058513,16.97609887,Farooqnagar,Madhurapur, ,5.365474065
78.30704507,16.88027092,Keshampeta,Thommidirekula,Ekuvaipally,11.043367
78.29985013,16.97279613,Keshampeta,Vemulanarva,Vemulanarva,25.30226793
78.31716611,16.97526991,Keshampeta,Vemulanarva,Vemulanarva,6.610364988
78.30524435,16.98636134,Keshampeta,Vemulanarva,Dattaipalle,7.237340633
78.28611937,16.98825713,Keshampeta,Ippalapalle,Ippalapalle,8.561063859
78.34051837,16.96645455,Keshampeta,Keshampet,Keshampeta,15.73481056
78.33978824,16.9711601,Keshampeta,Keshampet,Keshampeta,15.13121968
78.34292847,16.84395765,Talakondapalle,Antharam,Julapalle,6.277633528
78.3432832,16.83989179,Talakondapalle,Antharam,Julapalle,4.225627918
78.34983238,16.84209536,Talakondapalle,Antharam,Julapalle,7.526969927
78.35483109,16.8428714,Talakondapalle,Antharam,Julapalle,26.49324496
78.3764855,16.84669609,Talakondapalle,Chandradana,Chandradana,6.495976432
78.38737644,16.86323695,Talakondapalle,Chandradana,Nirdavally,29.75985936
78.39714388,16.86453767,Talakondapalle,Chandradana,Nirdavally,27.96721337
78.39273347,16.87086584,Talakondapalle,Chandradana,Nirdavally,10.49114358
78.39148128,16.88113649,Talakondapalle,Badnapur,Nirdavally,12.12870766
78.35101907,16.82858822,Talakondapalle,Antharam,Julapalle,28.21039656
78.36996356,16.81815547,Talakondapalle,Veljala,Venkatapur,138.1596127
78.38875422,16.80142898,Talakondapalle,Veljala, ,8.45273787
78.34278599,16.80994153,Talakondapalle,Veljala,Venkatapur,5.290016399
78.3378795,16.81741898,Talakondapalle,Venkatapurpatti Veljala, ,6.905753038
78.34817451,16.79863144,Talakondapalle,Veljala,Irrai Palle,6.709471448
78.35140017,16.79934653,Talakondapalle,Veljala,Irrai Palle,5.177231986
78.39889656,16.82179128,Talakondapalle,Veljala,Venkatapur,15.97305512
78.38332298,16.79947643,Talakondapalle,Thimmapur,Thimmapur (U.I),1.175137107
78.42088216,16.85576254,Talakondapalle,Rampur,Chandradana,149.7324207
78.42833994,16.86187886,Talakondapalle,Rampur,Chandradana,23.01572528
78.43394653,16.85677786,Talakondapalle,Rampur,Chandradana,29.59916334
78.43119,16.86693379,Talakondapalle,Rampur,Chandradana,25.77725439
78.4339267,16.8734745,Talakondapalle,Rampur,Cheepunuthala,23.02452492
78.40828021,16.88901714,Talakondapalle,Talakondapalle,Lingaraopalle,2.738210147
78.41451506,16.88416183,Talakondapalle,Talakondapalle,Lingaraopalle,11.64484209
78.41268361,16.83371931,Talakondapalle,Medakpalle,Medakpalle,7.495657092
78.42608723,16.8435052,Talakondapalle,Medakpalle,Medakpalle,6.835728407
78.45568129,16.87859356,Talakondapalle,Chukkapur,Cheepunuthala,6.011604098
78.36426758,16.93005491,Keshampeta,Bodanampalle,Bodanampalle,25.00325155
78.37092115,16.93577584,Keshampeta,Bodanampalle,Seriramakrishnapur,32.67249875
78.37185701,16.94699445,Keshampeta,Keshampet, ,5.271654704
78.36622286,16.96466379,Keshampeta,Keshampet,Keshampeta,65.93633099
78.36319297,16.9689893,Keshampeta,Keshampet,Keshampeta,8.457445231
78.37812395,16.97237431,Keshampeta,Santhapur, ,13.24993824
78.37094249,16.98225511,Keshampeta,Kothapeta, ,20.11484988
78.43275015,16.99190599,Kadthal,Ravichedu,Madalakunta Tanda,3.64056589
78.41995616,16.98818632,Kadthal,Ravichedu,Ravichedu,3.370098267
78.42330138,16.98581855,Kadthal,Ravichedu,Ravichedu,1.536517659
78.44412616,16.98598301,Kadthal,Nyamathapur,Madalakunta Tanda,6.339876679
78.40793938,16.98210178,Kadthal,Ravichedu, ,16.50626602
78.40275949,16.96711532,Keshampeta,Chowlapalle(East), ,5.736366518
78.3850822,16.94644151,Keshampeta,Chowlapalle(East),Seriramakrishnapur,1.959890525
78.39367962,16.95173433,Keshampeta,Chowlapalle(East),Seriramakrishnapur,4.222009368
78.39786508,16.95322009,Keshampeta,Chowlapalle(East),Seriramakrishnapur,5.234678433
78.41140789,16.94560194,Talakondapalle,Padakal,Seriramakrishnapur,15.11512886
78.44515171,16.96845479,Kadthal,Makthamadharam,Makthamadharam,4.352791944
78.43278018,16.97389683,Kadthal,Ravichedu,Madalakunta Tanda,9.167767797
78.4494738,16.97401724,Kadthal,Makthamadharam,Madalakunta Tanda,3.319458501
78.4560114,16.96476064,Kadthal,Makthamadharam,Makthamadharam,4.552324872
78.46981922,16.97056992,Kadthal,Kadthal,Makthamadharam,2.59447083
78.48627826,16.98542257,Kadthal,Kadthal,Vampuguda,15.54372428
78.49361139,16.98663594,Kadthal,Kadthal,Vampuguda,16.79676651
78.49190916,16.99120095,Kadthal,Kadthal,Ekrajguda U.I.,5.67314254
78.50335934,17.00484809,Kadthal,Ekrajguda,Ekrajguda U.I.,24.41827068
78.50851946,17.00038734,Kadthal,Kadthal,Ekrajguda U.I.,1.87578906
78.53507168,16.9783577,Kadthal,Kadthal,Vampuguda,13.46407785
78.53827212,16.98631805,Kadthal,Kadthal,Vampuguda,3.478488738
78.54574148,16.98338982,Kadthal,Kadthal,Vampuguda,4.625944033
78.51858869,16.95164861,Kadthal,Vampuguda,Karkalpahad,2.947799784
78.50867368,16.96134629,Kadthal,Kadthal,Vampuguda,1.812625217
78.48698746,16.96196841,Kadthal,Vampuguda,Vampuguda,1.988566915
78.56871191,16.96141822,Kadthal,Mudwin,Govindapalle,4.266525396
78.5624081,16.93635543,Kadthal,Mudwin,Govindapalle,25.1619672
78.55696871,16.93658937,Kadthal,Mudwin,Govindapalle,13.81066544
78.56811782,16.92748028,Kadthal,Mudwin,Govindapalle,3.68158241
78.57006353,16.92057133,Kadthal,Mudwin,Govindapalle,16.60218476
78.5688812,16.91382161,Kadthal,Mudwin,Govindapalle,2.660548826
78.57845254,16.91492778,Kadthal,Mudwin,Govindapalle,2.647294586
78.57964686,16.90896539,Kadthal,Mudwin,Govindapalle,1.882884687
78.59163328,16.90889832,Kadthal,Mudwin,Govindapalle,10.38794794
78.59300939,16.89474487,Kadthal,Mudwin,Govindapalle,6.584342671
78.60567461,16.89075903,Amangal,Akuthotapalle,Settipalle,7.02389846
78.61359783,16.88765113,Amangal,Akuthotapalle,Settipalle,13.51588903
78.58898314,16.92670244,Kadthal,Mudwin,Govindapalle,19.29827656
78.61272698,16.91953044,Kadthal,Cherikonda(P.Kurty),Mudwin,1.145368942
78.64581391,16.90833558,Kadthal,Cherikonda(P.Kurty),Cherikondapatti,24.4664751
78.62612743,16.89402453,Amangal,Settipalle,Nagilla,90.69320414
78.64616643,16.8920457,Madgul,Nagilla,Nagilla,5.225123645
78.58227506,16.88354088,Amangal,Akuthotapalle, ,3.427127559
78.65249678,16.94379243,Kadthal,Cherikondapattipadkal,Cherikondapatti,5.261612988
78.6271117,16.87992169,Amangal,Settipalle,Dodlapahad,0.674007657
78.61925044,16.87223676,Amangal,Settipalle,Akuthotapalle,17.01727154
78.59872668,16.86884278,Amangal,Akuthotapalle,Akuthotapalle,5.395217023
78.52331317,16.85643672,Amangal,Amangal,Chennaram,212.7498493
78.52300413,16.87723287,Amangal,Amangal,Chennaram,35.62076945
78.53386946,16.880215,Amangal,Amangal,Chennaram,10.73906325
78.52007578,16.88894283,Amangal,Vithaipalli,Chennaram,2.082461615
78.55663749,16.88076566,Amangal,Akuthotapalle, ,6.654018528
78.43619037,16.79667013,Talakondapalle,Gattu Ippalapalle,Balsulpalle Tanda,42.34529094
78.45179967,16.82088002,Talakondapalle,Venkatraopeta,Venkatraopeta,15.71380138
78.45379149,16.83741187,Talakondapalle,Venkatraopeta,Venkatraopeta,8.555241876
78.47929647,16.85338529,Talakondapalle,Khanapur,Chennaram,5.835937537
78.47665219,16.85588889,Talakondapalle,Khanapur,Chennaram,7.210316373
78.47054278,16.87391567,Talakondapalle,Chukkapur,Cheepunuthala,14.21879174
78.43970876,16.91022235,Talakondapalle,Cheepunuthala,Pedduri Tanda,14.58254952
78.45133535,16.91190986,Talakondapalle,Cheepunuthala,Pedduri Tanda,53.27342417
78.468223,16.89094734,Talakondapalle,Chukkapur, ,70.28929317
78.46405943,16.87596884,Talakondapalle,Chukkapur,Cheepunuthala,31.12500484
78.4699741,16.86862606,Talakondapalle,Chukkapur,Cheepunuthala,10.38509736
78.48858391,16.84905802,Amangal,Amangal,Chennaram,4.232822824
78.4758537,16.84571949,Talakondapalle,Garvipalle,Chennaram,6.970548112
78.38811811,16.93364614,Talakondapalle,Padakal,Seriramakrishnapur,10.31446289
78.39577562,16.93146386,Talakondapalle,Padakal,Seriramakrishnapur,24.26543948
78.4221667,16.93198683,Talakondapalle,Padakal,Seriramakrishnapur,9.080366236
78.42099264,16.92740651,Talakondapalle,Padakal,Seriramakrishnapur,3.695252962
78.43163097,16.91592633,Talakondapalle,Padakal,Pedduri Tanda,2.080006143
78.4790768,16.89216281,Talakondapalle,Yadavalli,Yadavalli,2.807227009
78.49044141,16.88584148,Talakondapalle,Chennaram,Chennaram,8.441952137
78.48338628,16.83128494,Talakondapalle,Venkatraopeta,Kulkuarala Tanda,1.410655407
78.49380001,16.84478025,Amangal,Amangal,Chennaram,2.933045459
78.50840519,16.86379869,Amangal,Amangal,Chennaram,4.259904633
78.50095053,16.89607495,Talakondapalle,Chennaram, ,3.378069052
78.49958387,16.88226818,Amangal,Amangal,Chennaram,9.786560697
78.50957701,16.92541323,Kadthal,Vasudevapur,Vasudevapur,3.246621034
78.500964,16.94051528,Kadthal,Vampuguda,Balajinagar Tanda,2.373534528
78.47826396,16.93646616,Kadthal,Chellampalle,Chellampalle,4.198461124
78.68145424,16.87917357,Madgul,Appareddipalle,Appareddipalle,12.96698297
78.77152981,16.85746732,Madgul,Anneboinpalle,Ramanampalle U.I,12.47861418
78.74835033,16.79311685,Madgul,Girikothapalle,Amur Tanda,46.06310553
78.76116516,16.7736855,Madgul,Girikothapalle,Amur Tanda,38.60765335
78.7447412,16.77349747,Madgul,Girikothapalle,Andugul,3.117115623
78.73187684,16.77234465,Madgul,Girikothapalle,Nallacheruvu,20.27865714
78.72560212,16.75344586,Madgul,Girikothapalle,Rampur,29.16487661
78.69441506,16.76173418,Madgul,Irwin,Irwin,30.86224793
78.68708487,16.76841641,Madgul,Irwin,Irwin,4.330562144
78.69342205,16.78389112,Madgul,Irwin,Irwin,150.7704907
78.65270319,16.8110513,Madgul,Kalakonda,Thurkalkunta,64.59600078
78.61195726,16.84438816,Amangal,Singam palle,Singam Palle,23.09373597
78.62250452,16.84971538,Madgul,Aurpalle,Akuthotapalle,3.489504953
78.56990335,16.85286818,Amangal,Amangal,Jangareddypalle,7.510570192
78.57175134,16.85724884,Amangal,Amangal,Jangareddypalle,2.286174516
78.56277239,16.86633096,Amangal,Amangal,Jangareddypalle,10.74656992
78.56694977,16.86353577,Amangal,Amangal,Jangareddypalle,8.109582119
78.56436094,16.84669168,Amangal,Amangal,Jangareddypalle,25.039099
78.56042114,16.85201691,Amangal,Amangal,Jangareddypalle,6.468150106
78.55482361,16.84424688,Amangal,Amangal,Chennaram,2.496116838
78.55168076,16.84556923,Amangal,Amangal,Chennaram,1.651761593
78.54676384,16.85255273,Amangal,Amangal,Chennaram,4.433291786
78.54475259,16.8554397,Amangal,Amangal,Chennaram,2.841363404
78.54788021,16.86327042,Amangal,Amangal,Chennaram,9.49822179
78.5983377,16.82158134,Amangal,Polepalle,Chennampalle,4.313883363
78.60198629,16.81470901,Amangal,Polepalle,Thurkalkunta,8.324635631
78.60655104,16.80735543,Amangal,Polepalle,Polepalle,8.474617311
78.59328423,16.81426739,Amangal,Polepalle,Chennampalle,10.68269424
78.5974908,16.80968219,Amangal,Polepalle,Chennampalle,5.626267829
78.6011688,16.80239054,Amangal,Polepalle,Polepalle,2.01904006
78.59714609,16.80068802,Amangal,Polepalle,Polepalle,11.86780295
78.58631859,16.81322439,Amangal,Polepalle,Chennampalle,3.180704371
78.58507067,16.86880401,Amangal,Akuthotapalle, ,6.500330715
78.57888023,16.87030079,Amangal,Akuthotapalle, ,12.19220176
78.46730399,16.79764646,Talakondapalle,Gattu Ippalapalle,Golloni Palle,28.9117679
78.46669602,16.78728347,Talakondapalle,Gattu Ippalapalle, ,5.490111516
78.77318475,16.82538728,Madgul,Arkapalle,Ramanampalle U.I,4.139773686
78.21475057,17.14268313,Nandigam,Edulapalle,Mamidipalle,3.409820862
78.31791674,16.98907776,Keshampeta,Vemulanarva,Dattaipalle,87.586986
78.25656844,16.98899933,Farooqnagar,Madhurapur,Seriguda,12.4636252
78.42874024,16.82393142,Talakondapalle,Gattu Ippalapalle, ,1.3102506
78.44912151,16.8019608,Talakondapalle,Gattu Ippalapalle,Balsulpalle Tanda,45.49947541
78.52055917,16.87062801,Amangal,Amangal,Chennaram,6.86912377
78.51484055,16.87015463,Amangal,Amangal,Chennaram,2.514220653
78.47641471,16.91004897,Talakondapalle,Yadavalli, ,26.74974847
78.73978342,16.79313673,Madgul,Irwin,Nallacheruvu,1.479651193
78.54943913,16.83720679,Amangal,Amangal,Chennaram,3.140157921
78.54679906,16.83761008,Amangal,Amangal,Chennaram,5.494410919
78.58699534,16.83351886,Amangal,Chennampalle,Chennampalle,2.629163453
78.60855255,16.90161299,Kadthal,Mudwin, ,5.722755384
78.61898657,16.95621849,Kadthal,Cherikonda(P.Kurty),Mudwin,1.412711619
78.50850968,16.82568269,Amangal,Amangal,Kulkuarala Tanda,2.519595246
78.50285881,16.82662447,Amangal,Amangal,Kulkuarala Tanda,3.087443417
78.55638346,16.86806478,Amangal,Amangal,Chennaram,1.349038899
78.07642093,17.02396844,Kondurg,Agiryal,Venkiryal,1.690584674
78.30607529,16.96510404,Keshampeta,Chintakuntapalle,Chintakuntapalle,32.40701579
78.30389388,16.96768708,Keshampeta,Vemulanarva,Chintakuntapalle,0.000456712
78.12757345,17.10183553,Farooqnagar,Mogalagidda,Mogalagidda,4.033090516
78.06926108,17.17946502,Kondurg,Regadi Chilakamarri,Regadi Chilakama,4.028194775
78.01650834,17.09452721,Chowdergudem,Thoompalle,Kondurg (East),2.662395368
78.07920001,17.09168316,Kondurg,Srirangapur,Pulusumamidi,5.813961856
78.04800008,17.08625559,Kondurg,Kondurg (E),Kondurg (East),3.01837364
78.00055173,17.0877896,Chowdergudem,Indranagar,Chowderguda,7.193846695
78.00727478,17.08359093,Chowdergudem,Indranagar,Chowderguda,4.410726569
78.04377534,17.07974286,Kondurg,Kondurg (E),Kondurg (East),2.397853789
78.06470041,17.07690423,Kondurg,Mahadevpoor,Parvathpur,36.11542058
78.08243556,17.03191908,Farooqnagar,Chinchod,Ayodhyapoortanda,10.45343089
78.0611347,17.0409636,Kondurg,Tangellapalle,Tangellapalle,7.639142326
78.02812481,17.0681388,Kondurg,Cherukupalle,Chekkanoniguda,10.14588347
78.02892049,17.06746963,Kondurg,Cherukupalle,Chekkanoniguda,9.196599417
78.10815719,17.08148452,Farooqnagar,Mogalagidda,Mogalagidda,38.84747666
78.16173096,17.08515415,Farooqnagar,Elkata,Mohammad Aliguda,2.852185651
78.16937387,17.07901622,Farooqnagar,Elkata,Mohammad Aliguda,6.753131365
78.13747708,17.06611994,Farooqnagar,Elkata,Rangampalli,18.15824452
78.09083476,17.05409275,Farooqnagar,Chinchod,Ramannaguda,61.14473652
78.10684066,17.05341615,Farooqnagar,Kandivanam,Ramannaguda,21.76821805
78.12366388,17.05918602,Farooqnagar,Chowlapalle(West),Rangampalli,5.797146848
78.12043256,17.05423308,Farooqnagar,Chowlapalle(West),Rangampalli,11.78739775
78.11278734,17.03276119,Farooqnagar,Chinchod,Ayodhyapoortanda,22.41549582
78.1069574,17.02830491,Farooqnagar,Chinchod,Ayodhyapoortanda,86.04430058
78.10962299,17.00801764,Farooqnagar,Kamsanpalle,Kamsanpalle,40.17547484
78.1148506,17.01126239,Farooqnagar,Kamsanpalle,Kamsanpalle,13.14923789
78.11672199,17.01535346,Farooqnagar,Kamsanpalle,Kamsanpalle,22.02245754
78.12353366,17.01921664,Farooqnagar,Kamsanpalle,Kamsanpalle,5.00212299
78.1514122,17.00876628,Farooqnagar,Vittyal, ,41.02486589
78.18043518,17.02121884,Farooqnagar,Annaram,Annaram,10.24053465
78.2497922,17.19011103,Kothur,Mallapur,Thurkaguda (U.I.),3.581594631
78.25046951,17.17872759,Kothur,Mallapur,Thurkaguda (U.I.),6.145281813
78.28241155,17.16558318,Kothur,Kothur,Kummariguda,11.74688662
78.28074091,17.15862469,Kothur,Kothur,Narsappaguda,29.96607808
78.28354691,17.14947063,Kothur,Kothur,Narsappaguda,50.19116104
78.25881677,17.1512334,Kothur,Mallapur,Narsappaguda,183.5563739
78.27907581,17.14378049,Kothur,Kothur,Kothur,6.35912747
78.32576775,17.11378385,Kothur,Penjerla,Penjerla,20.71894158
78.32912153,17.1045439,Kothur,Penjerla,Joshiguda,24.6649931
78.34052182,17.0964369,Kothur,Kodicherla,Joshiguda,10.12145774
78.33490733,17.08690401,Kothur,Kodicherla,Khajiguda,15.2614379
78.22760605,17.19878973,Kothur,Mallapur,Maddur,37.01724779
78.21516385,17.19007694,Kothur,Mallapur,Mamidipalle,5.231799281
78.21603968,17.18126216,Nandigam,Chegur,Mamidipalle,5.79083816
78.23278737,17.18977944,Kothur,Mallapur,Mamidipalle,4.886511917
78.23993113,17.17359203,Kothur,Mallapur,Chegur,37.68580805
78.23146032,17.17208908,Kothur,Mallapur,Chegur,5.362260898
78.22386239,17.17123417,Nandigam,Chegur,Mamidipalle,5.306104116
78.18572109,17.15809882,Nandigam,Mamidipalle,Mamidipalle,18.00273491
78.17912426,17.14745767,Nandigam,Mamidipalle,Mamidipalle,18.35468203
78.19034929,17.14123696,Nandigam,Mamidipalle,Mamidipalle,3.26671461
78.19442381,17.14088968,Nandigam,Mamidipalle,Mamidipalle,8.501637955
78.20317884,17.13658511,Nandigam,Edulapalle,Edulapalle,17.3743376
78.18536533,17.13222745,Nandigam,Edulapalle,Edulapalle,84.65013268
78.19388772,17.13193802,Nandigam,Edulapalle,Edulapalle,15.80309429
78.21944111,17.13206728,Nandigam,Veerlapalle,Edulapalle,28.82360133
78.23213605,17.1306534,Nandigam,Veerlapalle,Appareddyguda,9.066429135
78.24371354,17.12353088,Nandigam,Nandigam,Appareddyguda,25.314377
78.21642683,17.12068701,Nandigam,Edulapalle, ,12.93006138
78.18896252,17.10534487,Farooqnagar,Nagulapalle,Farooqnagar   (Pt),21.38261263
78.23013911,17.08568699,Farooqnagar,Chattanpalle,Chattanpalle,15.12064837
78.19909479,17.07610301,Farooqnagar,Farooqnagar(U.A), ,7.390723464
78.17478826,17.03255099,Farooqnagar,Krishnanagar,Annaram,20.74029446
78.16891902,17.02534582,Farooqnagar,Annaram,Annaram,7.628758326
78.20769491,17.04630907,Farooqnagar,Solipur,Allisabguda U.I.,30.08531087
78.23847096,17.0494195,Farooqnagar,Buchiguda,Allisabguda U.I.,8.865616227
78.23668879,17.00173677,Farooqnagar,Gantlavelli,Gantlavelli,4.65790541
78.23208112,16.95841412,Farooqnagar,Burgul,Burgul,5.436010178
77.9923687,17.08320261,Chowdergudem,Chowdargudem(Jilled),Jilled,7.584964355
77.98841792,17.08299033,Chowdergudem,Chowdargudem(Jilled),Jilled,12.61525711
77.99698912,17.0689809,Chowdergudem,Gurrampalle,Gurrampalle,96.41141104
77.99079325,17.05660621,Chowdergudem,Gurrampalle, ,40.4951798
77.95729622,17.06581236,Chowdergudem,Pedda Yelkicherla,Veerannapeta,45.2873411
77.96946844,17.05708951,Chowdergudem,Chegireddy Ghanpur,Veerannapeta,16.56429204
77.95460767,17.0569183,Chowdergudem,Pedda Yelkicherla,Veerannapeta,10.23425232
77.94525265,17.05547083,Chowdergudem,Pedda Yelkicherla,Veerannapeta,73.99618506
77.94116646,17.04551169,Chowdergudem,Pedda Yelkicherla,Galligudem,3.901675859
77.97908057,17.04993756,Chowdergudem,Chegireddy Ghanpur,Chegireddi Ghanpur,9.818618364
77.97459167,17.0437965,Chowdergudem,Chegireddy Ghanpur,Veerannapeta,6.346417244
77.97220843,17.02547792,Chowdergudem,Edira, ,13.88713594
77.96413936,17.02065127,Chowdergudem,Malkapahad, ,15.56094962
77.96946346,17.02117357,Chowdergudem,Malkapahad, ,2.119829619
77.9821822,17.01463204,Chowdergudem,Edira,Kilat Nagar,23.26542125
77.98052946,17.00787471,Chowdergudem,Jakaram,Jakaram,17.6885089
77.98830861,17.00406408,Chowdergudem,Gunjalapahad,Jakaram,20.00487327
77.99348839,17.02934677,Chowdergudem,Edira,Edira,17.35722946
78.00464343,17.01163524,Chowdergudem,Edira,Kilat Nagar,19.0037035
78.00917286,17.04364563,Chowdergudem,Raviryal,Raviryal,6.122602248
78.01487374,17.01767565,Chowdergudem,Edira,Kilat Nagar,8.412735458
78.03737482,17.02418203,Kondurg,Venkiryal, ,46.71470723
78.03926215,17.03177955,Kondurg,Venkiryal, ,5.333530821
78.09830985,16.99694609,Farooqnagar,Bhemaram,Ayyawari Palle,4.159915388
78.25376774,17.11539689,Nandigam,Nandigam,Kothur,62.41897945
78.26180115,17.10865156,Nandigam,Nandigam,Kothur,19.76007016
78.26781185,17.10031785,Nandigam,Nandigam,Kothur,18.02832491
78.26440587,17.09773387,Nandigam,Nandigam,Kothur,3.729931373
78.2889539,17.1185125,Nandigam,Nandigam,Kothur,23.81252047
78.29074469,17.10745436,Nandigam,Nandigam,Penjerla,11.62852526
78.27498523,17.11883229,Nandigam,Nandigam,Kothur,7.612528269
78.30830566,17.10809533,Kothur,Penjerla,Penjerla,14.97436951
78.3197971,17.10331466,Kothur,Penjerla,Joshiguda,18.98087929
78.30725018,17.09586342,Kothur,Inmulnarva,Marda Guda,27.10604638
78.294371,17.09705661,Nandigam,Nandigam,Marda Guda,11.62869709
78.27813274,17.09695684,Nandigam,Nandigam,Kothur,5.32689947
78.27657652,17.08573642,Nandigam,Nandigam,Dooskal,15.62014422
78.29205621,17.08344706,Kothur,Inmulnarva,Marda Guda,16.74874724
78.32694228,17.08406129,Kothur,Kodicherla,Khajiguda,24.32278843
78.30721346,17.08045361,Kothur,Inmulnarva,Kangaguda,5.625219144
78.25644276,17.0647049,Farooqnagar,Buchiguda,Veljerla Ii,66.77658706
78.26438467,17.06704809,Farooqnagar,Buchiguda,Dooskal,14.54101972
78.25614103,17.05282788,Farooqnagar,Veljerla(),Veljerla Ii,8.904490274
78.2725503,17.05705275,Farooqnagar,Kondannaguda,Kondannaguda,9.594438734
78.27874558,17.0598099,Farooqnagar,Kondannaguda,Kondannaguda,7.828761031
78.28325791,17.0410025,Farooqnagar,Veljerla(II),Kangaguda,39.93002783
78.28040214,17.03809567,Farooqnagar,Veljerla (I),Kangaguda,4.532919078
78.26725218,17.01110555,Keshampeta,Papireddiguda,Padakal,24.01606322
78.29466388,17.00303624,Keshampeta,Dattaipalle,Dattaipalle,15.11938016
78.27309014,17.00527241,Keshampeta,Papireddiguda,Padakal,7.846980417
78.33240095,17.01924832,Keshampeta,Eklaskhanpeta,Engulamadugu Tanda,7.103906051
78.34960442,17.05482517,Kothur,Siddapur,Siddapur,12.15742617
78.34049496,17.0375063,Keshampeta,Bhairkhanpalle, ,11.82537263
78.35213217,17.03059679,Keshampeta,Bhairkhanpalle,Eklaskhanpeta,5.354330429
78.34726351,17.01665104,Keshampeta,Alwal,Eklaskhanpeta,50.29131443
78.35896114,17.03358939,Keshampeta,Bhairkhanpalle, ,10.83009646
78.39015237,17.00855447,Keshampeta,Santhapur,Santhapur,9.063598619
78.35585127,17.00215022,Keshampeta,Alwal,Eklaskhanpeta,18.59295802
78.38737373,17.00160534,Keshampeta,Santhapur,Santhapur,10.56299157
78.3847713,16.99402889,Keshampeta,Santhapur,Santhapur,24.0745414
78.3691746,16.99695864,Keshampeta,Kothapeta,Eklaskhanpeta,30.32882872
78.27026325,16.9924295,Farooqnagar,Seriguda-Madhurapur,Seriguda,25.94758601
78.31621027,16.87652539,Keshampeta,Thommidirekula,Ekuvaipally,6.333931488
78.32071694,16.88360582,Keshampeta,Thommidirekula, ,5.800774678
78.3212203,16.89215226,Keshampeta,Kakunoor, ,11.16532781
78.32738344,16.89243609,Keshampeta,Kakunoor, ,15.55056927
78.32791309,16.91037079,Keshampeta,Kakunoor,Kakunoor,21.05758997
78.28193722,16.94105629,Keshampeta,Pomalpalle,Lingaram,7.113105141
78.29134604,16.9442021,Keshampeta,Pomalpalle,Pomalpalle,53.54284548
78.28695271,16.95880396,Keshampeta,Pomalpalle,Pomalpalle,19.53476664
78.28343973,16.96772364,Keshampeta,Ippalapalle,Ippalapalle,24.6717801
78.29500504,16.97116512,Keshampeta,Ippalapalle,Ippalapalle,18.77246357
78.28899763,16.98494701,Keshampeta,Ippalapalle,Ippalapalle,13.66471601
78.34029113,16.91643007,Keshampeta,Kakunoor,Sundarapur (Kurd),26.39200355
78.33383095,16.9234145,Keshampeta,Kakunoor,Sundarapur (Kurd),34.37320659
78.34313863,16.93641249,Keshampeta,Keshampet,Keshampeta,30.04315654
78.33581221,16.94269314,Keshampeta,Keshampet,Keshampeta,17.9898156
78.34673645,16.94630473,Keshampeta,Keshampet,Keshampeta,12.93486209
78.353957,16.94278594,Keshampeta,Keshampet,Keshampeta,18.49656832
78.33781524,16.95967213,Keshampeta,Keshampet,Keshampeta,9.52823881
78.33486749,16.96438417,Keshampeta,Keshampet,Keshampeta,6.137903947
78.34023946,16.9791634,Keshampeta,Alwal,Eklaskhanpeta,9.679534846
78.33096192,16.85948971,Keshampeta,Lingamdana,Ekuvaipally,16.53903437
78.33950535,16.88265048,Keshampeta,Nirdavelly,Thommidirekula,14.49776887
78.34908925,16.90637494,Keshampeta,Nirdavelly,Kakunoor,12.55338119
78.35426927,16.90691591,Keshampeta,Lemamidi,Kakunoor,23.11920775
78.37226254,16.90377974,Keshampeta,Lemamidi,Lingaraopalle,12.16204761
78.37481614,16.90413074,Keshampeta,Lemamidi,Lingaraopalle,16.04406762
78.37799921,16.80729929,Talakondapalle,Veljala,Chowder Palle,11.61545707
78.33411876,16.82006331,Talakondapalle,Venkatapurpatti Veljala, ,3.201606787
78.387274,16.84119574,Talakondapalle,Chandradana,Venkatapur,3.703270593
78.39558519,16.84214297,Talakondapalle,Chandradana,Venkatapur,16.63463999
78.3937161,16.83647491,Talakondapalle,Rampur,Venkatapur,6.735767605
78.40921143,16.85624194,Talakondapalle,Rampur,Chandradana,18.24257863
78.4220835,16.86953626,Talakondapalle,Rampur,Chandradana,7.496433156
78.42297326,16.87627592,Talakondapalle,Talakondapalle,Chandradana,9.718810518
78.41600124,16.8746984,Talakondapalle,Talakondapalle,Chandradana,5.93944495
78.41299298,16.90111642,Talakondapalle,Talakondapalle,Lingaraopalle,17.31046823
78.43875603,16.88566698,Talakondapalle,Talakondapalle,Cheepunuthala,5.318629228
78.35304002,16.92434679,Keshampeta,Bodanampalle, ,15.65950463
78.36015591,16.92516428,Keshampeta,Bodanampalle, ,7.749337501
78.35261758,16.95952335,Keshampeta,Keshampet,Keshampeta,21.89993289
78.38406675,16.9831898,Keshampeta,Santhapur, ,2.533696995
78.41818313,16.98907559,Kadthal,Ravichedu,Ravichedu,4.398987497
78.40252156,16.94909507,Talakondapalle,Padakal,Seriramakrishnapur,3.493964309
78.40463051,16.9446474,Talakondapalle,Padakal,Seriramakrishnapur,20.0062594
78.4184137,16.95184435,Talakondapalle,Padakal,Seriramakrishnapur,10.99573641
78.42021941,16.94502034,Talakondapalle,Padakal,Seriramakrishnapur,22.85752981
78.40697858,16.95643265,Talakondapalle,Padakal, ,2.032883397
78.43642931,16.96054577,Kadthal,Makthamadharam, ,9.501825324
78.49655184,16.98018088,Kadthal,Kadthal,Vampuguda,13.14868464
78.49961554,16.99717183,Kadthal,Kadthal,Ekrajguda U.I.,33.95963205
78.50435803,16.98916046,Kadthal,Kadthal,Vampuguda,8.399621472
78.54747766,16.98552607,Kadthal,Kadthal,Vampuguda,2.171644232
78.51136555,16.95235174,Kadthal,Vampuguda,Karkalpahad,4.334482482
78.60083217,16.91128506,Kadthal,Mudwin,Govindapalle,4.075325439
78.65203611,16.88704676,Madgul,Nagilla,Nagilla,6.137726534
78.6666518,16.89598441,Madgul,Appareddipalle,Appareddipalle,12.85940774
78.66057935,16.89180397,Madgul,Nagilla,Nagilla,9.830077897
78.61390767,16.87012711,Madgul,Aurpalle,Akuthotapalle,9.327454778
78.40199066,16.93023886,Talakondapalle,Padakal,Seriramakrishnapur,19.33653368
78.41211186,16.92774383,Talakondapalle,Padakal,Lingaraopalle,9.762990258
78.5121418,16.93852129,Kadthal,Karkalpahad,Karkalpahad,3.153938221
78.48376072,16.93657539,Kadthal,Chellampalle,Balajinagar Tanda,1.973964245
78.46402359,16.9341169,Kadthal,Salarpur,Chellampalle,5.737655702
78.70893226,16.90966184,Madgul,Kulkulpalle,Appareddipalle,4.727286714
78.67746096,16.88062576,Madgul,Appareddipalle,Appareddipalle,1.952171021
78.67141469,16.86157098,Madgul,Appareddipalle,Appareddipalle,28.01254879
78.72423983,16.83705421,Madgul,Brahmanapalle,Madgul,39.73341938
78.76075145,16.82703233,Madgul,Arkapalle,Ramanampalle U.I,32.00073302
78.68051348,16.78340551,Madgul,Irwin,Irwin,34.43658419
78.64242012,16.81603218,Madgul,Kalakonda,Thurkalkunta,6.263902649
78.55973015,16.85903545,Amangal,Amangal,Jangareddypalle,14.43772256
78.55153842,16.84831203,Amangal,Amangal,Chennaram,2.846623145
78.3365849,16.9953233,Keshampeta,Alwal,Eklaskhanpeta,6.768011083
78.12420585,17.07796096,Farooqnagar,Mogalagidda,Mogalagidda,5.876788976
78.12227055,17.08999704,Farooqnagar,Mogalagidda,Mogalagidda,15.53601823
78.213246,17.02578388,Farooqnagar,Chilkamarri (Chelka),Chilkamarri (Chelka),20.00746737
78.22644672,17.07017587,Farooqnagar,Chattanpalle,Chattanpalle,14.94000199
78.24361929,17.00137966,Farooqnagar,Gantlavelli,Gantlavelli,2.859238142
78.19729849,16.97697235,Farooqnagar,Burgul, ,8.844559813
78.19309729,17.002251,Farooqnagar,Raikal,Jangammaguda,8.768617455
78.2259495,16.95520446,Farooqnagar,Burgul,Burgul,3.66274422
78.21950368,17.08813193,Farooqnagar,Allisabguda,Chattanpalle,11.69638904
78.21734785,17.08411997,Farooqnagar,Allisabguda,Chattanpalle,8.330792164
78.26381942,17.04855821,Farooqnagar,Veljerla(),Veljerla Ii,5.098305159
78.06772442,17.09606223,Kondurg,Mahadevpoor,Mahadevpoor,26.55581905
78.08393597,17.09513911,Kondurg,Srirangapur,Uttaraspalle,15.64304992
78.07191237,17.10333671,Kondurg,Mahadevpoor,Mahadevpoor,19.06383203
78.07864889,17.09694739,Kondurg,Mahadevpoor,Uttaraspalle,13.36224043
78.04834178,17.03588814,Kondurg,Tangellapalle,Tangellapalle,6.501786394
77.95869715,17.06048927,Chowdergudem,Pedda Yelkicherla,Veerannapeta,6.468261417
77.94849846,17.04546145,Chowdergudem,Pedda Yelkicherla,Veerannapeta,11.37771797
77.9399862,17.04824784,Chowdergudem,Pedda Yelkicherla,Galligudem,8.702954906
77.99640915,17.0751437,Chowdergudem,Chowdargudem(Jilled),Gurrampalle,8.224581859
78.00464335,17.13519204,Chowdergudem,Tummalapalle,Tummalapalle,3.795953475
78.03786261,17.10536944,Kondurg,Kondurg(West),Kondurg (East),3.581010249
78.28358119,17.16975267,Kothur,Kothur,Kummariguda,5.122739264
78.28941912,17.1124667,Nandigam,Nandigam,Kothur,25.96853679
78.28510244,17.20119434,Kothur,Gudur,Tallaguda,5.502441135
78.22222194,17.13164774,Nandigam,Veerlapalle,Edulapalle,8.64341168
78.23104669,17.08660801,Farooqnagar,Chattanpalle,Chattanpalle,1.076940915
78.28833879,16.99230284,Keshampeta,Ippalapalle,Ippalapalle,10.35534402
78.28542413,17.15970482,Kothur,Thimmapur,Kummariguda,16.56787418
78.26736619,17.15845785,Kothur,Theegapur,Narsappaguda,24.13099932
78.73137937,16.91207679,Madgul,Kulkulpalle,Appareddipalle,15.99932984
78.03721783,17.01084228,Kondurg,Venkiryal,Venkiryal,5.144354765
78.369703,16.89073217,Keshampeta,Nirdavelly,Nirdavally,40.40847483
78.32952959,16.92540055,Keshampeta,Kakunoor,Sundarapur (Kurd),5.617476371
78.39527174,16.84708424,Talakondapalle,Chandradana,Chandradana,13.26401875
78.47074492,16.94100067,Kadthal,Chellampalle,Chellampalle,9.510310398
78.61580689,16.79356651,Amangal,Polepalle,Bollampalle,3.252995684
78.21911859,16.97785386,Farooqnagar,Burgul,Burgul,1.825750644
78.61637423,16.78772949,Madgul,Kalakonda,Bollampalle,7.883801189
78.52865109,16.87523394,Amangal,Amangal,Chennaram,1.868023955
78.53076986,16.88818874,Amangal,Vithaipalli,Chennaram,4.907806332
78.67850621,16.91891872,Madgul,Nagilla,Nagilla,8.275394218
78.6632293,16.9020971,Madgul,Nagilla,Nagilla,11.5765482
78.28110264,17.09667181,Nandigam,Nandigam,Kothur,13.36196267
78.28662355,17.10089094,Nandigam,Nandigam,Kothur,13.85860283
78.26445305,17.17557273,Kothur,Mallapur,Thurkaguda (U.I.),1.890520235
78.29179972,17.00553677,Keshampeta,Dattaipalle,Dattaipalle,16.87456627
78.64538192,16.8131269,Madgul,Kalakonda,Thurkalkunta,9.42146406
77.96028002,17.04714289,Chowdergudem,Pedda Yelkicherla,Veerannapeta,14.68529844
77.98253257,17.07781254,Chowdergudem,Chowdargudem(Jilled),Jilled,5.588285467
77.98447786,17.0724486,Chowdergudem,Chowdargudem(Jilled), ,10.23764162
78.34517721,16.8182413,Talakondapalle,Veljala,Venkatapur,7.957143818
78.35090977,16.98330387,Keshampeta,Alwal,Eklaskhanpeta,34.2831723
78.33642524,16.98588032,Keshampeta,Alwal,Eklaskhanpeta,11.54433947
78.30136674,16.9381188,Keshampeta,Pomalpalle,Pomalpalle,15.46847633
78.03793634,17.04827774,Kondurg,Cherukupalle,Tangellapalle,15.50781168
78.08264372,17.07223642,Kondurg,Chinnayelkicherla,Pulusumamidi,3.256083252
78.10957355,17.06232785,Farooqnagar,Kandivanam,Ramannaguda,50.00685332
78.19197934,16.9610838,Farooqnagar,Burgul,Burgul,30.08957
78.22845291,17.09289616,Farooqnagar,Chattanpalle,Kothur,32.25130449
78.05748481,17.01982956,Kondurg,Agiryal,Venkiryal,10.76962385
78.35852311,17.05234374,Kothur,Siddapur,Siddapur,14.35923249
78.42192441,16.97311905,Kadthal,Ravichedu,Ravichedu,2.976191011
78.38441037,16.95402981,Keshampeta,Chowlapalle(East),Chowlapalle,13.93079934
78.78583835,16.82387521,Madgul,Ramanampalle,Ramanampalle U.I,40.47452966
78.71219531,16.76122295,Madgul,Girikothapalle,Nallacheruvu,44.17134441
78.48537197,16.99147296,Kadthal,Kadthal,Ekrajguda U.I.,2.2557268
78.21430142,17.035953,Farooqnagar,Solipur,Chilkamarri (Chelka),3.951872477
78.12312084,17.09679421,Farooqnagar,Mogalagidda,Mogalagidda,17.83826677
78.34906361,16.9162692,Keshampeta,Kakunoor,Sundarapur (Kurd),17.96105166
78.02299993,17.12786386,Chowdergudem,Tummalapalle,Kondurg (East),11.12038715
78.01070494,17.12813576,Chowdergudem,Tummalapalle,Tummalapalle,5.19785881
78.075942,17.08274007,Kondurg,Mahadevpoor,Pulusumamidi,21.29361123
77.96344007,17.07553539,Chowdergudem,Padmaram,Elkaguda,3.729837344
78.08825599,17.08541022,Kondurg,Srirangapur,Pulusumamidi,2.958262878
78.071149,17.13897999,Kondurg,Uttaraspalle,Mutpoor,2.945591714
78.22538235,17.14261375,Nandigam,Veerlapalle,Mamidipalle,9.225680432
78.23265442,17.17703334,Kothur,Mallapur,Chegur,0.624268932
78.22981247,17.12545554,Nandigam,Veerlapalle,Appareddyguda,14.54085779
78.76547834,16.81666841,Madgul,Arkapalle,Ramanampalle U.I,13.223714
78.65050178,16.79531167,Madgul,Kalakonda,Chandralagadda Tanda,6.188977421
78.49234735,17.68990487,Medchel,Yellampet,Kallakal,3.613524066
78.69244815,17.5636907,Keesara,Keesara,Rangapuram,11.30479732
78.69593446,17.56322284,Keesara,Keesara,Rangapuram,4.808856243
78.69788134,17.56103164,Keesara,Keesara,Rangapuram,2.202625002
78.80238846,17.1996915,Ibrahimpatnam,Dandumailaram,Allapur,9.877697024
78.75415707,16.86318181,Madgul,Anneboinpalle,Kurmaidu,29.40828148
78.75712756,17.40416906,Ghatkesar,Madharam,Madharam,178.1543561
78.17593489,17.10480934,Farooqnagar,Nagulapalle,Kakloor,32.1129211
77.92348092,17.06254786,Chowdergudem,Pedda Yelkicherla,Mujahidpur,2.196390581
78.49304901,17.00807192,Kadthal,Ekrajguda,Nagireddiguda,31.41198134
78.50871864,17.00447804,Kadthal,Kadthal,Hanmaspalle,15.67551291
78.67758969,16.9478737,Yacharam,Kothapalle,Korrathanda,10.64590324
78.67356427,16.96495821,Yacharam,Kothapalle,Korrathanda,4.447182026
78.58186831,16.96808535,Yacharam,Thatiparthy,Nanaknagar,9.665052477
78.62553137,16.9713953,Yacharam,Medpalle,Medipally,0.754069768
78.62575023,16.98081322,Yacharam,Medpalle,Medipally,4.518769247
78.67714233,16.98247279,Yacharam,Kothapalle,Medipally,10.2527955
78.54682617,16.98997151,Kandukur,Mucherla,Kurmidda,1.356288926
78.77519883,16.99238812,Yacharam,Manthangoud,Nallavelly,11.93667726
78.53726462,16.9923019,Kandukur,Mucherla,Hanmaspalle,2.431629175
78.54381003,16.99242608,Kandukur,Mucherla,Kurmidda,3.447147795
78.64485871,16.99388001,Yacharam,Medpalle,Medipally,4.182735411
78.53925436,16.99305729,Kandukur,Mucherla,Hanmaspalle,5.248817018
78.67476483,16.99644589,Yacharam,Thakkellapalle,Takkallapally,13.57442304
78.59317686,16.99611467,Yacharam,Thatiparthy,Thatiparthy,2.853270313
78.62964644,16.99575797,Yacharam,Medpalle,Medipally,17.31060076
78.68306065,16.998718,Yacharam,Thakkellapalle,Takkallapally,18.10731743
78.53253599,16.99725341,Kandukur,Mucherla,Hanmaspalle,16.53197728
78.52524813,16.99805118,Kandukur,Mucherla,Hanmaspalle,4.352222695
78.60950005,16.99746038,Yacharam,Nanaknagar,Medipally,34.04598693
78.59513479,17.00050559,Yacharam,Thatiparthy,Thatiparthy,4.727415495
78.5632287,17.00056931,Yacharam,Kurmidda,Kurmidda,1.620535609
78.53893148,17.00037698,Kandukur,Mucherla,Hanmaspalle,2.268310176
78.72628347,17.00142425, ,Chintapatla,Nallavelly,39.92671965
78.51748708,17.00107727,Kadthal,Kadthal,Hanmaspalle,14.79888454
78.48137382,17.00363393,Kandukur,Dasarlapalle,Nagireddiguda,9.260261364
78.53980755,17.00546428,Kandukur,Mucherla,Hanmaspalle,1.393448992
78.64515953,17.00477358,Yacharam,Medpalle, ,47.488262
78.56706658,17.00643728,Yacharam,Kurmidda,Kurmidda,28.00564023
78.48562091,17.00670392,Kandukur,Dasarlapalle,Nagireddiguda,8.004006089
78.7037123,17.00683023, ,Chintapatla,Chintapatla,165.0754704
78.47741503,17.0072052,Kandukur,Dasarlapalle,Nagireddiguda,13.92283536
78.49014505,17.00924957,Kandukur,Dasarlapalle,Nagireddiguda,6.031882144
78.65363852,17.00838789,Yacharam,Medpalle, ,63.34469784
78.53613987,17.00989695,Kandukur,Mucherla,Hanmaspalle,10.52597769
78.47144287,17.01104771,Kandukur,Dasarlapalle,Nagireddiguda,5.970765271
78.4885763,17.01197427,Kandukur,Dasarlapalle,Nagireddiguda,2.725153188
78.71132454,17.01458346, ,Chintapatla,Chintapatla,1.592213497
78.5478304,17.0139072,Kandukur,Mucherla,Kurmidda,1.504137836
78.53590129,17.01480025,Kandukur,Mucherla,Hanmaspalle,0.464562056
78.58140834,17.015519,Yacharam,Nazdik Singaram,Kurmidda,1.345245364
78.48755488,17.01542867,Kandukur,Dasarlapalle,Nagireddiguda,3.435482478
78.70138365,17.01772583, ,Chintapatla,Chintapatla,11.57434214
78.50664519,17.01596149,Kandukur,Mucherla,Hanmaspalle,21.07760217
78.69530185,17.01922089, ,Chintapatla,Chintapatla,3.529992752
78.66866105,17.01589674,Yacharam,Medpalle,Takkallapally,136.3226805
78.4213492,17.01679646,Kandukur,Nednur,Nednoor,6.047656593
78.48619008,17.01769018,Kandukur,Dasarlapalle,Nagireddiguda,4.411066214
78.56628702,17.01735284,Yacharam,Kurmidda,Kurmidda,41.72822819
78.53558847,17.01930828,Kandukur,Mucherla,Hanmaspalle,0.812626988
78.52341251,17.0181138,Kandukur,Mucherla,Hanmaspalle,25.0890188
78.48078041,17.01909119,Kandukur,Dasarlapalle,Nagireddiguda,16.30524109
78.68591776,17.02272623,Yacharam,Thakkellapalle,Takkallapally,13.87117866
78.59873287,17.02388564,Yacharam,Nazdik Singaram,Nazdiksingaram,3.400857529
78.41055204,17.02116083,Kandukur,Murlinagar,Muralinagar,6.132159961
78.61893786,17.02334492,Yacharam,Nandiwanaparthy,Nandiwana Parthy,7.782135367
78.54330584,17.02427927,Kandukur,Mucherla,Hanmaspalle,2.173686525
78.5743023,17.02361691,Yacharam,Kurmidda,Kurmidda,20.03904932
78.52140483,17.02514617,Kandukur,Mucherla,Hanmaspalle,10.22884377
78.70726733,17.02784723, ,Chintapatla,Chintapatla,5.290850393
78.39344997,17.02476612,Kandukur,Murlinagar,Muralinagar,3.209759481
78.69841283,17.02811638,Yacharam,Mandigowrelly,Chintapatla,3.902375383
78.6515558,17.0263788,Yacharam,Medpalle,Mogullavampu,113.6311801
78.5712463,17.027828,Yacharam,Kurmidda,Kurmidda,8.138980358
78.58757496,17.02894857,Yacharam,Nazdik Singaram,Nazdiksingaram,0.919636246
78.4572101,17.02719505,Kandukur,Nednur,Nednoor,11.9019882
78.62929976,17.02926097,Yacharam,Nandiwanaparthy,Nandiwana Parthy,11.42592025
78.39780278,17.02636851,Kandukur,Murlinagar,Muralinagar,13.39521563
78.48797419,17.02857175,Kandukur,Akberja,Kothaguda,3.4348193
78.6075549,17.03045551,Yacharam,Nazdik Singaram,Nazdiksingaram,3.802315752
78.68964059,17.03114614,Yacharam,Mandigowrelly,Mondigowrelly,6.56036531
78.45019109,17.0288564,Kandukur,Nednur,Nednoor,12.74219517
78.49969154,17.03212495,Kandukur,Debbadaguda,Kothaguda,1.328100017
78.51091687,17.03194809,Kandukur,Debbadaguda,Kothaguda,16.50716726
78.49620771,17.03315446,Kandukur,Akberja,Kothaguda,1.878981254
78.52598949,17.03388553,Kandukur,Mucherla,Hanmaspalle,3.978950483
78.60223983,17.03570389,Yacharam,Nazdik Singaram,Nazdiksingaram,4.170654004
78.79884602,17.0383573,Manchal,Loyapalle,Saligutta Thanda,7.689333293
78.63823175,17.03558637,Yacharam,Nandiwanaparthy,Nandiwana Parthy,49.51886489
78.44573729,17.03540976,Kandukur,Nednur,Nednoor,27.76517789
78.40800916,17.03769845,Kandukur,Dhannaram,Dannaram,2.644802262
78.61104074,17.0405275,Yacharam,Nazdik Singaram,Nandiwana Parthy,8.105803428
78.66693962,17.04145055,Yacharam,Yacharam,Yacharam,6.901580943
78.57925988,17.04193125,Kandukur,Mohammadnagar,Sarlaravulapally,2.711378119
78.60250994,17.0426513,Yacharam,Nazdik Singaram,Nazdiksingaram,14.63800259
78.60759821,17.04421711,Yacharam,Nazdik Singaram,Nazdiksingaram,5.455789903
78.47583216,17.04298185,Kandukur,Nednur, ,7.384931051
78.4906375,17.04319732,Kandukur,Debbadaguda,Dabbedaguda,27.47616345
78.832156,17.04797012,Manchal,Loyapalle,Saligutta Thanda,21.80324595
78.61838561,17.04626879,Yacharam,Nandiwanaparthy,Nandiwana Parthy,14.32252716
78.40259278,17.04426368,Kandukur,Chippalpalle,Chippalapally,15.31622891
78.57785642,17.04765108,Kandukur,Mohammadnagar,Sarlaravulapally,1.424226817
78.56250282,17.04674619,Kandukur,Mohammadnagar,Sarlaravulapally,6.001169314
78.55836974,17.04740638,Kandukur,Mohammadnagar,Sarlaravulapally,5.505069577
78.3997329,17.04676761,Kandukur,Chippalpalle,Chippalapally,12.11201936
78.44240514,17.04768009,Kandukur,Bachupalle,Nednoor,10.63857987
78.49936106,17.0488684,Kandukur,Debbadaguda,Kothaguda,7.757320156
78.57836305,17.051118,Kandukur,Mohammadnagar,Sarlaravulapally,4.374378388
78.62542648,17.0524288,Yacharam,Nandiwanaparthy,Chowder Pally,4.880056887
78.47731943,17.05105258,Kandukur,Meerkhanpet,Dabbedaguda,12.10251079
78.55065223,17.05222315,Kandukur,Mohammadnagar,Sarlaravulapally,12.17697933
78.61115889,17.05302981,Yacharam,Nandiwanaparthy,Chowder Pally,8.787937329
78.69347541,17.0543945,Yacharam,Yacharam,Yacharam,5.465917316
78.46229254,17.05084778,Kandukur,Nednur,Bachupally,50.1746721
78.439123,17.05174848,Kandukur,Bachupalle,Bachupally,27.67052047
78.71856471,17.0552632,Manchal,Cheeded,Dadpally,8.888671455
78.61574001,17.05509011,Yacharam,Nandiwanaparthy,Chowder Pally,4.387115794
78.56281148,17.05437017,Kandukur,Mohammadnagar,Sarlaravulapally,7.345368058
78.4005642,17.05315785,Kandukur,Chippalpalle,Chippalapally,1.723372875
78.44764238,17.05339438,Kandukur,Bachupalle,Bachupally,6.975779565
78.48641477,17.05405088,Kandukur,Meerkhanpet, ,14.32519142
78.42188662,17.05432823,Kandukur,Pulumamidi,Pulimamidi,4.172865532
78.39554205,17.05586632,Kandukur,Chippalpalle,Chippalapally,3.656633509
78.82293115,17.06171843,Manchal,Loyapalle,Saligutta Thanda,9.722942863
78.42383729,17.05684916,Kandukur,Pulumamidi,Pulimamidi,28.33350951
78.38887245,17.05823129,Kandukur,Chippalpalle,Porandla,16.22216077
78.7195077,17.06226646,Manchal,Cheeded,Cheeded,3.919274215
78.63688257,17.06156155,Yacharam,Chowderpalle,Chowder Pally,7.702852613
78.40994053,17.05904123,Kandukur,Pulumamidi,Pulimamidi,46.82072934
78.52181092,17.06209601,Kandukur,Thimmaipalle,Timmaipally,7.397036399
78.41884035,17.0610395,Kandukur,Pulumamidi,Pulimamidi,10.86563615
78.57491117,17.05844067,Kandukur,Mohammadnagar,Sarlaravulapally,171.5934333
78.64597787,17.06506381,Yacharam,Chowderpalle,Chowder Pally,13.85570582
78.54335598,17.06422921,Kandukur,Mohammadnagar,Panjaguda,10.27112856
78.68444564,17.06617498,Yacharam,Yacharam,Yacharam,5.263566734
78.59037641,17.06522255,Kandukur,Mohammadnagar,Sarlaravulapally,19.78362352
78.3865676,17.06337222,Maheshwaram,Porandla,Porandla,18.22344229
78.51165957,17.06468707,Kandukur,Annojiguda,Kothaguda,27.52958046
78.55444137,17.06508305,Kandukur,Mohammadnagar,Panjaguda,27.70503043
78.65715573,17.06785376,Yacharam,Chowderpalle,Chowder Pally,11.46047209
78.52222152,17.06619084,Kandukur,Thimmaipalle,Timmaipally,9.070606159
78.67011182,17.06921753,Yacharam,Yacharam,Yacharam,10.06315231
78.44433176,17.06797561,Kandukur,Jaithwaram (Maqta),Bachupally,7.491807541
77.92181421,17.0574311,Chowdergudem,Pedda Yelkicherla,Mujahidpur,88.95718456
78.51770867,17.07127161,Kandukur,Kandukur,Annojiguda,1.272507565
78.56201178,17.07231578,Kandukur,Panjaguda,Panjaguda,6.097444035
78.70713693,17.07459978,Manchal,Rangapur,Rangapur,2.054741605
78.55515143,17.07443077,Kandukur,Panjaguda,Panjaguda,8.51958703
78.7032012,17.07690901,Manchal,Rangapur,Rangapur,3.745092607
78.80976363,17.07971171,Manchal,Bandalemoor,Saligutta Thanda,1.651401107
78.37189403,17.07337134,Maheshwaram,Kollapadkal,Kollapadkal,44.37128796
78.61853647,17.07887545,Yacharam,Tulekhurd,Dharmannaguda,5.557879801
78.45773879,17.07449829,Kandukur,Kandukur,Kothur,129.1883044
78.43503494,17.07607075,Kandukur,Pulumamidi,Jaithwaram (Khalsa),81.89895574
78.58878427,17.08040987,Kandukur,Gummadavalle,Sarlaravulapally,3.503457102
78.79033317,17.08300186,Manchal,Arutla,Arutla,7.882508563
78.51994576,17.0793504,Kandukur,Rachloor,Rachulur,20.13404571
78.36023131,17.07680214,Maheshwaram,Kollapadkal,Kollapadkal,57.2125575
78.59152645,17.0823504,Kandukur,Gummadavalle,Gummadavelly,11.19943287
78.63369672,17.08456306,Yacharam,Tulekhurd,Dharmannaguda,15.24192837
78.57028017,17.08495599,Kandukur,Gummadavalle,Gummadavelly,10.71391803
78.60133204,17.08624905,Yacharam,Tulekhurd,Dharmannaguda,2.566438562
78.76680546,17.08818381,Manchal,Arutla,Arutla,1.741677194
78.76221274,17.08907083,Manchal,Arutla,Arutla,0.557759469
78.35405844,17.08384027,Maheshwaram,Kollapadkal,Kollapadkal,17.10052813
78.36705371,17.08473331,Maheshwaram,Kollapadkal,Dilawarguda,6.102169727
78.77734969,17.08959091,Manchal,Arutla,Arutla,4.982904785
78.5857687,17.08788294,Kandukur,Gummadavalle,Gummadavelly,19.02233414
78.76359422,17.09033026,Manchal,Arutla,Arutla,1.890647049
78.79306128,17.09098558,Manchal,Bandalemoor,Bandalemoor,2.164292353
78.39479909,17.0866986,Maheshwaram,Akanpalle,Akhanpally,21.06662804
78.57599694,17.08855125,Kandukur,Gummadavalle,Gummadavelly,34.52326528
78.39363137,17.08859812,Maheshwaram,Akanpalle,Akhanpally,3.458274714
78.80647975,17.09271039,Manchal,Bandalemoor,Bandalemoor,5.826567407
78.79696192,17.09304244,Manchal,Bandalemoor,Bandalemoor,3.98609535
78.77340162,17.09330806,Manchal,Arutla,Arutla,0.806108688
78.61936051,17.0920053,Yacharam,Tulekhurd,Dharmannaguda,8.79723596
78.78545895,17.09576402,Manchal,Arutla,Bandalemoor,1.906137337
78.67824655,17.09514572,Yacharam,Gungal,Gungal,6.730689817
78.63915537,17.09488004,Yacharam,Tulekhurd,Tulekalan,5.28937158
78.44360553,17.09267289,Kandukur,Gafoornagar,Tummaloor,10.31679032
78.54635397,17.09412286,Kandukur,Rachloor,Rachulur,23.57242101
78.51589286,17.09663502,Kandukur,Gudoor,Rachulur,1.871632067
78.67494807,17.09834185,Yacharam,Gungal,Gungal,5.368219818
78.41153552,17.09544917,Kandukur,Pulumamidi,Kufarchandguda (Ui),15.83246721
78.76774605,17.10025912,Manchal,Arutla,Arutla,0.9820906
78.76467998,17.10107734,Manchal,Arutla,Arutla,1.551217126
78.60093108,17.09774176,Kandukur,Gummadavalle,Gummadavelly,33.03294493
78.15421999,17.09433105,Farooqnagar,Elkata,Kakloor,3.582629065
78.35018881,17.09622944,Maheshwaram,Subhanpur,Ayyavaripally,8.690760242
78.6924869,17.10026762,Yacharam,Gungal,Gungal,23.69338842
78.53321283,17.10068618,Kandukur,Rachloor,Rachulur,6.192211406
78.51990268,17.10075077,Kandukur,Rachloor,Rachulur,1.766425064
78.46566707,17.09893682,Kandukur,Kothur,Kothur,26.94401249
78.78744468,17.10415621,Manchal,Arutla,Bandalemoor,0.997331368
78.77751735,17.10414921,Manchal,Arutla,Arutla,0.709019532
78.7551217,17.10397416,Manchal,Arutla,Arutla,3.599676507
78.6466365,17.10296099,Yacharam,Tulekhurd,Tulekalan,8.352456207
78.38911265,17.0998506,Maheshwaram,Akanpalle,Ghatpally,15.38078865
78.57943284,17.10313581,Kandukur,Gummadavalle,Gummadavelly,11.25051528
78.49957203,17.10219871,Kandukur,Gudoor,Gudur,13.28849288
78.80514688,17.10678228,Manchal,Arutla,Bandalemoor,0.854239702
78.34182326,17.10018372,Maheshwaram,Subhanpur,Ayyavaripally,28.16030452
78.67651448,17.10668666,Yacharam,Gungal,Gungal,2.017896893
78.55333864,17.10488587,Kandukur,Rachloor,Rachulur,7.357065054
78.76444998,17.10797505,Manchal,Arutla,Arutla,0.980004289
78.79417947,17.1087,Manchal,Arutla,Bandalemoor,0.848257013
78.36650647,17.10365047,Maheshwaram,Dubbacherla,Dubbacherla,19.46177227
78.79674326,17.11095704,Manchal,Arutla,Bandalemoor,1.961929808
78.12779539,17.10317452,Farooqnagar,Mogalagidda,Manmarry,9.755754357
78.76850586,17.1117136,Manchal,Arutla,Arutla,9.934723664
78.67354946,17.11076822,Yacharam,Gungal,Gungal,5.43500703
78.41293757,17.10756375,Maheshwaram,Ghatpalle,Ghatpally,8.466675895
78.52281886,17.1064,Kandukur,Rachloor,Rachulur,58.58491842
78.4015805,17.10600456,Maheshwaram,Ghatpalle,Ghatpally,27.73422918
78.4102161,17.10866935,Maheshwaram,Ghatpalle,Ghatpally,10.10724809
78.17291547,17.10541833,Shabad,Kakloor,Kakloor,17.17180003
78.37916807,17.10905388,Maheshwaram,Dubbacherla,Dubbacherla,4.885143327
78.43641321,17.11105494,Maheshwaram,Maheswaram,Maheshwaram,1.916464592
78.51434975,17.11142206,Kandukur,Rachloor,Rachulur,11.66365913
78.51827069,17.11173069,Kandukur,Rachloor,Rachulur,6.071667914
78.39160085,17.1111696,Maheshwaram,Ghatpalle,Ghatpally,3.621757203
78.72814704,17.11583423,Manchal,Asmatpur,Japal,2.348683829
78.71442454,17.11567726,Manchal,Japala,Japal,4.223961743
78.76365658,17.11680946,Manchal,Arutla,Arutla,10.1988911
78.67842411,17.11702347,Yacharam,Gungal,Gungal,0.982283
78.72673324,17.11879726,Manchal,Asmatpur,Japal,2.673727234
78.39581964,17.11524417,Maheshwaram,Ghatpalle,Ghatpally,8.669887816
78.79290331,17.12052094,Manchal,Arutla,Arutla,1.369321256
78.34786729,17.115742,Maheshwaram,Subhanpur,Ayyavaripally,22.2809286
78.73942927,17.12097851,Manchal,Arutla,Asmathpur,1.168477196
78.59303018,17.1192896,Kandukur,Madhapur,Madhapur,5.06858657
78.43269452,17.11766776,Maheshwaram,Maheswaram,Maheshwaram,6.396622358
78.380255,17.11519863,Maheshwaram,Dubbacherla,Pendyal,30.9022154
78.53699746,17.12021411,Kandukur,Rachloor,Rachulur,2.496208353
78.5333701,17.119539,Kandukur,Rachloor,Rachulur,2.941750263
78.77786747,17.12238845,Manchal,Arutla,Arutla,7.987187047
78.40163888,17.11838241,Maheshwaram,Ghatpalle,Ghatpally,13.22080537
78.38991758,17.1182555,Maheshwaram,Ghatpalle,Ghatpally,6.613926778
78.52843453,17.11980698,Kandukur,Rachloor,Rachulur,7.232793247
78.72737962,17.12258707,Manchal,Asmatpur,Japal,12.41564327
78.7143918,17.12260476,Manchal,Japala,Japal,5.944723697
78.7523653,17.12427348,Manchal,Arutla,Arutla,1.44629479
78.52621103,17.12218579,Kandukur,Rachloor,Rachulur,14.11847786
78.52150919,17.12309389,Kandukur,Rachloor,Rachulur,3.01391914
78.71712762,17.1256271,Manchal,Japala,Japal,4.456605475
78.49401939,17.12329566,Kandukur,Lemoor,Lemoor,7.631621876
78.75175716,17.12646678,Manchal,Arutla,Arutla,3.850446348
78.57157403,17.12462963,Kandukur,Madhapur,Thimmapur,10.15774593
78.78010533,17.12763856,Manchal,Arutla,Arutla,3.910252753
78.68375046,17.12675972,Manchal,Kagazghat,Khagazghat,5.473826517
78.3602657,17.12029588,Maheshwaram,Dubbacherla,Kalvakole,160.9942181
78.50672207,17.1256758,Kandukur,Lemoor,Lemoor,7.237297396
78.59667659,17.1269046,Kandukur,Madhapur,Madhapur,2.965659352
78.46530405,17.12669653,Maheshwaram,Thummaloor,Tummaloor,3.578278168
78.66222405,17.12840463,Manchal,Agapalle,Agapally,15.72255291
78.79239728,17.13047055,Manchal,Arutla,Arutla,8.938177332
78.41805925,17.12507068,Maheshwaram,Maheswaram,Maheshwaram,55.41012489
78.43354185,17.12722206,Maheshwaram,Maheswaram,Maheshwaram,14.88182732
78.37934291,17.12763683,Maheshwaram,Pendyal,Pendyal,6.311850005
78.76252657,17.13184376,Manchal,Arutla,Arutla,13.2571552
78.77484165,17.13228754,Manchal,Arutla,Arutla,3.981043251
78.41067316,17.12977073,Maheshwaram,Mansanpalle,Mansanpally,4.341967592
78.37314426,17.12992274,Maheshwaram,Pendyal,Pendyal,3.713887726
78.37932967,17.12990724,Maheshwaram,Pendyal,Pendyal,6.545766969
78.73281365,17.13421431,Manchal,Chandkhanguda,Asmathpur,2.149891713
78.79079827,17.13463559,Manchal,Arutla,Arutla,5.902990207
78.38911303,17.12899302,Maheshwaram,Mansanpalle,Pendyal,29.95779405
78.67391993,17.13318027,Manchal,Agapalle,Agapally,7.221273485
78.77058048,17.13532975,Manchal,Arutla,Arutla,0.900767757
78.77313312,17.13537812,Manchal,Arutla,Arutla,0.84379437
78.61569378,17.13374724,Ibrahimpatnam,Kappapahad,Kappapahad,24.1611826
78.69772809,17.13599659,Manchal,Kagazghat,Khagazghat,8.821857453
78.78466604,17.13748503,Manchal,Arutla,Arutla,5.209900799
78.73169605,17.13757896,Manchal,Manchal,Manchal,1.929298128
78.56453176,17.13557207,Kandukur,Timmapur,Thimmapur,3.992393591
78.68329402,17.13719436,Manchal,Agapalle,Agapally,4.630177134
78.7528996,17.13752771,Manchal,Arutla,Arutla,12.81725175
78.74669438,17.13828579,Manchal,Arutla,Arutla,2.227000135
78.72652564,17.13778547,Manchal,Manchal,Manchal,13.94028567
78.76012341,17.13925493,Manchal,Arutla,Arutla,7.292860495
78.3960413,17.13524169,Maheshwaram,Mansanpalle,Mansanpally,15.81948667
78.3909001,17.13511359,Maheshwaram,Mansanpalle,Dabilguda,14.39091586
78.38470111,17.13458897,Maheshwaram,Mansanpalle,Dabilguda,28.22004767
78.51781597,17.13843546,Kandukur,Lemoor,Lemoor,5.925539849
78.41919372,17.13704037,Maheshwaram,Maheswaram,Maheshwaram,11.38864179
78.64698248,17.14074877,Ibrahimpatnam,Ibrahimpatnam (Khalsa),Karnamguda,2.726365684
78.69077146,17.13993023,Manchal,Agapalle,Khagazghat,22.60120578
78.51368863,17.13942165,Kandukur,Lemoor,Lemoor,11.37403159
78.57568717,17.14004825,Kandukur,Timmapur,Jabbarguda,7.472776145
78.55331197,17.13592795,Kandukur,Timmapur,Jabbarguda,135.0518389
78.1730887,17.13574407,Shabad,Kesavaram,Kesaram,4.87468012
78.72651898,17.14253986,Manchal,Manchal,Manchal,11.07312848
78.59647045,17.14228937,Ibrahimpatnam,Turkaguda,Jabbarguda,2.424754545
78.6207906,17.14256478,Ibrahimpatnam,Kappapahad,Kappapahad,7.476533896
78.7173956,17.14424783,Manchal,Manchal,Manchal,2.080050295
78.36320687,17.13955992,Maheshwaram,Pendyal,Dabilguda,12.62202187
78.59785852,17.1428275,Ibrahimpatnam,Turkaguda,Yeliminedu,6.460750986
78.35000385,17.13824447,Maheshwaram,Ameerpet,Ameerpet,48.87032434
78.32470489,17.13966024,Maheshwaram,Toopra Khurd,Thupra Khurd,25.02810294
78.73021933,17.14602846,Manchal,Manchal,Manchal,1.308061286
78.40367547,17.14152731,Maheshwaram,Mansanpalle,Mansanpally,21.45124179
78.36369208,17.14314427,Maheshwaram,Pendyal,Dabilguda,5.952660632
78.64546576,17.14638421,Ibrahimpatnam,Ibrahimpatnam (Khalsa),Karnamguda,6.143545037
78.3973783,17.14275919,Maheshwaram,Mansanpalle,Mansanpally,32.25285865
78.39018423,17.14347873,Maheshwaram,Mansanpalle,Dabilguda,16.47785386
78.42067251,17.14560554,Maheshwaram,Maheswaram,Maheshwaram,3.798341673
78.50557074,17.14537749,Kandukur,Lemoor,Lemoor,31.73885765
78.68888033,17.14755486,Manchal,Agapalle,Nomula,34.88574894
78.64671499,17.1497032,Ibrahimpatnam,Ibrahimpatnam (Khalsa),Karnamguda,3.915186395
78.38492611,17.14650193,Maheshwaram,Mansanpalle,Dabilguda,6.775463673
78.72644539,17.14975428,Manchal,Manchal,Manchal,27.38536641
78.3235391,17.14510258,Maheshwaram,Toopra Khurd,Thupra Khurd,17.57110113
78.62557766,17.1494678,Ibrahimpatnam,Kappapahad,Karnamguda,10.07592579
78.75724816,17.15178444,Manchal,Arutla,Arutla,17.52878531
78.71275797,17.15209962,Manchal,Manchal, ,10.58847701
78.4202676,17.152457,Maheshwaram,Gangaram,Maheshwaram,0.687832253
78.38723416,17.15195917,Maheshwaram,Mansanpalle,Dabilguda,13.4965915
78.45764436,17.15146002,Maheshwaram,Thummaloor,Sirigiripur,39.35851684
78.7348468,17.15687863,Manchal,Manchal,Manchal,4.532817122
78.32483401,17.15187568,Maheshwaram,Toopra Khurd,Thupra Khurd,9.976690145
78.35097627,17.15211915,Maheshwaram,Ameerpet,Ameerpet,14.80145108
78.47146162,17.15489395,Maheshwaram,Mohabatnagar,Mohabat Nagar,10.45966257
78.68428062,17.15797845,Manchal,Nomula,Nomula,6.392901428
78.30543578,17.15387273,Shamshabad,Peddatopra,Thupra Khurd,14.46884241
78.64422123,17.15766532,Ibrahimpatnam,Ibrahimpatnam (Khalsa),Karnamguda,17.42688948
78.40666025,17.15649709,Maheshwaram,Mansanpalle,Padamati Thanda,0.915828666
78.70555305,17.16020712,Manchal,Nomula,Manchal,2.635737219
78.53005802,17.15813018,Kandukur,Lemoor,Lemoor,7.229248381
78.36488286,17.15646591,Maheshwaram,Nagireddipalle,Nagireddy Pally,10.57957846
78.7231895,17.16099531,Manchal,Manchal,Manchal,8.533363015
78.57955969,17.15957723,Ibrahimpatnam,Yeliminedu,Jabbarguda,3.715359356
78.59105994,17.15853945,Ibrahimpatnam,Yeliminedu,Jabbarguda,9.196979594
78.69096633,17.15920095,Manchal,Nomula,Nomula,56.29690645
78.71623292,17.16125577,Manchal,Manchal,Manchal,23.43011402
78.61236127,17.16112201,Ibrahimpatnam,Yerrakunta, ,7.880270451
78.36020031,17.15920967,Maheshwaram,Nagireddipalle,Nagireddy Pally,11.18885675
78.75457712,17.16369763,Manchal,Chittapur,Chittapur,29.08948956
78.6996186,17.16495735,Manchal,Nomula,Nomula,9.059974142
78.78424533,17.16820929,Manchal,Thippaiguda,Tippaiguda,3.242391507
78.71501618,17.16765965,Manchal,Manchal,Manchal,5.619635592
78.39403212,17.16524285,Maheshwaram,Nagaram,Padamati Thanda,6.861046066
78.64127379,17.16907677,Ibrahimpatnam,Khanapur,Karnamguda,1.41655657
78.59364731,17.16758111,Ibrahimpatnam,Yeliminedu,Jabbarguda,4.505332537
78.36742011,17.16530913,Maheshwaram,Nagireddipalle,Nagireddy Pally,16.33483501
78.72073728,17.1700769,Manchal,Manchal,Manchal,3.469509345
78.30406051,17.16370526,Shamshabad,Peddatopra,Pilloniguda,41.81296144
78.7225682,17.16991485,Manchal,Manchal,Manchal,6.543387418
78.3878516,17.16717166,Maheshwaram,Nagaram,Padamati Thanda,6.251386672
78.37652268,17.16698706,Maheshwaram,Nagaram,Padamati Thanda,2.622582933
78.44654632,17.16568042,Maheshwaram,Baghmankhal,Harshaguda,84.77106177
78.54248587,17.1694932,Ibrahimpatnam,Kongara Kalan,Kongarakalan,6.301292428
78.31445645,17.16600026,Shamshabad,Peddatopra, ,27.91600977
78.75754181,17.17211255,Manchal,Chittapur,Chittapur,2.343786462
78.68248849,17.1725997,Manchal,Nomula,Khanapur,8.337634275
78.39758442,17.16959715,Maheshwaram,Nagaram,Padamati Thanda,9.896440183
78.64197598,17.17390556,Ibrahimpatnam,Khanapur,Karnamguda,2.45394713
78.75961859,17.17544063,Manchal,Chittapur,Chittapur,1.242444487
78.36310162,17.17119657,Maheshwaram,Gollor,Habeebullaguda,21.74904067
78.66119245,17.17688686,Ibrahimpatnam,Ibrahimpatnam (Khalsa),Karnamguda,1.142698696
78.69866515,17.17363828,Manchal,Nomula,Sabithnagar,79.20831405
78.77165618,17.17772611,Manchal,Thippaiguda,Tippaiguda,3.158660283
78.67632164,17.1776237,Ibrahimpatnam,Ibrahimpatnam (Khalsa),Malikarjunaguda (Ui),4.979937584
78.39036061,17.17504071,Maheshwaram,Nagaram,Padamati Thanda,4.741776262
78.54785636,17.17756529,Ibrahimpatnam,Kongara Kalan,Kongarakalan,9.488657808
78.75031842,17.18116724,Manchal,Chittapur,Chittapur,2.686828409
78.76006622,17.18159515,Manchal,Chittapur,Chittapur,5.191473405
78.63840557,17.18041794,Ibrahimpatnam,Ibrahimpatnam (Khalsa),Karnamguda,7.140397818
78.36178755,17.17806046,Maheshwaram,Gollor,Habeebullaguda,22.42464818
78.35512751,17.18056724,Maheshwaram,Gollor,Habeebullaguda,4.827391977
78.74060999,17.1848919,Manchal,Nallachervu,Nallachervu (Ui),17.69232894
78.31295934,17.17496097,Kothur,Thimmapur,Pilloniguda,404.6495762
78.71085169,17.18613389,Ibrahimpatnam,Raipole,Lingampally,9.717943336
78.33413196,17.18139604,Shamshabad,Muchintal, ,20.95893766
78.34085218,17.18182613,Maheshwaram,Gollor,Muchintal,9.023221916
78.66007452,17.1871263,Ibrahimpatnam,Ibrahimpatnam (Khalsa),Malikarjunaguda (Ui),4.180760689
78.31594069,17.18345684,Shamshabad,Muchintal, ,8.892174413
78.7343077,17.18716091,Manchal,Thallapalliguda,Thallapalliguda,13.70330767
78.40434466,17.18585159,Maheshwaram,Nandipalle,Nandupally,1.6014631
78.3126523,17.18482194,Shamshabad,Palmakole,Pilloniguda,3.711306599
78.32489709,17.18473747,Shamshabad,Muchintal, ,9.354629554
78.75796057,17.19055446,Manchal,Thallapalliguda,Thallapalliguda,7.674741081
78.73993488,17.19024687,Manchal,Thallapalliguda,Thallapalliguda,4.964585658
78.33741862,17.18613806,Shamshabad,Muchintal, ,8.048871786
78.55470382,17.18727456,Ibrahimpatnam,Ferozguda,Kongarakalan,45.20870383
78.6973038,17.1911753,Manchal,Manorabad,Sabithnagar,1.77148127
78.41059766,17.18695375,Maheshwaram,Nandipalle,Nandupally,18.69802284
78.6544886,17.19056497,Ibrahimpatnam,Ibrahimpatnam (Khalsa),Karnamguda,16.70742035
78.45351344,17.18942825,Maheshwaram,Baghmankhal,Harshaguda,16.03490673
78.38879215,17.18869099,Maheshwaram,Nagaram,Sangiguda,11.843862
78.15048969,17.18663332,Shabad,Bhongirpalle,Bhongirpally,9.277420368
78.32611073,17.18924032,Shamshabad,Madanpalle, ,14.19901321
78.70700063,17.19161673,Ibrahimpatnam,Raipole,Raipole,48.99847517
78.30627656,17.1900018,Shamshabad,Palmakole,Pilloniguda,7.614387087
78.56924183,17.19405001,Ibrahimpatnam,Ferozguda,Sahebguda,5.438279019
78.75464214,17.19688243,Manchal,Thallapalliguda,Thallapalliguda,1.748460331
78.4592052,17.19297266,Maheshwaram,Mankhal,Harshaguda,9.528388797
78.19898672,17.19140087,Shabad,Damerlapalle,Nandharkhanpet,10.25712566
78.73214578,17.1963488,Ibrahimpatnam,Ramreddiguda, ,34.74781176
78.52032126,17.1959698,Maheshwaram,Kongar Khurd (A), ,7.086668267
78.74477743,17.19928945,Ibrahimpatnam,Muknoor,Thallapalliguda,3.309040238
78.49517983,17.19691786,Maheshwaram,Sreenagar,Thukkuguda,8.132173885
78.75441526,17.20049256,Ibrahimpatnam,Muknoor,Mukunoor,4.976417035
78.65642151,17.20017761,Ibrahimpatnam,Ibrahimpatnam (Bagath) (CT) WARD NO.-000, ,5.088209106
78.41382466,17.19993412,Shamshabad,Bahadurguda,Raikunta,1.933470763
78.324561,17.19858225,Shamshabad,Madanpalle,Newthanda,5.889193812
78.54222464,17.19985815,Ibrahimpatnam,Kongara Kalan, ,29.67721856
78.75911783,17.20421207,Ibrahimpatnam,Muknoor,Mukunoor,1.541155508
78.39107868,17.19910047,Shamshabad,Sanghiguda,Shankarapur,26.2225557
78.7037604,17.20447487,Ibrahimpatnam,Raipole,Raipole,5.848394186
78.75182345,17.20547645,Ibrahimpatnam,Muknoor,Mukunoor,2.931737053
78.52076826,17.20286399,Maheshwaram,Kongar Khurd (A),Kongara Khurd (A),17.46166774
78.32886785,17.199882,Shamshabad,Madanpalle,Newthanda,54.55244591
78.1937602,17.19948767,Shabad,Damerlapalle,Peddaveedu,8.771994537
78.76278247,17.20708255,Ibrahimpatnam,Muknoor,Mukunoor,0.909568428
78.16471259,17.19980521,Shabad,Machanpalle,Machanpally,5.473527662
78.55273545,17.20538048,Ibrahimpatnam,Kongara Kalan, ,8.865765426
78.70943282,17.20827331,Ibrahimpatnam,Raipole,Raipole,0.549759721
78.7808056,17.20913253,Ibrahimpatnam,Dandumailaram,Dandumailaram,3.853481059
78.58915342,17.20761446,Ibrahimpatnam,Mangalpalle,Bongloor,2.607691378
78.38319513,17.20493018,Shamshabad,Sanghiguda,Shankarapur,8.637204853
78.5964692,17.20742953,Ibrahimpatnam,Mangalpalle,Bongloor,5.444134361
78.41109691,17.20625454,Shamshabad,Bahadurguda,Sayyedguda,2.339228536
78.54311788,17.20808892,Ibrahimpatnam,Kongara Kalan, ,3.361198901
78.32369573,17.20620569,Shamshabad,Madanpalle,Newthanda,1.921403976
78.39648709,17.20584028,Shamshabad,Golkonda Kalan,Sayyedguda,25.99101525
78.19795125,17.20463451,Shabad,Peddaved,Peddaveedu,3.264573468
78.35209423,17.20815639,Shamshabad,Peddashapur,Newthanda,39.33874655
78.46368694,17.21039243,Maheshwaram,Mankhal,Harshaguda,22.5120071
78.33907618,17.21104714,Shamshabad,Peddashapur,Newthanda,1.410320014
78.29822292,17.21017016,Shamshabad,Jukal,Pilloniguda,13.46385005
78.17183302,17.20645557,Shabad,Machanpalle,Machanpally,46.10123278
78.34811956,17.21333741,Shamshabad,Peddashapur,Newthanda,1.36735176
78.45429062,17.21345875,Maheshwaram,Almasguda, ,10.66591084
78.77656585,17.21895982,Ibrahimpatnam,Dandumailaram,Dandumailaram,1.35749185
78.68274909,17.21775778,Ibrahimpatnam,Naganpalle, ,6.683898274
78.22646443,17.21253391,Shabad,Maddur,Maddur,7.700624238
78.68987458,17.22060456,Ibrahimpatnam,Naganpalle,Naganpally,1.39842951
78.38047021,17.21556297,Shamshabad,Cherlaguda, ,31.96541986
78.33615171,17.21715389,Shamshabad,Peddashapur,Newthanda,3.913712549
78.30680855,17.21442457,Shamshabad,Jukal,Jukal,52.9730972
78.34912659,17.21688991,Shamshabad,Ghansimiaguda,Newthanda,26.49512213
78.74725687,17.22174815,Ibrahimpatnam,Dandumailaram,Dandumailaram,28.4239158
78.35540261,17.21851116,Shamshabad,Ghansimiaguda,Newthanda,18.54888956
78.77389579,17.22393981,Ibrahimpatnam,Dandumailaram,Dandumailaram,3.623072162
78.71223051,17.22023896,Ibrahimpatnam,Polkampalle,Polkampally,39.58509333
78.30584653,17.21902922,Shamshabad,Jukal,Jukal,2.446150563
78.77062164,17.22459557,Ibrahimpatnam,Dandumailaram,Dandumailaram,1.23474864
78.47328426,17.21896377,Maheshwaram,Mankhal,Harshaguda,40.0075202
78.44899036,17.22067622,Maheshwaram,Mankhal,Harshaguda,9.933396137
78.6935145,17.22572856,Ibrahimpatnam,Naganpalle,Naganpally,0.734680699
78.68587459,17.22572133,Ibrahimpatnam,Naganpalle,Naganpally,2.703943878
78.77507118,17.22712668,Ibrahimpatnam,Dandumailaram,Dandumailaram,1.230148172
78.71908332,17.22666801,Ibrahimpatnam,Polkampalle,Polkampally,3.603548395
78.75639022,17.22783735,Ibrahimpatnam,Dandumailaram,Dandumailaram,5.736068838
78.09313099,17.22116214,Shabad,Regadidoswada,Makthaguda,1.70923395
78.26156857,17.22332009,Shamshabad,Ramanujapur,Botiguda,10.01738049
78.78963575,17.22968179,Ibrahimpatnam,Hafizpura,Dandumailaram,6.8700619
78.81174504,17.23087529,Ibrahimpatnam,Hafizpura,Dandumailaram,0.751971616
78.09127045,17.22173732,Shabad,Regadidoswada,Makthaguda,5.874955118
78.62682494,17.22875747,Ibrahimpatnam,Ramdaspalle,Ramdaspally,2.645223745
78.47791065,17.22757984,Maheshwaram,Mankhal,Thukkuguda,1.055809275
78.43483124,17.22735869,Maheshwaram,Mankhal,Mamidipalle,7.595673175
78.24975617,17.2252206,Shamshabad,Ramanujapur,Botiguda,30.34911911
78.33990924,17.22644542,Shamshabad,Peddashapur, ,57.17680955
78.7026718,17.23264415,Ibrahimpatnam,Naganpalle,Polkampally,0.368225655
78.11830709,17.22581549,Shabad,Tadlapalle,Thimmareddyguda,4.871531222
78.27979538,17.22779215,Shamshabad,Nanajpur,Malkaram,10.77002317
78.42560648,17.22994903,Shamshabad,Gollapalle Kalan,Sayyedguda,4.677124525
78.50243781,17.22269057,Maheshwaram,Raviryal,Kurmalguda,543.7186386
78.38200393,17.23073851,Shamshabad,Tondpalle, ,2.224436068
78.22064642,17.22851337,Shabad,Solipet,Chinna Solipet,7.135990083
78.18667849,17.22911477,Shabad,Chandenvalle,Chandanavally,10.55549314
78.17450117,17.22955227,Shabad,Chandenvalle,Chandanavally,9.295340604
78.39718994,17.23170083,Shamshabad,Maqtabahadur Ali,Posettyguda,15.27760757
78.35115481,17.23281781,Shamshabad,Gandiguda,Narkhuda,6.272696627
78.53044338,17.23554515,Ibrahimpatnam,Adibatla,Adibatla,8.699346315
78.54998743,17.23643764,Ibrahimpatnam,Adibatla,Adibatla,11.4802453
78.12672043,17.23193867,Shabad,Tadlapalle,Thimmareddyguda,5.294686033
78.38247492,17.23656107,Shamshabad,Tondpalle, ,2.884506789
78.41559934,17.23567069,Shamshabad,Gollapalle Kalan, ,36.29751278
78.42327729,17.23888657,Balapur,Mamidipalle,Mamidipalle,3.476690703
78.2611233,17.23743834,Shamshabad,Ramanujapur,Botiguda,8.907637938
78.43008636,17.23976723,Balapur,Mamidipalle,Mamidipalle,3.67762264
78.3372813,17.23634538,Shamshabad,Chowderguda,Chowderguda,45.93854218
78.36985602,17.23948209,Shamshabad,Tondpalle,Devathala Bowli (Ui),14.4440321
78.21350802,17.23554475,Shabad,Solipet,Chinna Solipet,64.56286933
78.45187385,17.2418621,Balapur,Mamidipalle,Mamidipalle,5.65316591
78.38710155,17.23972937,Shamshabad,Tondpalle, ,22.2672065
78.6474359,17.24498147,Ibrahimpatnam,Ramdaspalle,Upperguda,0.991034996
78.57316249,17.24329826,Abdullapurmet,Turkayamjal,Kammaguda,11.94090531
78.39515189,17.24256485,Shamshabad,Gollapalle Khurd,Posettyguda,21.16706031
78.35086107,17.24139066,Shamshabad,Narkhuda,Narkhuda,28.44492683
78.41710796,17.24498885,Shamshabad,Gollapalle Khurd,Mamidipalle,12.12395406
78.57561406,17.24744659,Abdullapurmet,Turkayamjal,Kammaguda,3.800505798
78.4468707,17.24683842,Balapur,Mamidipalle,Mamidipalle,5.504952341
78.46040379,17.24793653,Balapur,Mamidipalle,Mamidipalle,2.246765202
78.7269094,17.2506306,Ibrahimpatnam,Polkampalle,Polkampally,3.625568985
78.58870017,17.2502072,Abdullapurmet,Manneguda,Ragannaguda,9.872630894
78.45661889,17.24920924,Balapur,Mamidipalle,Mamidipalle,1.881765388
78.30537121,17.24629925,Shamshabad,Kacharam,Kacharam,12.19570076
78.34249722,17.24615972,Shamshabad,Chowderguda,Narkhuda,92.00703887
78.16242979,17.24814748,Chevella,Gundal,Saireddyguda,6.153139945
78.40560376,17.25137966,Shamshabad,Gollapalle Khurd,Shamshabad(Pt),6.192238197
78.57403772,17.25284145,Abdullapurmet,Turkayamjal,Kammaguda,53.33971272
78.45864491,17.2550241,Balapur,Mamidipalle,Mamidipalle,1.627141214
78.40396187,17.25405927,Shamshabad,Shamshabad,Shamshabad(Pt),4.130475185
78.46220493,17.25495939,Balapur,Mamidipalle,Mamidipalle,4.363103843
78.44530705,17.25471668,Balapur,Mamidipalle,Mamidipalle,5.240060536
78.59126316,17.25712757,Abdullapurmet,Manneguda,Ragannaguda,10.45752374
78.54211822,17.25696749,Balapur,Nadargul,Nadargul,8.665677037
78.53210594,17.25679877,Balapur,Nadargul,Nadargul,32.53274744
78.28394231,17.25580362,Shamshabad,Malkaram,Malkaram,3.726133088
78.54947639,17.25920596,Balapur,Nadargul,Nadargul,2.885442745
78.57907851,17.25900466,Abdullapurmet,Turkayamjal,Kammaguda,27.74987863
78.7522905,17.26125762,Ibrahimpatnam,Dandumailaram, ,25.0112739
78.54453459,17.2605186,Balapur,Nadargul,Nadargul,4.536972523
78.38683686,17.2553505,Shamshabad,Gollapalle Khurd,Hariguda (Ui),86.40947947
78.53873166,17.26195234,Balapur,Nadargul,Nadargul,0.989899435
78.35044905,17.25974523,Shamshabad,Ammapalle,Ammapally,8.767232934
78.37407352,17.26055273,Shamshabad,Hariguda, ,4.590933226
78.32718781,17.26048688,Shamshabad,Narkhuda,Narkhuda,3.513191047
78.68321092,17.26439759,Abdullapurmet,Anajpur,Anajpur,5.323969726
78.30365694,17.25969244,Shamshabad,Sultanpalle,Sultanpalli,13.51317078
78.33107009,17.26149705,Shamshabad,Narkhuda,Narkhuda,3.857970925
78.71889297,17.26611641,Abdullapurmet,Mazidpur,Polkampally,34.8890466
78.3419434,17.26355157,Shamshabad,Narkhuda,Narkhuda,3.128202092
78.34399273,17.26337017,Shamshabad,Ammapalle,Ammapally,7.216622424
78.6090042,17.26494015,Abdullapurmet,Toroor (Faroor),Munganoor,56.85190307
78.5053281,17.26412527,Balapur,Kurmalguda,Kurmalguda,69.9642573
78.66956425,17.26833167,Abdullapurmet,Omerkhan Daira,Upperguda,15.45760796
78.72258938,17.2693954,Abdullapurmet,Mazidpur,Mazidpur,15.50859316
78.40294662,17.26712602,Shamshabad,Shamshabad,Shamshabad(Pt),5.573409533
78.51465709,17.26822097,Balapur,Kurmalguda,Kurmalguda,38.36778086
78.34193802,17.26781348,Shamshabad,Narkhuda,Narkhuda,8.811758231
78.46369025,17.27116997,Balapur,Mamidipalle,Mamidipalle,2.361180176
78.65988412,17.27428559,Abdullapurmet,Koheda,Upperguda,2.141936367
78.31852588,17.27162069,Shamshabad,Sultanpalle,Sultanpalli,6.66845559
78.28231531,17.27233859,Moinabad,Amdapur,Amadapur,12.95619612
78.70024588,17.27911208,Abdullapurmet,Anajpur,Gunthapally,19.55292267
78.52568147,17.27568603,Balapur,Nadargul,Nadargul,81.43954015
78.72243526,17.28074963,Abdullapurmet,Mazidpur,Mazidpur,5.073273936
78.24967935,17.27778912,Moinabad,Sriramnagar,Sriramnagar,2.409716755
78.49415896,17.28130222,Balapur,Mallapur,Renukapur,1.948838313
78.44741498,17.28153147,Balapur,Jalpalle,Jalpalle,3.256864318
78.71530975,17.28465763,Abdullapurmet,Anajpur,Mazidpur,3.087251057
78.6588243,17.28429255,Abdullapurmet,Koheda,Upperguda,7.537629041
78.28896167,17.28094567,Moinabad,Amdapur,Amadapur,8.853784229
78.40557984,17.28416196,Shamshabad,Langerguda, ,7.512994856
78.61548068,17.28812293,Abdullapurmet,Toroor (Faroor),Munganoor,2.376832457
78.70475181,17.28909385,Abdullapurmet,Guntapalle,Gunthapally,4.670756858
78.38800318,17.28595901,Shamshabad,Kothwalguda,Kothwalguda,3.747369907
78.42810841,17.28647925,Rajendranagar,Gangapahad,Satamrai,4.765306001
78.42384209,17.28659041,Shamshabad,Shahajadibegum,Satamrai,18.24713114
78.30334474,17.28627228,Moinabad,Bakaram Jagir,Bakaram Jagir,3.344627437
78.66662705,17.29500408,Abdullapurmet,Koheda,Upperguda,1.742613649
78.45745572,17.28827133,Balapur,Jalpalle, ,91.77205522
78.51715621,17.29356685,Balapur,Badangpet,Badangpet,2.996251111
78.58239457,17.28506741,Abdullapurmet,Turkayamjal,Kammaguda,381.9754099
78.41197321,17.29306165,Rajendranagar,Gangapahad, ,5.648301556
78.4869144,17.29244169,Balapur,Renukapur,Papayakumandan,66.60064658
78.64620005,17.29640103,Abdullapurmet,Koheda,Upperguda,1.198359912
78.27912711,17.29283395,Moinabad,Surangal,Moinabad,7.67e-05
78.27884346,17.29342514,Moinabad,Surangal,Moinabad,1.725127883
78.27015427,17.29248602,Moinabad,Surangal,Moinabad,12.96871406
78.7320976,17.3008389,Abdullapurmet,Batasingaram,Batasingaram,6.195896831
78.64475072,17.30067721,Abdullapurmet,Koheda,Upperguda,8.060887663
78.4974742,17.29909505,Balapur,Balapur,Kothapeta Og,47.94840411
78.69413205,17.30213157,Abdullapurmet,Inamguda,Inamguda,1.799316072
78.42340281,17.29833195,Rajendranagar,Gangapahad,Satamrai,33.31922938
78.44314408,17.29963119,Balapur,Jalpalle, ,15.22588457
78.71084644,17.30121716,Abdullapurmet,Batasingaram,Batasingaram,71.91122851
78.45686588,17.29756781,Balapur,Jalpalle, ,118.5191556
78.52693543,17.30333267,Balapur,Badangpet,Badangpet,1.327914651
78.475958,17.30261407,Balapur,Kothapet, ,2.594409983
78.5164795,17.30322207,Balapur,Papayakumandan,Badangpet,4.004107132
78.59685232,17.29998266,Abdullapurmet,Injapur,Injapur,118.3257867
78.45122313,17.30287196,Rajendranagar,Lakshmiguda, ,3.152392663
78.30294181,17.30127294,Moinabad,Bakaram Jagir,Bakaram Jagir,1.892403782
78.67794791,17.30607668,Abdullapurmet,Laskerguda,Laskerguda,1.109069622
78.53699208,17.30571894,Balapur,Almasguda,Almasguda,9.575066217
78.69147674,17.30643233,Abdullapurmet,Inamguda,Laskerguda,25.65513455
78.50836594,17.30653664,Saroornagar,Roshanuddavula,Badangpet,0.800723183
78.6450953,17.30622279,Abdullapurmet,Koheda,Pedda Amberpet,23.95559655
78.30181712,17.30466386,Moinabad,Nazeebnagar,Nazeebnagar,1.362047046
78.28317343,17.30350138,Moinabad,Nazeebnagar,Moinabad,40.29676383
78.44811385,17.30776827,Rajendranagar,Lakshmiguda, ,2.375010855
78.4111932,17.30585398,Rajendranagar,Premavathipet, ,47.96810474
78.54285957,17.3101874,Balapur,Almasguda,Almasguda,7.944436344
78.63393719,17.30884875,Abdullapurmet,Pedda Amberpet,Pedda Amberpet,96.51360211
78.460894,17.30987323,Bandlaguda, , ,9.954801483
78.6665818,17.312659,Abdullapurmet,Pedda Amberpet,Pedda Amberpet,3.529147214
78.39966285,17.30967589,Rajendranagar,Premavathipet, ,3.083005943
78.7033668,17.31110311,Abdullapurmet,Abdullapur,Abdullapur,42.4547298
78.71178362,17.31352169,Abdullapurmet,Batasingaram,Batasingaram,2.607587264
78.39407514,17.31027392,Rajendranagar,Budwel, ,4.895335316
78.07955361,17.30646767,Chevella,Aloor III,Aloor Ii,5.268973271
78.65694974,17.31396752,Abdullapurmet,Pedda Amberpet,Pedda Amberpet,4.202046316
78.44451361,17.31342228,Rajendranagar,Mylardevpally-00, ,4.854911694
78.41351675,17.313955,Rajendranagar,Premavathipet, ,1.646011976
78.45436206,17.31316609,Rajendranagar,Mylardevpally-00, ,34.02418223
78.69825789,17.31815942,Abdullapurmet,Abdullapur,Abdullapur,3.112803979
78.56858311,17.31497289,Hayathnagar,Sahebnagar_Kalan, ,29.91250122
78.30681136,17.31401041,Moinabad,Yenkepalle,Yenkepalle,22.40196083
78.42760441,17.31571174,Rajendranagar,Pallecheru, ,18.56411014
78.5303414,17.31554725,Balapur,Meerpet,Jillalguda,59.38576158
78.39598459,17.31650237,Rajendranagar,Budwel, ,1.594174777
78.51935157,17.31740935,Balapur,Meerpet,Jillalguda,14.79840954
78.73593479,17.32021548,Abdullapurmet,Piglipur,Pigilipur,10.2249516
78.6951722,17.32070798,Abdullapurmet,Abdullapur,Abdullapur,2.762571533
78.42338187,17.31788928,Rajendranagar,Katedan, ,2.466984427
78.68342191,17.32006032,Abdullapurmet,Abdullapur,Abdullapur,27.1478085
78.63065329,17.32110435,Abdullapurmet,Pedda Amberpet,Pedda Amberpet,0.965691501
78.65751286,17.32149816,Abdullapurmet,Pedda Amberpet,Pedda Amberpet,6.113033477
78.60073649,17.31995578,Hayathnagar,Kalvancha,Kalvancha,17.20641361
78.26930824,17.31850198,Moinabad,Surangal,Moinabad,3.031815392
78.44904935,17.32093515,Rajendranagar,Mylardevpally-00, ,1.778112437
78.39057253,17.32017066,Rajendranagar,Budwel, ,13.55878252
78.43659056,17.32104539,Rajendranagar,Pallecheru, ,6.312188981
78.59641548,17.32358138,Hayathnagar,Hayathnagar_Amangal,Kalvancha,4.624665199
78.68559136,17.32509849,Abdullapurmet,Kawadipalle,Abdullapur,4.344434125
78.70273243,17.32625677,Abdullapurmet,Kawadipalle,Kawadipally,2.956858174
78.5748382,17.32547817,Hayathnagar,Sahebnagar_Kalan, ,3.360114946
78.42547655,17.32355315,Rajendranagar,Katedan, ,8.755281095
78.52059291,17.32375678,Balapur,Jillalguda,Jillalguda,45.41002919
78.6514855,17.32698569,Abdullapurmet,Pedda Amberpet,Pedda Amberpet,15.58525999
78.57604939,17.32706012,Hayathnagar,Sahebnagar_Kalan, ,2.185418088
78.31954309,17.3246442,Moinabad,Bangaliguda,Himayathnagar,5.736765338
78.27766252,17.32435394,Moinabad,Surangal,Moinabad,3.219929506
78.63391693,17.32806965,Abdullapurmet,Pedda Amberpet,Kuntloor,6.327811831
78.62533332,17.32816966,Abdullapurmet,Kuntloor,Kuntloor,5.106724998
78.54223593,17.32725251,Hayathnagar,Sahebnagar_Khurd,Jillalguda,6.700955419
78.43134041,17.32711292,Rajendranagar,Katedan, ,5.471496653
78.31146773,17.32669884,Moinabad,Yenkepalle,Yenkepalle,10.38016234
78.51079197,17.32879909,Balapur,Chintalakunta, ,17.69899119
78.54180674,17.33017416,Hayathnagar,Sahebnagar_Khurd, ,3.097180759
78.70140461,17.33254199,Abdullapurmet,Kawadipalle,Kawadipally,4.170952601
78.62778673,17.33233754,Abdullapurmet,Kuntloor,Kuntloor,2.998874676
78.63136505,17.33311869,Abdullapurmet,Kuntloor,Kuntloor,1.185313936
78.5832872,17.33360702,Abdullapurmet,Vansathalipuram-00,Kalvancha,2.937130479
78.70343271,17.33470231,Abdullapurmet,Kawadipalle,Kawadipally,3.708262241
78.30421789,17.33135687,Moinabad,Yenkepalle,Yenkepalle,4.038439471
78.44224565,17.3321805,Rajendranagar,Bumrakuddawla, ,17.24429661
78.54139821,17.33292652,Balapur,Jillalguda, ,10.2034397
78.26536662,17.33089668,Moinabad,Peddamangalaram,Pedda Mangalaram,6.992634102
78.56422001,17.33629802,Hayathnagar,Sahebnagar_Khurd,Mathuguda,0.816508721
78.5488651,17.33635042,Hayathnagar,Sahebnagar_Khurd,Mathuguda,4.567271352
78.67414255,17.33759572,Abdullapurmet,Baljaguda,Pasmamla,3.114200991
78.52311507,17.33624232,Balapur,Jillalguda, ,22.3554906
78.64295679,17.34017672,Abdullapurmet,Pasmamla,Pasmamla,2.27047953
78.60157788,17.34155131,Abdullapurmet,Hathiguda,Papaiguda,1.452262491
78.55391153,17.34116973,Hayathnagar,Sahebnagar_Khurd, ,1.165071188
78.50835558,17.34206666,Saroornagar,Champapet00, ,6.169773034
78.54370625,17.34298246,Saroornagar,Lingojiguda, ,2.434279783
78.59989581,17.34321521,Abdullapurmet,Hathiguda,Papaiguda,5.105106952
78.256711,17.33977064,Moinabad,Peddamangalaram,Pedda Mangalaram,6.475898686
78.62120078,17.34483152,Abdullapurmet,Kuntloor,Papaiguda,3.658878592
78.69891073,17.34527734,Abdullapurmet,Kawadipalle,Tharamatipet,6.909212019
78.55045919,17.34403367,Hayathnagar,Sahebnagar_Khurd,Mathuguda,17.83505422
78.66769071,17.34605529,Abdullapurmet,Pasmamla,Pasmamla,18.16039728
78.3562641,17.3075377,Moinabad,Amdapur,Aziznagar,4935.626656
78.56192707,17.34667413,Saroornagar,Mansoorabad-000,Mathuguda,16.33429715
78.65036605,17.34435785,Abdullapurmet,Pasmamla,Pasmamla,87.94953911
78.68304204,17.34746132,Abdullapurmet,Baljaguda,Tharamatipet,73.15332872
78.59614803,17.3490828,Abdullapurmet,Hathiguda,Tattiannaram,4.689697038
78.61786866,17.34850975,Abdullapurmet,Kuntloor,Papaiguda,53.70169897
78.27738241,17.34552942,Moinabad,Chilkoor,Appojiguda,21.93509646
78.26476666,17.34710644,Moinabad,Peddamangalaram,Pedda Mangalaram,0.917354458
78.67228184,17.35127328,Abdullapurmet,Tharamathipet,Tharamatipet,17.33184692
78.38812504,17.3489285,Gandipet,Bandlaguda,Bandlaguda Jagir,3.122131591
78.55032186,17.35142671,Saroornagar,Saroornagar-00,Mathuguda,1.428908895
78.62889525,17.35135539,Abdullapurmet,Kuntloor,Papaiguda,16.42495041
78.55913031,17.3524186,Saroornagar,Mansoorabad-000,Mathuguda,5.842088415
78.6494148,17.35503478,Abdullapurmet,Pasmamla,Pasmamla,63.74091268
78.39571986,17.35509806,Gandipet,Bandlaguda,Hydershakote (Ui),2.899742277
78.42831526,17.35598509,Rajendranagar,Attapur-000, ,1.14897972
78.37597668,17.35550141,Gandipet,Bandlaguda,Gandhamguda,2.590199098
78.37138551,17.354458,Gandipet,Peeramcheru, ,19.79744572
78.36772912,17.35620135,Gandipet,Peeramcheru, ,0.679414147
78.36950973,17.35754164,Gandipet,Peeramcheru, ,1.859719629
78.5279572,17.35391325,Saroornagar,Gaddiannaram-00, ,151.7514917
78.38381669,17.35911115,Gandipet,Gandamguda,Gandhamguda,3.525006178
78.68312992,17.3619677,Abdullapurmet,Tharamathipet,Tharamatipet,10.39561971
78.43127819,17.35918097,Rajendranagar,Attapur-000, ,8.018249548
78.42376905,17.35981217,Rajendranagar,Attapur-000, ,4.503123994
78.55423569,17.36272516,Saroornagar,Saroornagar-00,Mathuguda,2.036897795
78.34955195,17.36146497,Gandipet,Manchirevula,Manchirevula,3.118845523
78.7162215,17.36622149,Abdullapurmet,Bandaraviryal,Bandaraviryal,2.26263394
78.35798277,17.36246259,Gandipet,Manchirevula,Manchirevula,2.716063516
78.52569059,17.36451201,Saroornagar,Gaddiannaram-00,Gaddiannaram(Pt),2.166287155
78.60644714,17.36580073,Abdullapurmet,Tatti Khana,Tattikhana,0.494979536
78.3926756,17.36363569,Gandipet,Hydershakot,Hydershakote (Ui),5.126706422
78.55669095,17.36571344,Saroornagar,Saroornagar-00, ,2.863587313
78.53032036,17.36511688,Saroornagar,Gaddiannaram-00, ,17.92851266
78.41964329,17.36492397,Rajendranagar,Attapur-000, ,1.740621104
78.71061579,17.36837247,Abdullapurmet,Bandaraviryal,Bandaraviryal,2.132127042
78.60368394,17.36662448,Abdullapurmet,Tatti Annaram,Tattikhana,10.00343219
78.37396247,17.36399456,Gandipet,Bairagiguda,Bairagiguda,14.48082534
78.33633319,17.36466488,Gandipet,Manchirevula,Manchirevula,2.009836786
78.56676256,17.36546936,Uppal,Bandlaguda, ,41.31463426
78.38380664,17.36675352,Gandipet,Gandamguda,Gandhamguda,3.906421568
78.71375518,17.37065661,Abdullapurmet,Bandaraviryal,Bandaraviryal,2.54704975
78.68918461,17.36992343,Abdullapurmet,Tharamathipet,Daira (Ui),8.833161176
78.73232779,17.3702155,Abdullapurmet,Bandaraviryal,Bandaraviryal,6.659406387
78.2685876,17.36557415,Moinabad,Chilkoor,Appojiguda,8.896852751
78.42742534,17.36850149,Rajendranagar,Attapur-000, ,3.309311156
78.55866574,17.36985304,Uppal,Nagole, ,5.633285577
78.37115027,17.36767709,Gandipet,Bairagiguda,Bairagiguda,12.03315441
78.65363194,17.37190326,Abdullapurmet,Thimmaiguda,Thimmaiguda,2.051324295
78.3405536,17.36947268,Gandipet,Manchirevula,Manchirevula,0.666800476
78.34385953,17.36949001,Gandipet,Manchirevula,Manchirevula,10.7693051
78.26628412,17.36883823,Moinabad,Chilkoor,Appojiguda,9.226664795
78.36071577,17.37123256,Gandipet,Manchirevula,Manchirevula,3.391742527
78.71980924,17.37565255,Abdullapurmet,Bandaraviryal,Bandaraviryal,2.167751151
78.72432872,17.37542311,Abdullapurmet,Bandaraviryal,Bandaraviryal,4.838377463
78.5813665,17.37500037,Uppal,Fathullaguda,Mathuguda,10.28586713
78.61279385,17.37583636,Abdullapurmet,Marripalle,Tattikhana,31.29340687
78.35148785,17.37515178,Gandipet,Manchirevula,Manchirevula,1.547585518
78.56354768,17.37771024,Uppal,Nagole, ,21.47556135
78.64582495,17.37906966,Abdullapurmet,Qutubullapur,Thimmaiguda,18.9813864
78.35201297,17.37727309,Gandipet,Manchirevula,Manchirevula,1.714222249
78.19989443,17.37496399,Moinabad,Medipalle,Medipally,5.985306836
78.35053387,17.37853538,Gandipet,Manchirevula,Manchirevula,1.832920859
78.39539533,17.37953892,Gandipet,Alizapur,Maqthakousarali (Ui),6.71037457
78.5994153,17.38235568,Abdullapurmet,Marripalle,Marripally,2.137532706
78.33408872,17.38123301,Gandipet,Narsingi,Narsingi,2.861838159
78.33551562,17.38263641,Gandipet,Narsingi,Narsingi,0.958893281
78.71399764,17.38869229,Abdullapurmet,Bandaraviryal,Bandaraviryal,8.713319438
78.35839431,17.38567296,Gandipet,Narsingi,Narsingi,2.759051789
78.37042037,17.38481752,Gandipet,Maqtha Kousarali,Maqthakousarali (Ui),21.13572582
78.32218638,17.38703759,Gandipet,Gandipet,Gandipet,1.424664851
78.59058966,17.39097628,Medipally,Peerzadguda, ,1.402934808
78.61351798,17.39145599,Medipally,Parvathapur,Parvathapur,1.539665403
78.37005774,17.38976602,Gandipet,Neknampur,Maqthakousarali (Ui),4.122967928
78.34982908,17.38933247,Gandipet,Narsingi,Narsingi,5.595078981
78.37622956,17.38711144,Gandipet,Neknampur,Maqthakousarali (Ui),78.61014659
78.38971585,17.39193085,Gandipet,Alizapur,Alijapur,0.857693852
78.58977327,17.39417647,Medipally,Miyapur, ,3.338088187
78.326579,17.39197127,Gandipet,Kokapet,Kokapet,0.590879192
78.55236983,17.39467869,Uppal,Uppal_Bhagath-000, ,3.292059125
78.73772188,17.39696946,Ghatkesar,Edulabad,Marepally Guda,2.163747065
78.30893186,17.39260853,Gandipet,Khanapur,Khanapur,2.125768524
78.3865162,17.39332685,Gandipet,Panjashajamal Bowli,Pokkalwada (Ui),2.274630143
78.60334893,17.39451066,Medipally,Peerzadguda,Parvathapur,14.70730298
78.53878765,17.39474871,Uppal,Ramanthapur_Bagath-000, ,22.03201263
78.54999996,17.39802608,Uppal,Uppal_Bhagath-000, ,1.051019867
78.62960158,17.39923889,Ghatkesar,Kachwanisingaram,Gulamaliguda   (Ui),2.361686128
78.56010546,17.39856146,Uppal,Uppal_Bhagath-000, ,2.327703722
78.3461406,17.39706627,Gandipet,Narsingi,Narsingi,10.22117522
78.59332854,17.39920594,Medipally,Miyapur, ,39.39270957
78.30448456,17.39824645,Gandipet,Khanapur,Khanapur,8.091113945
78.52543976,17.39967616,Amberpet, , ,28.76771045
78.73091133,17.40245904,Ghatkesar,Edulabad,Marepally Guda,10.75454102
78.55052826,17.40277362,Uppal,Uppal_Khalsa, ,2.168717081
78.35549872,17.40154264,Gandipet,Puppalguda,Narsingi,8.72009069
78.54004253,17.4027561,Uppal,Habsiguda-000, ,23.63426138
78.59604775,17.40595844,Medipally,Miyapur,Medipally,1.486990011
78.57867338,17.4042609,Medipally,Boduppal, ,59.58176902
78.19383686,17.39742812,Shankarpalle,Proddutur,Proddatur,118.2841008
78.7528037,17.40834598,Ghatkesar,Madharam,Madharam,5.20336164
78.7141488,17.40686204,Ghatkesar,Edulabad,Marepally Guda,43.28026707
78.29967525,17.3748505,Moinabad,Aziznagar,Mirjaguda,5845.89373
78.30149021,17.40477579,Gandipet,Khanapur,Khanapur,10.09769799
78.6269905,17.41212391,Ghatkesar,Narepalle,Narepally,1.481726026
78.35385544,17.40922735,Gandipet,Puppalguda,Narsingi,6.274543711
78.37042322,17.4100067,Gandipet,Puppalguda, ,1.963748338
78.57580292,17.41145787,Medipally,Boduppal,Boduppal,10.31721413
78.56707724,17.41273573,Uppal,Uppal_Bhagath-000, ,3.253347616
78.58940742,17.41387914,Medipally,Boduppal,Boduppal,4.725463611
78.59285187,17.41521855,Medipally,Boduppal,Medipally,1.383610626
78.61060132,17.41441131,Medipally,Medipalle,Medipally,24.73368542
78.25708167,17.41072594,Shankarpalle,Janwada,Mirjaguda,17.38157865
78.74191407,17.41590438,Ghatkesar,Madharam,Madharam,26.49718104
78.56087949,17.41570939,Uppal,Uppal_Bhagath-000, ,2.870955461
78.53613312,17.4172536,Uppal,Habsiguda-000, ,3.203218926
78.52856048,17.4175347,Uppal,Habsiguda-000, ,3.675965865
78.74873814,17.41995258,Ghatkesar,Madharam,Madharam,3.024019959
78.39608479,17.41698383,Serilingampally,Rayadurgukalsa, ,2.323917743
78.38589644,17.41605482,Gandipet,Manikonda, ,13.1995407
78.36139214,17.41496198,Gandipet,Puppalguda, ,55.43481957
78.31725171,17.41666382,Gandipet,Vattinagulapalle,Vattinagulapally,7.060786929
78.62949833,17.42060952,Ghatkesar,Narepalle,Narepally,10.43835594
78.36159935,17.41915021,Serilingampally,Khajaguda, ,2.511759904
78.59148295,17.4215485,Medipally,Boduppal,Chengicherla,3.354537487
78.67005669,17.42055533,Ghatkesar,Korremul, ,61.65195668
78.37368456,17.42044484,Serilingampally,Khajaguda, ,2.476163187
78.36643568,17.42055209,Serilingampally,Khajaguda, ,4.332905601
78.62552011,17.42385437,Ghatkesar,Narepalle,Narepally,5.24124585
78.28702045,17.4185061,Gandipet,Vattinagulapalle,Vattinagulapally,37.88333022
78.37828933,17.4216971,Serilingampally,Rayadurgukalsa, ,1.487822516
78.71815772,17.42561554,Ghatkesar,Edulabad,Marepally Guda,9.657864824
78.60751949,17.42424407,Medipally,Chengicherla,Chengicherla,31.592657
78.55254688,17.42210869,Uppal,Nacharam-000, ,122.8929019
78.29988281,17.42245043,Gandipet,Vattinagulapalle,Vattinagulapally,10.25176022
78.33223769,17.42425658,Serilingampally,Nanakaramguda,Vattinagulapally,1.583369446
78.35637009,17.42393238,Serilingampally,Khajaguda, ,7.621173402
78.35315365,17.42538262,Serilingampally,Khajaguda, ,0.886597576
78.34123822,17.4251359,Serilingampally,Khajaguda, ,8.158654102
78.32374172,17.42541899,Gandipet,Vattinagulapalle,Vattinagulapally,13.49190792
78.57130113,17.42774586,Medipally,Boduppal,Boduppal,40.18042927
78.65479086,17.43151445,Ghatkesar,Annojiguda,Annojiguda,2.9484572
78.61913868,17.4317233,Medipally,Chengicherla,Chengicherla,1.372116775
78.69532461,17.42600087,Ghatkesar,Edulabad,Marepally Guda,477.3246022
78.37268853,17.42572308,Serilingampally,Gachibowli-01, ,37.83888951
78.54390013,17.43057288,Maredpally, , ,16.16268988
78.32861698,17.42939721,Serilingampally,Gopanapalligiri, ,3.484568035
78.3336483,17.4296928,Serilingampally,Khajaguda, ,2.720763325
78.34881438,17.43011519,Serilingampally,Khajaguda, ,14.73546637
78.3649533,17.4313989,Serilingampally,Gachibowli-01, ,1.596341135
78.65990983,17.43486942,Ghatkesar,Annojiguda,Annojiguda,2.088081206
78.60468249,17.43451855,Medipally,Chengicherla,Chengicherla,11.09266293
78.33478081,17.4326869,Serilingampally,Khajaguda, ,0.894963781
78.54787369,17.43399718,Uppal,Nacharam-000, ,25.85936869
78.56779737,17.43615283,Uppal,Mallapur-000, ,0.741613117
78.3243109,17.43332673,Serilingampally,Gopanapalligiri, ,1.415098995
78.30741292,17.43342765,Serilingampally,Gopanapalligiri,Vattinagulapally,2.014842279
78.30864267,17.43405614,Serilingampally,Gopanapalligiri,Vattinagulapally,1.473860775
78.38934724,17.43109173,Serilingampally,Dargahussainshawali, ,74.5935551
78.66306591,17.43853743,Ghatkesar,Annojiguda,Annojiguda,3.230469038
78.65478607,17.43893372,Ghatkesar,Pocharam,Annojiguda,2.891220177
78.35583548,17.43651161,Serilingampally,Gachibowli-01, ,1.180866064
78.30439032,17.43638004,Serilingampally,Gopanapalligiri, ,4.693362903
78.55210865,17.43877116,Malkajgiri,Malkajgiri-0, ,14.35243695
78.5931216,17.44046239,Medipally,Boduppal,Chengicherla,0.833123464
78.31556382,17.43694962,Serilingampally,Gopanapalligiri, ,5.453656993
78.59892296,17.44021272,Medipally,Chengicherla,Chengicherla,8.710501397
78.35296893,17.43846351,Serilingampally,Gachibowli-01, ,0.492096139
78.56930741,17.44071552,Uppal,Mallapur-000, ,2.783123058
78.38109896,17.43959502,Serilingampally,Gafoornagar, ,1.552326687
78.38110113,17.44061377,Serilingampally,Madhapur, ,0.49865105
78.3053267,17.43969743,Serilingampally,Gopanapalligiri, ,4.886976581
78.30975165,17.44130712,Serilingampally,Gopanapalligiri, ,1.641244259
78.51504983,17.4437601,Malkajgiri,Malkajgiri-0, ,1.770915792
78.52661379,17.44493716,Malkajgiri,Malkajgiri-0, ,3.039628241
78.35243137,17.4434983,Serilingampally,Gachibowli-01, ,2.373533813
78.59195571,17.44655313,Medipally,Boduppal,Chengicherla,2.226857429
78.57958769,17.44722522,Uppal,Mallapur-000, ,3.851010744
78.74285516,17.44711229,Ghatkesar,Ankushapur,Ankushapur,39.17577979
78.38133888,17.44519724,Serilingampally,Madhapur, ,2.553703489
78.35822069,17.44485234,Serilingampally,Gachibowli-01, ,3.020767378
78.30251502,17.44397955,Serilingampally,Gopanapalligiri, ,3.297025966
78.40013479,17.44521897,Serilingampally,Guttala_Begumpet, ,11.363047
78.32063779,17.44557182,Serilingampally,Khajaguda, ,6.090130978
78.07952914,17.44238015,Shankarpalle,Ravalpalle Kalan,Ravulapalle Kalan,25.74085277
78.69557938,17.45029041,Ghatkesar,Ghatkesar,Ghatkesar (P.T),11.21461661
78.36119637,17.44872981,Serilingampally,Gachibowli-01, ,1.421305223
78.46558942,17.45030376,Balanagar,Begumpet-0, ,1.903137141
78.57060003,17.45161314,Uppal,Mallapur-000, ,1.554580202
78.33220029,17.44893988,Serilingampally,Gachibowli-01, ,4.698258383
78.39682669,17.44988911,Serilingampally,Guttala_Begumpet, ,5.692102783
78.7506822,17.45442414,Ghatkesar,Aushapur,Aushapur,5.312211921
78.64820397,17.45313198,Ghatkesar,Ismailkhanguda,Godumakunta,6.447370211
78.30338553,17.45132805,Serilingampally,Gopanapalligiri, ,9.111043002
78.57334511,17.45499052,Uppal,Mallapur-000, ,1.825765731
78.40263078,17.45217198,Kukatpally,Allapur, ,23.18344173
78.63202872,17.45487877,Keesara,Rampalle,Godumakunta,15.51582452
78.57931445,17.45573271,Uppal,Mallapur-000, ,1.997686617
78.32656572,17.45231416,Serilingampally,Gachibowli-01, ,8.459319199
78.69788761,17.45674205,Ghatkesar,Ghatkesar,Ghatkesar (P.T),6.144587589
78.37203051,17.45410303,Serilingampally,Madhapur, ,0.695827598
78.43108164,17.45506161,Balanagar,Fathe Nagar-00, ,2.29016738
78.57439508,17.45672362,Uppal,Mallapur-000, ,1.996814557
78.40604595,17.45532749,Kukatpally,Allapur, ,1.046080346
78.38798118,17.45499779,Serilingampally,Khanammet, ,3.983652392
78.41809512,17.45608212,Balanagar,Bobbuguda, ,0.471414558
78.7497598,17.45938416,Ghatkesar,Aushapur,Aushapur,3.76305098
78.3075052,17.45485904,Serilingampally,Gopanapalligiri, ,8.410403838
78.21226498,17.45424243,Shankarpalle,Kondakal,Seriguda,7.872839135
78.56572788,17.45896057,Uppal,Meerpet, ,6.852740118
78.30421156,17.45638511,Serilingampally,Gopanapalligiri, ,3.80272722
78.20272849,17.45567003,Shankarpalle,Kondakal,Seriguda,9.125719114
78.38192989,17.45834754,Serilingampally,Khanammet, ,1.841289501
78.39899997,17.4585347,Kukatpally,KPHB Colony-0, ,5.251401487
78.37529284,17.45892068,Serilingampally,Khanammet, ,0.971248881
78.55290631,17.46089771,Malkajgiri,Malkajgiri-0, ,0.869604133
78.38074055,17.45730702,Serilingampally,Khanammet, ,21.42492718
78.36702905,17.45916012,Serilingampally,Kondapur, ,0.864232553
78.38931541,17.45961445,Serilingampally,Khanammet, ,4.085454442
78.47244764,17.46074012,Tirumalgiri, , ,2.242851012
78.67766611,17.46087645,Ghatkesar,Ghatkesar,Padamatisaiguda,48.77647161
78.37726671,17.46061983,Serilingampally,Khanammet, ,0.822175602
78.70053861,17.46374429,Ghatkesar,Kondapur,Kondapur,6.047760786
78.56570334,17.46357181,Uppal,Meerpet, ,3.230452016
78.34136933,17.46034698,Serilingampally,Gachibowli-01, ,13.57134863
78.54629427,17.4618551,Malkajgiri,Malkajgiri-0, ,68.65262211
78.36381191,17.4620708,Serilingampally,Kohtaguda, ,13.86181175
78.35078078,17.46401158,Serilingampally,Kondapur, ,0.919317484
78.66806424,17.46692307,Ghatkesar,Padamatisaiguda,Padamatisaiguda,10.19300774
78.31930443,17.46319113,Serilingampally,Gachibowli-01, ,8.68208154
78.55451492,17.465879,Malkajgiri,Malkajgiri-0, ,13.99850759
78.20583185,17.46203697,Shankarpalle,Kondakal,Seriguda,10.35045351
78.40283082,17.46364015,Kukatpally,Allapur, ,35.11571589
78.53566457,17.46466913,Malkajgiri,Malkajgiri-0, ,42.68518279
78.37320554,17.4653962,Serilingampally,Izzathnagar, ,3.243066632
78.34001211,17.46571445,Serilingampally,Kondapur, ,1.277213032
78.36490448,17.4662897,Serilingampally,Kondapur, ,3.868670098
78.41467593,17.46377136,Kukatpally,KPHB Colony-0, ,94.42717266
78.39500577,17.46798237,Kukatpally,KPHB Colony-0, ,2.962173485
78.40204916,17.46795173,Kukatpally,KPHB Colony-0, ,7.266301187
78.6213555,17.468512,Keesara,Rampalle,Godumakunta,123.8612938
78.34583965,17.46763611,Serilingampally,Kondapur, ,5.443714688
78.38804145,17.46802354,Kukatpally,KPHB Colony-0, ,27.63183245
78.48010031,17.47021811,Tirumalgiri, , ,12.63669483
78.63596703,17.4726948,Keesara,Rampalle,Godumakunta,1.558557209
78.57141466,17.47225919,Kapra,Kapra-000, ,2.688352013
78.59079281,17.47268805,Kapra,Cherlapalli-000,Charlepalle,1.784372888
78.33865713,17.47030681,Serilingampally,Kondapur, ,2.087639613
78.68884368,17.47393172,Ghatkesar,Kondapur,Kondapur,4.575230304
78.6060997,17.47318512,Kapra,Cherlapalli-000,Charlepalle,2.823728879
78.34237206,17.47089169,Serilingampally,Kondapur, ,0.816957022
78.37191503,17.47143322,Serilingampally,Izzathnagar, ,7.555113661
78.57446066,17.47435269,Kapra,Kapra-000, ,11.61577833
78.33798382,17.4727831,Serilingampally,Kondapur, ,0.568049127
78.59306952,17.47482199,Kapra,Cherlapalli-000,Charlepalle,8.819827778
78.31578955,17.47088972,Serilingampally,Nalagandla, ,42.12060339
78.64799377,17.47647956,Keesara,Godmakunta,Godumakunta,3.356036647
78.5524854,17.47619436,Malkajgiri,Malkajgiri-0, ,1.02410248
78.55721579,17.47639193,Kapra,Kapra-000, ,1.029386107
78.54173825,17.47724799,Malkajgiri,Malkajgiri-0, ,0.958954628
78.53330584,17.4754832,Malkajgiri,Malkajgiri-0, ,35.6737358
78.56748929,17.4782377,Kapra,Kapra-000, ,1.437152818
78.46679823,17.47879209,Balanagar,Old Bowenpally-0, ,1.966194783
78.69511873,17.48205875,Ghatkesar,Kondapur,Kondapur,0.906001911
78.56850826,17.48070372,Kapra,Kapra-000, ,4.117579505
78.41271527,17.47841911,Kukatpally,KPHB Colony-0, ,29.48510598
78.67782093,17.48310896,Keesara,Rampalle,Godumakunta,1.688359555
78.49476367,17.47718989,Balanagar,Hashmathpet, ,95.01585541
78.60741639,17.4796468,Keesara,Nagaram,Nagaram,56.12932121
78.37272237,17.48099118,Kukatpally,Hydernagar-0, ,0.847009979
78.36913656,17.48160353,Kukatpally,Hydernagar-0, ,1.447195777
78.65447041,17.48478423,Keesara,Rampalle,Godumakunta,5.892044355
78.6786806,17.48547957,Keesara,Rampalle,Godumakunta,0.968659762
78.41069959,17.48303871,Kukatpally,KPHB Colony-0, ,0.801875108
78.42403459,17.48260215,Kukatpally,KPHB Colony-0, ,4.973885558
78.45878522,17.48355879,Balanagar,Old Bowenpally-0, ,3.785247522
78.32817288,17.4789439,Serilingampally,Chanda Nagar-0, ,70.73421051
78.44783888,17.48505905,Quthbullapur,Qutubullapur-0, ,3.830150365
78.32253451,17.4846235,Serilingampally,Chanda Nagar-0, ,6.882392369
78.35498811,17.48503456,Serilingampally,Hafeezpet-0, ,7.279210561
78.36226842,17.48726714,Serilingampally,Hafeezpet-0, ,1.705000856
78.68214927,17.49090211,Keesara,Rampalle,Godumakunta,1.24180475
78.60503177,17.49064835,Keesara,Nagaram,Nagaram,4.647791735
78.64076395,17.48910389,Keesara,Kundanpalle,Kundanpally,60.6357281
78.34585477,17.4871833,Serilingampally,Hafeezpet-0, ,29.83263076
78.41799403,17.48736863,Kukatpally,Kukatpally-0, ,12.8819734
78.49192673,17.49006974,Alwal,Alwal-0, ,6.935441944
78.32407747,17.48892687,Serilingampally,Chanda Nagar-0, ,7.254542911
78.32052397,17.48956306,Serilingampally,Taranagar, ,0.847571771
78.36607262,17.4899927,Serilingampally,Hafeezpet-0, ,9.84299237
78.33532725,17.49029972,Serilingampally,Chanda Nagar-0, ,2.830185746
78.32988317,17.49068973,Serilingampally,Chanda Nagar-0, ,1.958807894
78.32043509,17.49144408,Serilingampally,Chanda Nagar-0, ,1.220318514
78.60323187,17.49466653,Keesara,Nagaram,Nagaram,3.120251754
78.36053213,17.49086918,Serilingampally,Hafeezpet-0, ,13.64491765
78.45977799,17.49370236,Quthbullapur,Qutubullapur-0, ,0.896890031
78.65798968,17.49463661,Keesara,Rampalle,Godumakunta,28.44220175
78.70608236,17.49391835,Keesara,Bogaram,Barsiguda,30.62612009
78.48166945,17.49443306,Alwal,Alwal-0, ,3.128645458
78.59082493,17.49591809,Keesara,Nagaram,Nagaram,2.595387973
78.33454242,17.49371585,Serilingampally,Chanda Nagar-0, ,1.316160323
78.61779025,17.49689218,Keesara,Nagaram,Nagaram,3.229260991
78.67284521,17.4979937,Keesara,Rampalle,Godumakunta,1.800568892
78.34440786,17.49483657,Serilingampally,Madeenaguda, ,1.151481688
78.32577215,17.4949106,Serilingampally,Chanda Nagar-0, ,1.176892819
78.46159601,17.49582768,Quthbullapur,Qutubullapur-0, ,5.918374321
78.61320154,17.49866647,Keesara,Nagaram,Nagaram,2.630441043
78.44645031,17.49525234,Quthbullapur,Namdarnagar, ,35.89769539
78.44134883,17.49692111,Quthbullapur,Namdarnagar, ,2.080686365
78.48294498,17.49768113,Alwal,Alwal-0, ,2.037468145
78.5115757,17.49814071,Alwal,Alwal-0, ,1.95120921
78.40931631,17.49727923,Kukatpally,Baghabambari, ,6.861362748
78.55249771,17.49409382,Kapra,Kapra-000, ,86.96653748
78.69766465,17.49900815,Keesara,Bogaram,Barsiguda,15.11993598
78.48828134,17.49829483,Alwal,Alwal-0, ,6.846853006
78.49142005,17.49921889,Alwal,Alwal-0, ,2.30953441
78.60172521,17.50030154,Keesara,Nagaram,Nagaram,10.74400987
78.49135446,17.50055048,Alwal,Alwal-0, ,1.731333889
78.36767462,17.49961246,Serilingampally,Miyapur, ,2.757398235
78.46488177,17.5007864,Quthbullapur,Qutubullapur-0, ,2.93102399
78.36287258,17.50054331,Serilingampally,Miyapur, ,2.315420161
78.48182934,17.50212139,Alwal,Alwal-0, ,0.721559243
78.35074044,17.49858303,Serilingampally,Madeenaguda, ,25.80703803
78.39412546,17.50106649,Kukatpally,Hydernagar-0, ,5.630812042
78.46762344,17.50231237,Quthbullapur,Jeedimetla-00, ,2.433073879
78.39977346,17.50177873,Kukatpally,KPHB Colony-0, ,10.39273742
78.42072414,17.50214793,Kukatpally,Baghabambari, ,5.482886213
78.69451543,17.50571827,Keesara,Bogaram,Barsiguda,2.544717643
78.47658415,17.50350785,Quthbullapur,Jeedimetla-00, ,0.948349403
78.50381637,17.50255186,Alwal,Alwal-0, ,29.68783873
78.54063803,17.50430604,Alwal,Yapral-0, ,2.044167253
78.49437993,17.50400019,Alwal,Alwal-0, ,1.595115903
78.40633751,17.50172993,Kukatpally,Baghabambari, ,27.81029962
78.62944896,17.50567893,Keesara,Cheeriyal,Cheeriyal,3.70699183
78.63155818,17.50658422,Keesara,Cheeriyal,Cheeriyal,1.877159968
78.38203691,17.50324712,Kukatpally,Hydernagar-0, ,6.710890005
78.49211687,17.50501115,Alwal,Alwal-0, ,1.040863006
78.59735739,17.50515167,Keesara,Nagaram,Nagaram,26.99100697
78.43787302,17.50333471,Quthbullapur,Namdarnagar, ,17.22736458
78.35921163,17.50191918,Serilingampally,Miyapur, ,23.90426262
78.3499946,17.50439349,Serilingampally,Miyapur, ,2.434256292
78.32994789,17.50044857,Serilingampally,Chanda Nagar-0, ,87.22559834
78.34084143,17.5034982,Serilingampally,Madeenaguda, ,14.3660173
78.41630945,17.50579578,Kukatpally,Baghabambari, ,0.837741687
78.39062573,17.50509178,Kukatpally,Hydernagar-0, ,7.799843818
78.46351676,17.5066021,Quthbullapur,Jeedimetla-00, ,4.308714223
78.46206326,17.50688274,Quthbullapur,Jeedimetla-00, ,2.18124772
78.47431613,17.50526687,Quthbullapur,Jeedimetla-00, ,34.50443173
78.3162007,17.50434297,Serilingampally,Chanda Nagar-0, ,22.37885363
78.37211328,17.50766283,Serilingampally,Miyapur, ,1.297729498
78.46518795,17.50863275,Quthbullapur,Jeedimetla-00, ,1.879416696
78.48634225,17.5089462,Alwal,Alwal-0, ,3.194421793
78.51184719,17.50805643,Alwal,Alwal-0, ,24.92391351
78.58606683,17.50977965,Keesara,Nagaram,Nagaram,20.59251264
78.46278992,17.5100116,Quthbullapur,Jeedimetla-00, ,1.270902778
78.4060164,17.50971156,Quthbullapur,Gajula Ramaram-0, ,1.75370519
78.5503734,17.51120396,Alwal,Yapral-0, ,1.403016673
78.45655196,17.50921102,Quthbullapur,Qutubullapur-0, ,24.01605592
78.53069444,17.51152281,Alwal,Yapral-0, ,2.168635691
78.61681683,17.51183259,Keesara,Ahmadguda,Ahmedguda,8.516123382
78.38341863,17.50970289,Bachpalle,Nizampet, ,5.509576399
78.70416731,17.51308532,Keesara,Bogaram,Barsiguda,11.42741809
78.41378449,17.51054632,Kukatpally,Shamshiguda, ,13.67879553
78.47560309,17.51187869,Quthbullapur,Petbashirabad, ,5.976895779
78.68869858,17.51505356,Keesara,Keesara,Barsiguda,3.441280402
78.61285365,17.51437417,Keesara,Ahmadguda,Ahmedguda,10.69013288
78.45141416,17.5125894,Quthbullapur,Qutubullapur-0, ,13.58702266
78.5422149,17.51505303,Alwal,Yapral-0, ,7.826011861
78.47823236,17.51532823,Quthbullapur,Petbashirabad, ,7.533560325
78.35925941,17.51400761,Serilingampally,Maktha_Mahabubpet, ,12.02675306
78.56541269,17.51649203,Kapra,Jawaharnagar (CT) WARD NO.-000,Jawaharnagar,12.52517866
78.39246279,17.5123074,Bachpalle,Bachpalle,Bachpally,123.2183947
78.37499118,17.51621379,Bachpalle,Nizampet, ,1.104782401
78.3797479,17.51573716,Bachpalle,Nizampet,Nizampet  .,8.180663147
78.68589247,17.5207537,Keesara,Keesara,Ankireddy Pally,5.050000571
78.50714062,17.51878962,Alwal,Macha Bollaram-0, ,6.771635131
78.37651919,17.51819257,Bachpalle,Nizampet,Nizampet  .,1.056627674
78.44291662,17.51830498,Quthbullapur,Gajula Ramaram-0, ,12.1215913
78.66116493,17.52117954,Keesara,Keesara Daira,Keesara Daira,2.106376562
78.49440355,17.51967531,Alwal,Alwal-0, ,2.37033708
78.62046589,17.51891082,Keesara,Cheeriyal,Cheeriyal,64.44739815
78.3503932,17.51689073,Serilingampally,Maktha_Mahabubpet,Bachpally,25.04755014
78.63347751,17.52157497,Keesara,Cheeriyal,Cheeriyal,3.547732374
78.63157433,17.52265372,Keesara,Cheeriyal,Cheeriyal,2.541185866
78.38805673,17.51937216,Bachpalle,Nizampet,Nizampet  .,5.549364813
78.41178214,17.52074705,Quthbullapur,Gajula Ramaram-0, ,0.529942777
78.37259205,17.51990737,Bachpalle,Bachpalle,Bachpally,2.6434895
78.37946099,17.52098339,Bachpalle,Nizampet,Nizampet  .,7.107048508
78.5492919,17.52402412,Alwal,Kawkur, ,0.80390676
78.61494867,17.5245489,Keesara,Cheeriyal,Cheeriyal,4.380529335
78.41986139,17.52316046,Quthbullapur,Gajula Ramaram-0, ,1.897853621
78.49403059,17.52432787,Quthbullapur,Petbashirabad, ,2.579416923
78.42858991,17.52377098,Quthbullapur,Gajula Ramaram-0, ,1.672201484
78.4496665,17.52371256,Quthbullapur,Jeedimetla-00, ,7.15047873
78.41686784,17.52454172,Quthbullapur,Gajula Ramaram-0, ,0.662959333
78.40609688,17.52492861,Quthbullapur,Gajula Ramaram-0, ,0.997652068
78.4185749,17.52498879,Quthbullapur,Gajula Ramaram-0, ,1.20601846
78.48767012,17.52634015,Quthbullapur,Petbashirabad, ,6.739579412
78.62436229,17.52579908,Keesara,Cheeriyal,Cheeriyal,35.47522126
78.67918214,17.52951304,Keesara,Keesara,Ankireddy Pally,4.207187143
78.64837049,17.52932416,Keesara,Cheeriyal,Cheeriyal,2.802464
78.5633896,17.5283701,Alwal,Kawkur, ,3.731801574
78.41125361,17.52723429,Quthbullapur,Gajula Ramaram-0, ,0.772695105
78.38463676,17.52588712,Bachpalle,Bachpalle,Nizampet  .,34.74827092
78.67074036,17.53004409,Keesara,Keesara,Ankireddy Pally,3.753484762
78.65205206,17.53125363,Keesara,Cheeriyal,Keesara Daira,3.087254766
78.54683596,17.52958891,Alwal,Kawkur, ,19.08099466
78.6856328,17.53138863,Keesara,Keesara,Ankireddy Pally,7.227845285
78.35753655,17.52825837,Bachpalle,Bachpalle,Bachpally,3.201708458
78.40755894,17.52906787,Quthbullapur,Gajula Ramaram-0, ,2.657862059
78.57962363,17.53007946,Kapra,Jawaharnagar (CT) WARD NO.-000,Jawaharnagar,14.46761876
78.37848181,17.5292175,Bachpalle,Bachpalle,Bachpally,1.274232734
78.61843498,17.53165617,Keesara,Cheeriyal,Yadgarpally East,5.09181413
78.66400517,17.53329393,Keesara,Keesara,Ankireddy Pally,2.714058591
78.37120655,17.53020708,Bachpalle,Bachpalle,Bachpally,3.746321255
78.41880517,17.53011681,Quthbullapur,Gajula Ramaram-0, ,9.04062339
78.64739667,17.53348577,Keesara,Cheeriyal,Cheeriyal,1.550101506
78.59599183,17.53253053,Keesara,Haridaspalle,Haridaspally,12.26043127
78.53288137,17.53247506,Alwal,Kawkur, ,4.113488796
78.36671147,17.52986874,Bachpalle,Bachpalle,Bachpally,18.65257083
78.67582039,17.53469657,Keesara,Keesara,Ankireddy Pally,1.23526042
78.3643702,17.5309726,Bachpalle,Bachpalle,Bachpally,7.489177585
78.5725484,17.53322884,Alwal,Kawkur, ,9.756909284
78.68690327,17.53576876,Keesara,Keesara,Ankireddy Pally,2.51589351
78.4099881,17.53350369,Quthbullapur,Gajula Ramaram-0, ,0.665651946
78.41536852,17.53282048,Quthbullapur,Gajula Ramaram-0, ,11.74026074
78.62567667,17.53469975,Keesara,Cheeriyal,Yadgarpally East,24.19966075
78.53793539,17.535283,Alwal,Kawkur, ,1.481432591
78.58634087,17.53579863,Kapra,Jawaharnagar (CT) WARD NO.-000,Jawaharnagar,4.257206001
78.38923094,17.53418013,Bachpalle,Bachpalle,Bachpally,1.973628053
78.42915839,17.53524502,Quthbullapur,Gajula Ramaram-0, ,0.916269736
78.55964888,17.53654268,Alwal,Kawkur, ,2.31466699
78.66847799,17.53717318,Keesara,Keesara,Ankireddy Pally,17.74534039
78.69586358,17.53909595,Keesara,Keesara,Ankireddy Pally,0.812143616
78.59102896,17.53814155,Kapra,Jawaharnagar (CT) WARD NO.-000,Dharmavaram,1.9881729
78.54441126,17.53694119,Alwal,Kawkur,Singaipalle  (U.I),12.26786253
78.61720351,17.5382162,Keesara,Thimmaipalle,Dharmavaram,13.42874095
78.3589556,17.53670658,Bachpalle,Bachpalle,Bachpally,1.692948227
78.40770164,17.53741641,Quthbullapur,Gajula Ramaram-0, ,4.643002596
78.46892051,17.52926547,Dundigal_Gandimaisamma,Dulapalle,Doolapally,492.6874438
78.68833919,17.54153488,Keesara,Keesara,Ankireddy Pally,2.885062729
78.52363784,17.54071126,Shamirpet,Devaryamjal, ,0.95247107
78.68022103,17.54224615,Keesara,Keesara,Ankireddy Pally,2.133650882
78.42713782,17.53872714,Quthbullapur,Gajula Ramaram-0, ,26.27772445
78.3687953,17.53851597,Bachpalle,Bachpalle,Bachpally,35.89116033
78.42631083,17.54120121,Quthbullapur,Gajula Ramaram-0, ,0.597181408
78.38199874,17.54049549,Bachpalle,Bachpalle,Bachpally,2.897498795
78.54060816,17.54252293,Shamirpet,Singaipalle,Singaipalle  (U.I),5.984902594
78.47005832,17.54212545,Dundigal_Gandimaisamma,Dulapalle,Doolapally,2.723696197
78.63655753,17.54346146,Keesara,Yadgarpalle (East),Yadgarpally East,19.38193057
78.59672533,17.54577008,Keesara,Thimmaipalle,Dharmavaram,1.501844921
78.4266671,17.54351879,Quthbullapur,Gajula Ramaram-0, ,5.256060444
78.4221354,17.54405346,Quthbullapur,Gajula Ramaram-0, ,4.228501564
78.36474312,17.54397954,Bachpalle,Bachpalle,Bachpally,0.669202972
78.62761922,17.54624915,Keesara,Yadgarpalle (East),Yadgarpally East,7.596434332
78.61322282,17.54607069,Keesara,Dharmavaram,Dharmavaram,8.568921548
78.3617676,17.5452298,Bachpalle,Bachpalle,Bachpally,2.154444067
78.60680466,17.5470547,Keesara,Dharmavaram, ,16.34962113
78.64380401,17.549071,Keesara,Yadgarpalle (East),Yadgarpally East,3.459545377
78.48144902,17.54784201,Dundigal_Gandimaisamma,Kompalle,Kompally,1.416398105
78.49860097,17.54784867,Dundigal_Gandimaisamma,Kompalle,Kompally,5.569401511
78.4225601,17.54742065,Quthbullapur,Suraram Colony-0, ,4.279645299
78.52735677,17.54824436,Shamirpet,Devaryamjal,Hakimpet,6.376907947
78.43815441,17.54856721,Quthbullapur,Suraram Colony-0, ,3.026565672
78.56223023,17.55022972,Kapra,Jawaharnagar (CT) WARD NO.-000,Thumkunta,1.970933027
78.53097796,17.54936896,Shamirpet,Devaryamjal,Hakimpet,4.411208321
78.67370832,17.55142543,Keesara,Keesara,Ankireddy Pally,3.875047301
78.55545351,17.55016105,Shamirpet,Thumkunta,Thumkunta,6.765231798
78.62676394,17.55046806,Keesara,Narsampalle,Yadgarpally East,9.561322913
78.59207982,17.55137866,Keesara,Thimmaipalle,Dharmavaram,4.880615429
78.4887434,17.54877872,Dundigal_Gandimaisamma,Kompalle,Kompally,19.50832596
78.36760334,17.54956584,Bachpalle,Bachpalle,Bachpally,1.72233986
78.43322353,17.5487479,Quthbullapur,Suraram Colony-0, ,12.26765089
78.5656308,17.55148013,Shamirpet,Thumkunta,Thumkunta,6.639146374
78.47257486,17.55064324,Dundigal_Gandimaisamma,Dulapalle,Maisammaguda,9.958416453
78.53995555,17.55079127,Shamirpet,Devaryamjal,Hakimpet,21.43871119
78.42944372,17.55073555,Quthbullapur,Suraram Colony-0, ,7.469991072
78.39483355,17.55248503,Dundigal_Gandimaisamma,Bowrampet,Bourampet  .,1.668014101
78.48286494,17.55406672,Dundigal_Gandimaisamma,Kompalle,Kompally,1.31538575
78.38932509,17.55250307,Dundigal_Gandimaisamma,Bowrampet,Bourampet  .,7.441876217
78.55675056,17.55397399,Shamirpet,Thumkunta,Thumkunta,13.12609309
78.36667408,17.55204153,Dundigal_Gandimaisamma,Mallampet,Mallampet,11.75846326
78.57623141,17.55521421,Shamirpet,Antaipalle,Antaipalle,4.531695053
78.49811567,17.55509785,Dundigal_Gandimaisamma,Kompalle,Kompally,1.528410379
78.60805207,17.55631358,Keesara,Dharmavaram, ,7.388155844
78.42352617,17.55470736,Quthbullapur,Suraram Colony-0, ,7.121435219
78.6780283,17.55767904,Keesara,Keesara,Ankireddy Pally,7.979200166
78.68421022,17.55796658,Keesara,Keesara,Ankireddy Pally,16.37255125
78.43851956,17.55628798,Dundigal_Gandimaisamma,Bahadurpalle,Bhadurpally,3.951528652
78.46481219,17.55362702,Dundigal_Gandimaisamma,Dulapalle,Maisammaguda,60.15100788
78.65020631,17.55664959,Keesara,Yadgarpalle (East),Yadgarpally East,80.89674718
78.62201662,17.55994809,Keesara,Narsampalle,Narsampally,3.302020744
78.5065987,17.55890657,Shamirpet,Devaryamjal,Hakimpet,4.559673117
78.5795804,17.55848456,Shamirpet,Antaipalle,Antaipalle,28.46952552
78.62599937,17.56111408,Keesara,Narsampalle,Narsampally,5.822939859
78.39889856,17.55892726,Dundigal_Gandimaisamma,Bowrampet,Bourampet  .,4.559300894
78.68247941,17.56266148,Keesara,Keesara,Ankireddy Pally,2.40036622
78.63974552,17.56209034,Keesara,Yadgarpalle (East),Yadgarpally East,4.12824502
78.63079239,17.5615548,Keesara,Yadgarpalle (East),Yadgarpally East,9.803019776
78.48553349,17.56156379,Medchel,Gundlapochampalle,Maisammaguda,2.048687031
78.51635003,17.56241474,Shamirpet,Devaryamjal,Hakimpet,4.122871783
78.67978509,17.56421641,Keesara,Keesara,Ankireddy Pally,3.166266226
78.47829413,17.55877905,Medchel,Gundlapochampalle,Maisammaguda,31.92537111
78.37658493,17.55795692,Dundigal_Gandimaisamma,Bowrampet,Bourampet  .,66.72871801
78.55976445,17.56149578,Shamirpet,Thumkunta,Thumkunta,22.11064133
78.53666234,17.56291857,Shamirpet,Pothaipalle,Pothaipalle,1.442936337
78.46892032,17.5619067,Medchel,Gundlapochampalle,Maisammaguda,6.033267048
78.50285195,17.56291984,Shamirpet,Devaryamjal,Hakimpet,1.228597894
78.3831463,17.56224527,Dundigal_Gandimaisamma,Bowrampet,Bourampet  .,2.099974704
78.4568006,17.56476521,Medchel,Gundlapochampalle,Maisammaguda,2.342647509
78.49423672,17.56525393,Medchel,Gundlapochampalle,Hakimpet,2.018737343
78.47341912,17.56528615,Medchel,Gundlapochampalle,Maisammaguda,6.276527451
78.53142425,17.56643893,Shamirpet,Devaryamjal,Hakimpet,1.803716688
78.54235054,17.56550697,Shamirpet,Pothaipalle,Pothaipalle,24.38529769
78.43475748,17.56474322,Dundigal_Gandimaisamma,Bahadurpalle,Bhadurpally,28.11285241
78.67133686,17.5682183,Keesara,Keesara,Ankireddy Pally,11.29626237
78.42764253,17.56696969,Dundigal_Gandimaisamma,Bahadurpalle,Bhadurpally,4.898141166
78.39215766,17.56480815,Dundigal_Gandimaisamma,Bowrampet,Bourampet  .,32.94046825
78.53237088,17.56915203,Shamirpet,Devaryamjal,Hakimpet,0.924090825
78.44673179,17.56713917,Medchel,Gundlapochampalle,Maisammaguda,18.30246617
78.60166127,17.57011713,Shamirpet,Shamirpet,Shameerpet,2.599560603
78.48224858,17.56997828,Medchel,Gundlapochampalle,Maisammaguda,4.368479255
78.4335217,17.56931295,Dundigal_Gandimaisamma,Bahadurpalle,Bhadurpally,4.105615646
78.5756238,17.57147842,Shamirpet,Thumkunta,Thumkunta,5.619083446
78.51197962,17.57134585,Shamirpet,Devaryamjal,Hakimpet,7.508417578
78.46997186,17.57202822,Medchel,Gundlapochampalle,Maisammaguda,5.436363036
78.55435164,17.5734349,Shamirpet,Thumkunta,Thumkunta,16.89102766
78.46462099,17.57358548,Medchel,Gundlapochampalle,Maisammaguda,17.04175481
78.40371413,17.5733914,Dundigal_Gandimaisamma,Bowrampet,Bourampet  .,14.91796759
78.48180353,17.57584119,Medchel,Gundlapochampalle,Maisammaguda,0.914195038
78.38977932,17.57379759,Dundigal_Gandimaisamma,Bowrampet,Bourampet  .,3.75265492
78.53072737,17.57510458,Shamirpet,Devaryamjal,Hakimpet,38.63609659
78.51829063,17.57645546,Shamirpet,Devaryamjal,Hakimpet,7.463442029
78.48985984,17.57657833,Medchel,Gundlapochampalle,Maisammaguda,5.204387506
78.40830319,17.57531192,Dundigal_Gandimaisamma,Bowrampet,Bourampet  .,4.607110983
78.55781627,17.57762679,Shamirpet,Thumkunta,Thumkunta,4.423985832
78.59192138,17.57859787,Shamirpet,Shamirpet,Shameerpet,1.921446582
78.4949476,17.57764638,Medchel,Gundlapochampalle,Hakimpet,14.31610518
78.55648351,17.57929213,Shamirpet,Thumkunta,Thumkunta,1.750556712
78.51463014,17.57791243,Shamirpet,Devaryamjal,Hakimpet,18.55282312
78.46851493,17.57916482,Medchel,Gundlapochampalle,Maisammaguda,6.464768842
78.68033672,17.58148302,Keesara,Kesavapur,Kesavapur,4.005413924
78.62523106,17.58260145,Shamirpet,Bomraspet,Bomraspet,5.562589725
78.46453175,17.58122701,Medchel,Gundlapochampalle,Maisammaguda,1.466653873
78.59405201,17.5832669,Shamirpet,Shamirpet,Shameerpet,2.949397959
78.46573939,17.58181681,Medchel,Gundlapochampalle,Maisammaguda,2.180493637
78.53992684,17.58241344,Shamirpet,Devaryamjal,Hakimpet,5.90188934
78.39218794,17.58149338,Dundigal_Gandimaisamma,Dundigal,Dundigal,5.904501414
78.68707135,17.58574676,Keesara,Kesavapur,Kesavapur,4.433287869
78.67444355,17.58685901,Keesara,Kesavapur,Kesavapur,16.99949108
78.57699706,17.58679494,Shamirpet,Shamirpet,Shameerpet,3.780331897
78.51569516,17.58656041,Shamirpet,Devaryamjal,Hakimpet,9.366212835
78.42069794,17.58507727,Dundigal_Gandimaisamma,Dommara Pochampalle,Dommara Pochampally,11.3245375
78.56178146,17.58808913,Shamirpet,Shamirpet,Shameerpet,0.824562782
78.62219491,17.58798718,Shamirpet,Bomraspet,Bomraspet,7.359259195
78.68424304,17.58905166,Keesara,Kesavapur,Kesavapur,11.0633278
78.6089984,17.58877281,Shamirpet,Bomraspet,Bomraspet,5.91652483
78.56995866,17.58862788,Shamirpet,Shamirpet,Shameerpet,11.62585512
78.42939739,17.58729746,Dundigal_Gandimaisamma,Dommara Pochampalle,Dommara Pochampally,10.0134992
78.63128543,17.59003059,Shamirpet,Ponnal,Ponnal,3.487856264
78.66765321,17.59006732,Shamirpet,Yakhatpura, ,3.911017275
78.42555008,17.58812885,Dundigal_Gandimaisamma,Dommara Pochampalle,Dommara Pochampally,2.595045055
78.58744356,17.58879329,Shamirpet,Shamirpet,Shameerpet,18.4409824
78.48878392,17.58995264,Medchel,Kandlakoi,Kandlakoya,2.957989572
78.68140138,17.59215733,Keesara,Kesavapur,Kesavapur,3.68160841
78.40049829,17.59017152,Dundigal_Gandimaisamma,Dundigal,Dundigal,5.208307839
78.62831657,17.59327522,Shamirpet,Ponnal,Ponnal,2.86469455
78.4760219,17.59214724,Medchel,Kandlakoi,Kandlakoya,2.08668111
78.62451361,17.59434946,Shamirpet,Bomraspet,Bomraspet,1.253812097
78.63356582,17.59442052,Shamirpet,Ponnal,Ponnal,13.14458167
78.4226764,17.59190298,Dundigal_Gandimaisamma,Dommara Pochampalle,Dommara Pochampally,22.69348812
78.48859699,17.59415659,Medchel,Kandlakoi,Kandlakoya,9.106200803
78.65045159,17.59622445,Shamirpet,Ponnal,Ponnal,1.853781597
78.58386486,17.59415915,Shamirpet,Shamirpet,Shameerpet,49.22765735
78.66957362,17.59657759,Shamirpet,Yakhatpura, ,7.204820578
78.41364706,17.59256314,Dundigal_Gandimaisamma,Dommara Pochampalle,Dommara Pochampally,24.86406828
78.44159003,17.59483649,Dundigal_Gandimaisamma,Dundigal,Dundigal,2.654571104
78.52478885,17.59576361,Medchel,Pudoor,Pudur,1.54598358
78.59783903,17.5964702,Shamirpet,Shamirpet,Shameerpet,7.571165479
78.4717175,17.59488675,Medchel,Goudavelle,Kandlakoya,23.59594268
78.61467272,17.59432314,Shamirpet,Bomraspet,Bomraspet,106.5447985
78.56997374,17.59808602,Shamirpet,Shamirpet,Shameerpet,5.030269055
78.39891677,17.59544899,Dundigal_Gandimaisamma,Dundigal,Dundigal,23.12467454
78.52386627,17.59856879,Medchel,Pudoor,Pudur,3.392913665
78.65456277,17.59904346,Shamirpet,Adraspalle,Yellaguda,38.31285614
78.51122816,17.59956235,Medchel,Munirabad,Muneerabad,1.665233232
78.53515382,17.59871528,Medchel,Pudoor,Pudur,14.372967
78.62560745,17.60105669,Shamirpet,Bomraspet,Ponnal,2.709889007
78.63263095,17.60106924,Shamirpet,Ponnal,Ponnal,8.440720446
78.46091232,17.59842106,Medchel,Goudavelle,Gnanapur,14.61735521
78.66246933,17.60202005,Shamirpet,Adraspalle,Yellaguda,4.717661501
78.44432434,17.59909096,Dundigal_Gandimaisamma,Dundigal,Dundigal,27.0452615
78.44857892,17.60101474,Medchel,Goudavelle,Gnanapur,2.687977793
78.48679163,17.60087139,Medchel,Kandlakoi,Kandlakoya,7.832408113
78.67265831,17.60369583,Shamirpet,Yakhatpura, ,5.952723837
78.42581159,17.60233089,Dundigal_Gandimaisamma,Dundigal,Dundigal,7.429716049
78.46474749,17.60198142,Medchel,Goudavelle,Gnanapur,24.33622874
78.61358962,17.60613081,Shamirpet,Bomraspet,Bomraspet,3.714963187
78.60311616,17.60489693,Shamirpet,Bomraspet,Shameerpet,13.74027814
78.43898559,17.60526849,Dundigal_Gandimaisamma,Dundigal,Dundigal,2.227040534
78.5285123,17.60626129,Medchel,Pudoor,Pudur,2.553143376
78.42172879,17.60357809,Dundigal_Gandimaisamma,Dundigal,Dundigal,79.42055767
78.40154347,17.60547968,Dundigal_Gandimaisamma,Dundigal,Dundigal,39.85527359
78.43862475,17.60825201,Dundigal_Gandimaisamma,Dundigal,Dundigal,5.533579
78.6795318,17.6094352,Shamirpet,Uddemarri,Uddemarri,25.57519427
78.4817878,17.60832035,Medchel,Kandlakoi,Suthariguda,11.66554625
78.5213171,17.60973055,Medchel,Pudoor,Pudur,5.828110278
78.39531767,17.60874453,Dundigal_Gandimaisamma,Gagilapur,Gagilapur,7.460024447
78.47696698,17.60928354,Medchel,Goudavelle,Gnanapur,12.84846352
78.64115085,17.61249418,Shamirpet,Ponnal,Ponnal,1.367878239
78.44894537,17.60973836,Medchel,Goudavelle,Dundigal,20.75777454
78.42881258,17.61022128,Dundigal_Gandimaisamma,Dundigal,Dundigal,4.637375239
78.5144462,17.61158565,Medchel,Gosaiguda,Pudur,5.263950122
78.43914763,17.61109235,Dundigal_Gandimaisamma,Dundigal,Dundigal,16.73256235
78.48908482,17.61301961,Medchel,Medchal (CT) WARD NO.-000,Medchal,1.474115856
78.52918462,17.61208214,Medchel,Pudoor,Pudur,25.77078632
78.66196268,17.61282777,Shamirpet,Adraspalle,Yellaguda,35.69838861
78.3782647,17.61323335,Dundigal_Gandimaisamma,Gagilapur,Gagilapur,5.675812018
78.61725181,17.6160151,Shamirpet,Jaggamguda,Jaggamguda,11.62359204
78.58245289,17.6167705,Shamirpet,Aliabad,Aliyabad,3.847197157
78.46070097,17.6149542,Medchel,Goudavelle,Gnanapur,19.63281167
78.6150346,17.61806611,Shamirpet,Jaggamguda,Jaggamguda,2.200528224
78.45011177,17.61468553,Medchel,Girmapur,Girmapur,13.96776672
78.48771181,17.61704963,Medchel,Medchal (CT) WARD NO.-000,Medchal,5.983411951
78.49743083,17.61764171,Medchel,Medchal (CT) WARD NO.-000,Medchal,8.508907166
78.44836549,17.61717095,Medchel,Girmapur,Girmapur,11.56032405
78.41110393,17.61945132,Dundigal_Gandimaisamma,Dundigal,Dundigal,2.143232526
78.51020356,17.62024318,Medchel,Medchal (CT) WARD NO.-000,Medchal,3.612585015
78.55494445,17.61115629,Shamirpet,Aliabad,Pudur,1124.800928
78.40463516,17.61609469,Dundigal_Gandimaisamma,Dundigal,Dundigal,184.7844609
78.57455054,17.62584703,Shamirpet,Aliabad,Aliyabad,1.914642226
78.4065201,17.62413644,Dundigal_Gandimaisamma,Dundigal,Nagulur,8.262286231
78.6416181,17.62602894,Shamirpet,Jaggamguda,Sampanbole,10.14823447
78.59912693,17.62740156,Shamirpet,Aliabad,Aliyabad,5.352375376
78.42141789,17.62365573,Dundigal_Gandimaisamma,Naglur,Nagulur,25.36329701
78.55808411,17.62740413,Shamirpet,Majidpur,Mazidpur,3.567481318
78.55429999,17.62756218,Shamirpet,Majidpur,Mazidpur,2.95685441
78.65188234,17.62775803,Shamirpet,Kesavaram,Kesavaram,6.503861414
78.45207882,17.62665418,Medchel,Girmapur,Girmapur,7.115163556
78.4621717,17.62665242,Medchel,Girmapur,Girmapur,6.834208083
78.48266198,17.62398645,Medchel,Medchal (CT) WARD NO.-000,Medchal,43.80909266
78.52587844,17.62836502,Medchel,Pudoor,Pudur,7.966020396
78.58440457,17.63029819,Shamirpet,Lalgadimalakpet,Lalgadimalakpet,1.453277846
78.53954141,17.62928252,Medchel,Ghanpur,Ghanpur,13.73362546
78.47462708,17.62866725,Medchel,Medchal (CT) WARD NO.-000,Medchal,14.06007529
78.57833436,17.63140103,Shamirpet,Lalgadimalakpet,Lalgadimalakpet,3.932510936
78.45308553,17.63117649,Medchel,Girmapur,Girmapur,3.846708768
78.58656132,17.63314424,Shamirpet,Lalgadimalakpet,Lalgadimalakpet,1.098725108
78.6250981,17.63315293,Shamirpet,Sampanbole,Sampanbole,14.18218167
78.46145761,17.63197328,Medchel,Girmapur,Girmapur,9.111311638
78.68863057,17.63471135,Shamirpet,Lingapur,Lingapur,10.02607449
78.45140961,17.63375538,Medchel,Girmapur,Girmapur,2.563846833
78.51156222,17.63472669,Medchel,Medchal (CT) WARD NO.-000,Medchal,1.932898935
78.56315459,17.63497735,Shamirpet,Majidpur,Mazidpur,7.393743594
78.44945925,17.63488446,Medchel,Girmapur,Girmapur,2.866713555
78.44353754,17.63484123,Medchel,Railapur,Rayalapur,1.377106198
78.67556081,17.63643149,Shamirpet,Nagisettipalle,Nagisettipalle,64.32430138
78.48310296,17.63609724,Medchel,Medchal (CT) WARD NO.-000,Medchal,4.709759073
78.41420708,17.63380155,Dundigal_Gandimaisamma,Naglur,Bandakunta (Ui),30.43002099
78.61829333,17.63550647,Shamirpet,Lalgadimalakpet,Lalgadimalakpet,29.28697591
78.46126349,17.6366342,Medchel,Girmapur,Girmapur,11.14914631
78.43953485,17.63455291,Medchel,Bandamadharam,Rayalapur,62.71376804
78.44634693,17.63806703,Medchel,Girmapur,Girmapur,1.538640953
78.59137679,17.63768216,Shamirpet,Lalgadimalakpet,Lalgadimalakpet,39.87220328
78.45335417,17.63805344,Medchel,Girmapur,Girmapur,3.476564841
78.47855489,17.63658997,Medchel,Medchal (CT) WARD NO.-000,Medchal,48.99399046
78.41802531,17.63928687,Medchel,Bandakunta,Bandakunta (Ui),7.779220035
78.64927063,17.64107136,Shamirpet,Kesavaram,Kolthur,27.32290766
78.58499762,17.64152437,Shamirpet,Lalgadimalakpet,Lalgadimalakpet,9.21102158
78.41327088,17.63977206,Medchel,Bandakunta,Sreerangavaram,6.146466786
78.60684865,17.64074087,Shamirpet,Lalgadimalakpet,Lalgadimalakpet,38.00359568
78.38977057,17.64169388,Medchel,Srirangavaram,Sreerangavaram,2.217194241
78.56081786,17.6430728,Shamirpet,Lalgadimalakpet,Lalgadimalakpet,20.11332001
78.44647434,17.64166021,Medchel,Girmapur,Girmapur,9.189057724
78.4960404,17.64335624,Medchel,Atevelle,Atevelle,3.419349917
78.53754306,17.64366158,Medchel,Raj Bollaram,Rajabollaram Thanda,41.84042401
78.41763266,17.64400978,Medchel,Srirangavaram,Sreerangavaram,3.19508664
78.68586747,17.64692775,Shamirpet,Mooduchintalapalle,Mudichintalapalle,4.48185156
78.41358895,17.64530771,Medchel,Srirangavaram,Sreerangavaram,2.094526813
78.41225948,17.645511,Medchel,Srirangavaram,Sreerangavaram,1.864989898
78.41047939,17.64503123,Medchel,Srirangavaram,Sreerangavaram,5.312136309
78.39711947,17.64301241,Medchel,Srirangavaram,Sreerangavaram,72.70440232
78.44252047,17.64508247,Medchel,Bandamadharam,Bandamadharam,39.80192018
78.42441228,17.64739119,Medchel,Bandamadharam,Bandamadharam,3.035431181
78.54586209,17.65040105,Medchel,Akbarjapet, ,6.506908721
78.69037761,17.65231386,Shamirpet,Mooduchintalapalle,Mudichintalapalle,12.94247063
78.4254802,17.6512936,Medchel,Bandamadharam,Bandamadharam,14.40098661
78.48604379,17.6528576,Medchel,Atevelle,Atevelle,7.650959985
78.52899901,17.65379348,Medchel,Ravalkole,Ravalkole,4.441530129
78.41623846,17.65305135,Medchel,Srirangavaram,Sreerangavaram,1.472548527
78.41894948,17.65301097,Medchel,Srirangavaram,Sreerangavaram,3.158272076
78.43024683,17.65179993,Medchel,Bandamadharam,Bandamadharam,41.90193469
78.54965121,17.65427951,Medchel,Raj Bollaram,Rajabollaram Thanda,36.12736005
78.43267982,17.65480432,Medchel,Bandamadharam,Bandamadharam,2.558252702
78.40470716,17.65391035,Medchel,Srirangavaram,Sreerangavaram,12.3239104
78.59388789,17.65881827,Shamirpet,Muraharipalle,Muraharipalle,2.643088903
78.62535804,17.65931716,Shamirpet,Kothur,Kolthur,8.760561667
78.41571971,17.6575885,Medchel,Srirangavaram,Sreerangavaram,4.240245611
78.39059562,17.65748469,Medchel,Srirangavaram,Sreerangavaram,4.911197547
78.57368791,17.66003793,Shamirpet,Yadaram,Yadaram,3.755863222
78.42164372,17.65856021,Medchel,Srirangavaram,Sreerangavaram,3.795674678
78.45811581,17.65927384,Medchel,Dabirpur,Dabilpur,3.635871726
78.48768911,17.65743249,Medchel,Atevelle,Atevelle,99.32257731
78.60410659,17.66027553,Shamirpet,Lalgadimalakpet,Turakapally,125.1130157
78.58341834,17.6617757,Shamirpet,Muraharipalle,Yadaram,24.71406323
78.53422861,17.66315917,Medchel,Ravalkole,Ravalkole,2.587352197
78.62326592,17.66420311,Shamirpet,Kothur,Kolthur,2.230326982
78.41998777,17.66268109,Medchel,Srirangavaram,Sreerangavaram,18.16324115
78.5165744,17.66497056,Medchel,Ravalkole,Ravalkole,4.636655053
78.66839649,17.66703848,Shamirpet,Potharam,Potharam,3.807643789
78.5280693,17.66390782,Medchel,Ravalkole,Ravalkole,40.97985718
78.42071698,17.66630518,Medchel,Srirangavaram,Sreerangavaram,9.680273098
78.4536807,17.66590497,Medchel,Dabirpur,Dabilpur,28.24474175
78.50779385,17.66553549,Medchel,Ravalkole,Ravalkole,126.6581539
78.52239552,17.67008031,Medchel,Ravalkole,Ravalkole,1.221017408
78.44893691,17.66811128,Medchel,Dabirpur,Nuthankal,27.78508883
78.50057583,17.6709922,Medchel,Somaram,Ravalkole,1.848750151
78.64617022,17.67089759,Shamirpet,Kothur,Kolthur,34.14353129
78.57704906,17.67371578,Shamirpet,Yadaram,Yadaram,1.093717658
78.46432763,17.6664829,Medchel,Dabirpur,Dabilpur,206.0873764
78.57128947,17.67254742,Shamirpet,Yadaram,Yadaram,35.26301241
78.59044977,17.6745947,Shamirpet,Turkapalle,Turakapally,8.757887257
78.60659967,17.67548022,Shamirpet,Turkapalle,Turakapally,2.210629767
78.52858894,17.67314342,Medchel,Ravalkole,Ravalkole,50.30735698
78.57964568,17.67516064,Shamirpet,Turkapalle,Turakapally,7.963269418
78.43235378,17.67392998,Medchel,Nuthankal,Nuthankal,3.616873479
78.70033107,17.67381584,Shamirpet,Lakshimapur,Lakshamapur,98.43140784
78.58181094,17.67616105,Shamirpet,Turkapalle,Turakapally,10.37656206
78.45324374,17.67512295,Medchel,Dabirpur,Dabilpur,2.777854933
78.47574015,17.6742649,Medchel,Dabirpur,Dabilpur,38.6047308
78.46218449,17.67767647,Medchel,Dabirpur,Dabilpur,1.639676214
78.49413779,17.67785835,Medchel,Somaram,Yellampet,14.83963731
78.49134839,17.67850086,Medchel,Yellampet,Yellampet,2.624575142
78.47218264,17.67951131,Medchel,Dabirpur,Dabilpur,4.824593609
78.43751348,17.67849134,Medchel,Nuthankal,Nuthankal,12.72762218
78.4484228,17.67971655,Medchel,Nuthankal,Nuthankal,7.141511615
78.49903001,17.67996541,Medchel,Somaram,Somaram,24.08543049
78.66549013,17.6841668,Shamirpet,Anantharam,Anatharam,2.781614046
78.49113001,17.68252991,Medchel,Yellampet,Yellampet,1.773762707
78.4331926,17.6819667,Medchel,Nuthankal,Nuthankal,5.542136449
78.45944658,17.68327342,Medchel,Dabirpur,Konaipalli,2.89272204
78.48487363,17.6838236,Medchel,Yellampet,Yellampet,20.51261429
78.43668909,17.68505532,Medchel,Nuthankal,Nuthankal,7.846059263
78.53837386,17.6883672,Medchel,Ravalkole,Ravalkole,14.78340795
78.45755048,17.68808381,Medchel,Konaipalle,Konaipalli,7.631357683
78.44075422,17.68767422,Medchel,Nuthankal,Nuthankal,48.63815136
78.45271364,17.69097787,Medchel,Maisireddipalle,Maisireddipalli,0.994638333
78.51619395,17.69147862,Medchel,Ravalkole,Ravalkole,26.23094912
78.45226537,17.69394097,Medchel,Maisireddipalle,Maisireddipalli,3.503094522
78.4531579,17.69740638,Medchel,Maisireddipalle,Maisireddipalli,2.592683337
78.38485818,17.64862603,Medchel,Srirangavaram,Sreerangavaram,22.11899721
78.70060081,17.68640621,Shamirpet,Lakshimapur,Lakshamapur,2.917529552
78.1868684,17.46419022,Shankarpalle,Kondakal,Seriguda,28.28584059
78.24602247,17.33455495,Moinabad,Peddamangalaram,Pedda Mangalaram,49.98671159
78.19500773,17.21503411,Shabad,Hayathabad,Hythabad,3.909433718
78.13874946,17.21598269,Shabad,Pothugal,Pothugal,4.622346682
78.14582555,17.21365022,Shabad,Pothugal,Pothugal,3.623950066
78.59199624,17.48703386,Keesara,Nagaram,Nagaram,34.47761365
78.62760904,17.03972834,Yacharam,Nandiwanaparthy,Nandiwana Parthy,52.98603944
78.52545708,17.00517333,Kandukur,Mucherla,Hanmaspalle,57.95449435
78.51140083,17.00808626,Kadthal,Kadthal,Hanmaspalle,82.62187375
78.63934708,17.09993227,Yacharam,Tulekhurd,Tulekalan,7.4732559
78.68417393,17.10404745,Yacharam,Gungal,Gungal,5.896397985
78.74583708,17.12231375,Manchal,Arutla,Arutla,24.67452638
78.72317953,17.29917356,Abdullapurmet,Batasingaram,Sagarpump (Ui),4.484138555
78.68122156,17.53634645,Keesara,Keesara,Ankireddy Pally,29.90407432
78.26567518,17.40258523,Shankarpalle,Janwada,Mirjaguda,94.64129043
78.29649193,17.41849941,Gandipet,Vattinagulapalle,Vattinagulapally,9.262988299
78.22508761,17.42165274,Shankarpalle,Donthanpalle,Donthanpally,17.40765375
78.24233033,17.42282085,Shankarpalle,Janwada,Mirjaguda,19.79185583
78.20233384,17.46018231,Shankarpalle,Kondakal,Seriguda,31.04658682
78.16842977,17.09518681,Shabad,Kakloor,Kakloor,6.256497535
78.15495738,17.10723701,Shabad,Kakloor,Kakloor,8.329488853
78.13202219,17.11097412,Shabad,Manmarri,Manmarry,20.4058588
78.14491916,17.12535217,Shabad,Ananthawaram,Antharam,16.54493528
78.16909673,17.1286796,Shabad,Kesavaram,Kesaram,17.36801136
78.12084948,17.15734795,Shabad,Shabad,Sankapallyguda,275.8618926
78.17088522,17.18026285,Shabad,Nagarkunta,Nagrikunta,32.63898747
78.08123798,17.19003846,Shabad,Obagunta,Obugunta,4.760893407
78.16761486,17.1962688,Shabad,Machanpalle,Machanpally,35.16828636
78.22840102,17.19982555,Shabad,Maddur,Maddur,14.71393422
78.20831254,17.21136528,Shabad,Hayathabad,Hythabad,16.93895462
78.16374326,17.21359868,Shabad,Chandenvalle,Chandanavally,156.927275
78.23922529,17.21991751,Shabad,Maddur,Botiguda,9.575545075
78.12843518,17.23526233,Shabad,Tadlapalle,Thimmareddyguda,19.36327258
78.11529906,17.23327922,Shabad,Tadlapalle,Thimmareddyguda,30.68774641
78.3897402,17.04301648,Kandukur,Chippalpalle,Chippalapally,39.95431122
78.4940377,17.05531725,Kandukur,Kandukur,Kothaguda,27.70094607
78.37240459,17.05797637,Maheshwaram,Porandla,Porandla,12.69581005
78.49464421,17.06290424,Kandukur,Kandukur,Kothaguda,38.59363597
78.48884598,17.06765861,Kandukur,Kandukur,Kothaguda,11.06873597
78.56692715,17.08140561,Kandukur,Gummadavalle,Gummadavelly,23.04243067
78.52251417,17.08466661,Kandukur,Rachloor,Rachulur,20.90113975
78.37547982,17.08419778,Maheshwaram,Kollapadkal,Kollapadkal,12.28637557
78.49691263,17.08495035,Kandukur,Gudoor,Gudur,46.16340555
78.54882606,17.10804104,Kandukur,Rachloor,Rachulur,38.77158145
78.37844706,17.14274412,Maheshwaram,Dabilguda,Dabilguda,13.45193294
78.3425348,17.15542956,Maheshwaram,Ameerpet,Ameerpet,19.73926762
78.34649168,17.16825181,Maheshwaram,Gollor,Venkannaguda,33.16621695
78.28945654,17.23503625,Shamshabad,Nanajpur,Nanjapur,4.314108586
78.62594983,17.1082676,Yacharam,Tulekhurd,Tulekalan,43.61514726
78.63642514,17.11174254,Yacharam,Tulekhurd,Tulekalan,32.42316411
78.68119801,17.35870596,Abdullapurmet,Tharamathipet,Tharamatipet,27.9701343
78.58275179,17.56985546,Shamirpet,Antaipalle,Shameerpet,41.29127468
78.59572009,17.36186024,Abdullapurmet,Tatti Annaram,Tattiannaram,4.315626523
78.5213063,17.15261278,Kandukur,Lemoor,Lemoor,4.917968392
78.55967599,17.15978124,Ibrahimpatnam,Yeliminedu,Jabbarguda,15.26930572
78.47216061,17.09220121,Kandukur,Kothur,Kothur,9.464713341
78.39521189,17.10558499,Maheshwaram,Ghatpalle,Ghatpally,19.41605347
78.27237543,17.30069174,Moinabad,Surangal,Moinabad,21.58636097
78.31068929,17.31637741,Moinabad,Yenkepalle,Yenkepalle,8.187754143
78.29049716,17.34539623,Moinabad,Chilkoor,Appojiguda,44.50398257
78.23940334,17.37132861,Moinabad,Chinna Mangalaram,Yelkaguda,3.314032677
78.20318968,17.37388793,Moinabad,Medipalle,Medipally,11.7186339
78.22832656,17.38712876,Moinabad,Chinna Mangalaram,Yelkaguda,17.8904168
78.48719016,17.18265112,Maheshwaram,Sreenagar,Kongara Khurd(B) (Ui),28.25359287
78.574255,17.20078269,Ibrahimpatnam,Mangalpalle,Bongloor,8.716989209
78.56876895,17.21954629,Ibrahimpatnam,Mangalpalle,Bongloor,36.32565455
78.35338489,17.37167311,Gandipet,Manchirevula,Manchirevula,15.23359882
78.3611407,17.39863406,Gandipet,Puppalguda,Narsingi,32.68723012
78.37359113,17.41398227,Gandipet,Manikonda_Khalsa, ,31.95023102
78.18562014,17.23384986,Shabad,Chandenvalle,Chandanavally,12.65884857
78.10824764,17.23642748,Shabad,Tadlapalle,Thimmareddyguda,1.135215061
78.09454884,17.23457592,Shabad,Regadidoswada,Etlayerravally,1.632841151
78.53082013,17.17837581,Ibrahimpatnam,Kongara Kalan,Kongarakalan,3.658636642
78.16288036,17.10856137,Shabad,Kakloor,Kakloor,3.006753694
78.08833589,17.2416199,Shabad,Etlaerravaly,Etlayerravally,1.775314291
78.09390939,17.22845612,Shabad,Regadidoswada,Makthaguda,3.892338947
78.35466116,17.36675436,Gandipet,Manchirevula,Manchirevula,3.112706972
78.47426076,17.29731399,Balapur,Balapur, ,16.01426445
78.47245821,17.31100362,Balapur,Kothapet, ,33.13587523
78.48750467,17.31720888,Balapur,Kothapet, ,69.11007578
78.46937951,17.3190358,Bandlaguda, , ,22.30982833
78.5044658,17.32340764,Bandlaguda, , ,1.836489786
78.47301372,17.32502032,Bandlaguda, , ,1.08374507
78.46435917,17.32542491,Bandlaguda, , ,3.369687993
78.44484259,17.32908421,Bahadurpura, , ,2.933432623
78.45648323,17.33347721,Rajendranagar,Mylardevpally-00, ,14.27040603
78.45401555,17.33718618,Bahadurpura, , ,0.83136727
78.45771422,17.34020393,Bahadurpura, , ,3.690465507
78.45614329,17.3405286,Bahadurpura, , ,3.374770649
78.45014687,17.34511076,Bahadurpura, , ,0.740444218
78.48795088,17.34865993,Bandlaguda, , ,5.326805703
78.44344595,17.35040898,Bahadurpura, , ,7.302016963
78.4415291,17.34546203,Rajendranagar,Attapur-000, ,387.8725792
78.48794732,17.35438726,Charminar, , ,8.170112279
78.43705466,17.36008106,Bahadurpura, , ,2.61039016
78.44009895,17.36084938,Bahadurpura, , ,7.469559178
78.51975562,17.38133374,Uppal,Nourangguda_Bhagath, ,3.130013882
78.41499768,17.38289424,Golkonda, , ,85.45693317
78.42907833,17.39015296,Asifnagar, , ,2.229372715
78.40128044,17.38932276,Golkonda, , ,6.077673904
78.44482311,17.39183659,Asifnagar, , ,2.922513156
78.44994746,17.39369854,Asifnagar, , ,1.055973534
78.44726562,17.3937854,Asifnagar, , ,0.617537196
78.4070529,17.39367803,Golkonda, , ,9.994875074
78.51222009,17.39516966,Amberpet, , ,11.43148024
78.44702186,17.39584245,Asifnagar, , ,1.356176703
78.49768431,17.39887813,Himayatnagar, , ,2.122936354
78.41275348,17.39502771,Golkonda, , ,88.69446374
78.39951231,17.40674636,Shaikpet, , ,3.473676132
78.41271061,17.40876815,Shaikpet, , ,3.076647047
78.43280681,17.41028715,Shaikpet, , ,1.143263525
78.41449425,17.41063313,Shaikpet, , ,0.642247557
78.40463473,17.41038561,Shaikpet, , ,6.950760912
78.41255483,17.41231733,Shaikpet, , ,1.448026042
78.44357805,17.41295397,Shaikpet, , ,26.55571814
78.51329815,17.41508563,Musheerabad, , ,9.790548438
78.42032711,17.41467276,Shaikpet, , ,5.075892872
78.41860177,17.41795228,Shaikpet, , ,5.659233192
78.52167022,17.42383455,Maredpally, , ,2.914320074
78.44771459,17.42375305,Shaikpet, , ,16.18737213
78.42606096,17.43380887,Shaikpet, , ,24.55072723
78.48394757,17.43765885,Secunderabad, , ,4.152173417
78.42979527,17.4403207,Khairatabad, , ,26.17081895
78.47330098,17.42642862,Balanagar,Begumpet-0, ,1352.437097
78.44332916,17.44708267,Ammerpet, , ,1.537563006
78.4462982,17.44729755,Ammerpet, , ,0.864744266
78.47921835,17.4507792,Tirumalgiri, , ,13.91348249
78.44086278,17.45071375,Ammerpet, , ,6.671003401
78.44300618,17.45134611,Ammerpet, , ,2.035512293
78.41768738,17.45541927,Balanagar,Bobbuguda, ,3.582626512
78.50135013,17.46127422,Maredpally, , ,4.53778543
78.50657313,17.475874,Tirumalgiri, , ,7.666877594
78.50176602,17.48408529,Alwal,Alwal-0, ,1.211105992
78.6275815,16.91946866,Kadthal,Cherikonda(P.Kurty),Mudwin,0.0
78.63062307,16.94047796,Kadthal,Cherikonda(P.Kurty),Mudwin,0.0
78.53126066,16.94150063,Kadthal,Karkalpahad,Karkalpahad,0.0
78.03406049,17.09237953,Kondurg,Kondurg(West),Kondurg (East),0.0
77.96090332,17.04285422,Chowdergudem,Pedda Yelkicherla,Veerannapeta,0.0
77.96259206,17.02879407,Chowdergudem,Malkapahad, ,0.0
77.9877925,17.03715438,Chowdergudem,Edira,Edira,0.0
78.33552285,17.00433463,Keshampeta,Alwal,Eklaskhanpeta,0.0
78.20486769,16.9552214,Farooqnagar,Burgul,Burgul,0.0
78.29592193,16.95869193,Keshampeta,Pomalpalle,Pomalpalle,0.0
78.6713565,16.85091879,Madgul,Madgul,Madgul,0.0
78.73778788,16.78962613,Madgul,Irwin,Nallacheruvu,0.0
78.65123255,16.93039066,Kadthal,Cherikondapattipadkal,Cherikondapatti,0.0
78.35824403,16.9882401,Keshampeta,Alwal,Eklaskhanpeta,0.0
78.34192834,16.99039645,Keshampeta,Alwal,Eklaskhanpeta,0.0
78.73441705,17.3700564,Abdullapurmet,Bandaraviryal,Bandaraviryal,0.0
78.31861109,17.40107192,Gandipet,Kokapet,Kokapet,0.0
78.32543239,17.40242373,Gandipet,Kokapet,Kokapet,0.0
78.30783475,17.40515219,Gandipet,Kokapet,Kokapet,0.0
78.30451832,17.42157216,Gandipet,Vattinagulapalle,Vattinagulapally,0.0
78.32027159,17.43880989,Serilingampally,Gopanapalligiri, ,0.0
78.3231733,17.43754076,Serilingampally,Gopanapalligiri, ,0.0
78.07699815,17.36161745,Chevella,Tallaram,Duddagu,0.0
78.41179219,17.35657109,Rajendranagar,Upparpalle, ,0.0
78.40074604,17.41395948,Serilingampally,Dargahussainshawali, ,0.0
78.37338224,17.4453978,Serilingampally,Gachibowli-01, ,0.0
78.39054802,17.47538034,Kukatpally,KPHB Colony-0, ,0.0
78.41449242,17.5750792,Dundigal_Gandimaisamma,Bowrampet,Dommara Pochampally,0.0
78.32806359,17.32126154,Moinabad,Aziznagar, ,0.0
78.32844648,17.23761358,Shamshabad,Chowderguda,Chowderguda,0.0
78.33646105,17.24596894,Shamshabad,Chowderguda,Chowderguda,0.0
78.17427997,17.29272121,Chevella,Kanduwada,Malreddyguda,0.0
78.45044536,17.64356163,Medchel,Girmapur,Girmapur,0.0
78.44485144,17.6479236,Medchel,Girmapur,Girmapur,0.0
78.54994678,17.68665431,Medchel,Ravalkole,Ravalkole,0.0
78.59603281,17.5205552,Keesara,Nagaram,Nagaram,0.0
78.59190677,17.52612392,Keesara,Haridaspalle,Haridaspally,0.0
78.63566317,17.48533047,Keesara,Kundanpalle,Kundanpally,0.0
78.65366541,17.42290924,Ghatkesar,Annojiguda,Annojiguda,0.0
78.66020424,17.41424786,Ghatkesar,Korremul,Majarguda (Ui),0.0
78.21507459,17.39701436,Moinabad,Chinna Mangalaram,Maharajpet,0.0
78.34620112,17.36502169,Gandipet,Manchirevula,Manchirevula,0.0
78.38433857,17.30838548,Rajendranagar,Budwel, ,0.0
78.38560118,17.30755255,Rajendranagar,Budwel, ,0.0
78.38030313,17.3029025,Shamshabad,Kothwalguda, ,0.0
78.38298994,17.29706929,Shamshabad,Kothwalguda, ,0.0
78.3914234,17.30289123,Rajendranagar,Budwel, ,0.0
78.47344999,17.3105975,Balapur,Kothapet, ,0.0
78.4610137,17.02528611,Kandukur,Nednur,Nednoor,0.0
78.58403068,16.9873042,Yacharam,Thatiparthy,Thatiparthy,0.0
78.60231044,16.98296667,Yacharam,Thatiparthy,Thatiparthy,0.0
78.68886403,17.25872501,Abdullapurmet,Anajpur,Anajpur,0.0
78.63886153,17.29267515,Abdullapurmet,Koheda,Upperguda,0.0
78.65085121,17.31549894,Abdullapurmet,Pedda Amberpet,Pedda Amberpet,0.0
78.23169052,17.25936459,Moinabad,Kethireddipalle,Kanchamoniguda,0.0
78.2472733,17.25909712,Moinabad,Sriramnagar,Venkatapur,0.0
78.74402871,17.15023494,Manchal,Manchal,Manchal,0.0
78.73753976,17.15133407,Manchal,Manchal,Manchal,0.0
78.20581097,17.26002207,Moinabad,Nakkalapalle, ,0.0
78.67568036,17.01053135,Yacharam,Thakkellapalle, ,0.0
78.39743224,17.05104103,Kandukur,Chippalpalle, ,0.0
78.32892827,17.17692573,Shamshabad,Muchintal, ,0.0
78.41741063,17.15685338,Maheshwaram,Gangaram, ,0.0
78.24541463,17.31078881,Moinabad,Kanakamamidi, ,0.0
78.25096279,17.27508019,Moinabad,Sriramnagar, ,0.0
78.57822092,17.18156787,Ibrahimpatnam,Pocharam, ,0.0
78.34599083,17.1459859,Maheshwaram,Ameerpet, ,0.0
78.64383486,17.44363892,Ghatkesar,Pocharam, ,0.0
78.7810904,17.00464155,Yacharam,Manthangowrelly, ,0.0
78.1802626,17.02693507,Farooqnagar,Annaram, ,0.0
78.36305038,16.90725655,Keshampeta,Lemamidi, ,0.0
78.61813982,16.8041315,Amangal,Polepalle, ,0.0
78.70003664,16.82660953,Madgul,Irwin, ,0.0
78.33398619,16.87735488,Keshampeta,Lingamdana, ,0.0
78.7049821,16.86089576,Madgul,Madgul, ,0.0
78.25575099,16.97882539,Farooqnagar,Madhurapur, ,0.0
78.26045786,16.98381774,Farooqnagar,Madhurapur, ,0.0
78.06158403,17.10066538,Kondurg,Mahadevpoor, ,0.0
78.06105718,17.07725516,Kondurg,Parvathapur, ,0.0
78.00717839,17.0517999,Chowdergudem,Raviryal, ,0.0
78.38169516,17.00733432,Keshampeta,Santhapur, ,0.0
78.33779537,17.09212821,Kothur,Kodicherla, ,0.0
77.9579631,17.09139201,Chowdergudem,Padmaram, ,0.0
78.1489528,17.12126096,Shabad,Ananthawaram, ,0.0
78.1538483,17.1830631,Shabad,Bhongirpalle, ,0.0
78.16447664,17.2278829,Shabad,Rudraram, ,0.0
78.1320443,17.17383796,Shabad,Shabad, ,0.0
78.22490502,17.24987025,Shabad,Solipet, ,0.0
78.12525192,17.09282622,Farooqnagar,Mogalagidda, ,0.0
78.77707812,16.79495993,Madgul,Andugul, ,0.0
78.62933665,16.82728876,Madgul,Kalakonda, ,0.0
78.12954632,17.07279718,Farooqnagar,Mogalagidda, ,0.0
78.07980256,17.50663014,Shankarpalle,Mahalingapuram, ,0.0
78.2019699,17.44763726,Shankarpalle,Kondakal, ,0.0
78.20361421,17.43180882,Shankarpalle,Mokila, ,0.0
78.18138382,17.36875003,Moinabad,Medipalle, ,0.0
78.18289052,17.30635684,Chevella,Mudimyal, ,0.0
78.18101111,17.33279908,Chevella,Kummera, ,0.0
78.32833942,17.38311798,Gandipet,Narsingi, ,0.0
78.34512226,17.47893346,Serilingampally,Kondapur, ,0.0
78.3587944,17.4731564,Serilingampally,Kondapur, ,0.0
78.41440684,17.58033952,Dundigal_Gandimaisamma,Dommara Pochampalle, ,0.0
78.51493737,17.65324798,Medchel,Ravalkole, ,0.0
78.69007704,17.64715385,Shamirpet,Mooduchintalapalle, ,0.0
78.64366334,17.5814945,Shamirpet,Ponnal, ,0.0
78.662041,17.52057025,Keesara,Keesara Daira, ,0.0
78.71159192,17.37760448,Abdullapurmet,Bandaraviryal, ,0.0
78.72814484,17.3656943,Abdullapurmet,Bandaraviryal, ,0.0
78.67919669,17.37793927,Abdullapurmet,Bacharam, ,0.0
77.99843767,16.99293777,Chowdergudem,Chalivendrampalle, ,0.0
77.97984291,17.08576814,Chowdergudem,Chowdargudem(Jilled), ,0.0
78.01124843,17.11740142,Chowdergudem,Vanampalle, ,0.0
78.02661492,17.10907835,Kondurg,Kondurg(West), ,0.0
78.00765128,16.98626563,Chowdergudem,Chalivendrampalle, ,0.0
78.07333415,17.09039195,Kondurg,Mahadevpoor, ,0.0
78.09767056,17.05177355,Farooqnagar,Kandivanam, ,0.0
78.6361084,16.92900161,Kadthal,Cherikonda(P.Kurty), ,0.0
78.64317864,16.92803587,Kadthal,Cherikonda(P.Kurty), ,0.0
78.6928194,16.80009097,Madgul,Irwin, ,0.0
78.75300837,16.77972798,Madgul,Girikothapalle, ,0.0
78.67536687,16.83017897,Madgul,Madgul, ,0.0
78.64025417,16.89534876,Madgul,Nagilla, ,0.0
78.63799477,16.78243032,Madgul,Kalakonda, ,0.0
77.96092917,17.01271481,Chowdergudem,Malkapahad, ,0.0
77.948239,17.01652555,Chowdergudem,Malkapahad, ,0.0
78.46676851,16.98883504,Kandukur,Dasarlapalle, ,0.0
78.70947971,17.04782391,Yacharam,Mandigowrelly, ,0.0
78.63614562,17.45163004,Keesara,Rampalle, ,0.0
78.58266694,17.46889056,Kapra,Kapra-000, ,0.0
78.54900762,17.46418498,Malkajgiri,Malkajgiri-0, ,0.0
78.56552245,17.53119436,Alwal,Kawkur, ,0.0
78.49916374,17.51887065,Alwal,Alwal-0, ,0.0
78.39953565,17.48366962,Kukatpally,KPHB Colony-0, ,0.0
78.38003117,17.49367586,Kukatpally,Hydernagar-0, ,0.0
78.40956981,17.50731024,Kukatpally,KPHB Colony-0, ,0.0
78.49548995,17.5532343,Dundigal_Gandimaisamma,Kompalle, ,0.0
78.48601413,17.53848312,Dundigal_Gandimaisamma,Kompalle, ,0.0
78.57242193,17.68123061,Shamirpet,Turkapalle, ,0.0
78.58338249,17.49244094,Kapra,Kapra-000, ,0.0
78.56373652,17.50882823,Kapra,Kapra-000, ,0.0
78.60329455,17.66890833,Shamirpet,Turkapalle, ,0.0
78.62442661,17.64025288,Shamirpet,Sampanbole, ,0.0
78.48050279,16.81836857,Talakondapalle,Venkatraopeta, ,0.0
78.34827159,16.98840336,Keshampeta,Alwal, ,0.0
78.34127227,17.00184594,Keshampeta,Alwal, ,0.0
78.35070127,16.98599906,Keshampeta,Alwal, ,0.0
78.34895978,16.92998928,Keshampeta,Bodanampalle, ,0.0
78.28679346,16.97460294,Keshampeta,Ippalapalle, ,0.0
78.35255646,16.96392439,Keshampeta,Keshampet, ,0.0
78.32410588,16.86378824,Keshampeta,Lingamdana, ,0.0
78.34408636,16.8963174,Keshampeta,Nirdavelly, ,0.0
78.35424502,16.88874362,Keshampeta,Nirdavelly, ,0.0
78.27484285,17.00847856,Keshampeta,Papireddiguda, ,0.0
77.96878292,17.05130667,Chowdergudem,Chegireddy Ghanpur, ,0.0
78.09046012,17.06508669,Kondurg,Chinnayelkicherla, ,0.0
77.99457434,17.07809788,Chowdergudem,Chowdargudem(Jilled), ,0.0
77.98487046,17.06367486,Chowdergudem,Chowdargudem(Jilled), ,0.0
78.0348133,17.10072866,Kondurg,Kondurg(West), ,0.0
78.02381246,17.091043,Kondurg,Kondurg(West), ,0.0
78.07397268,17.15332407,Kondurg,Mutpoor, ,0.0
77.96855225,17.08151598,Chowdergudem,Padmaram, ,0.0
78.00607546,17.09118594,Chowdergudem,Thoompalle, ,0.0
78.63137135,16.87391361,Madgul,Dodlapahad, ,0.0
78.521159,16.927044,Kadthal,Karkalpahad, ,0.0
78.55005599,16.85171016,Amangal,Amangal, ,0.0
78.19353323,16.97427101,Farooqnagar,Burgul, ,0.0
78.22328585,16.97439628,Farooqnagar,Burgul, ,0.0
78.21673734,17.09202528,Farooqnagar,Chattanpalle, ,0.0
78.08683724,17.03879749,Farooqnagar,Chinchod, ,0.0
78.16116544,17.07751056,Farooqnagar,Elkata, ,0.0
78.15160576,17.06960619,Farooqnagar,Elkata, ,0.0
78.15125423,17.06342488,Farooqnagar,Elkata, ,0.0
78.2697714,17.04202722,Farooqnagar,Veljerla(), ,0.0
78.18524068,17.08244669,Farooqnagar,Farooqnagar(U.A), ,0.0
78.19777137,17.082217,Farooqnagar,Farooqnagar(U.A), ,0.0
78.15815403,17.06338009,Farooqnagar,Krishnanagar, ,0.0
78.25104579,16.98271093,Farooqnagar,Madhurapur, ,0.0
78.25255468,16.9808281,Farooqnagar,Madhurapur, ,0.0
78.17439396,17.01384328,Farooqnagar,Jagammaguda, ,0.0
78.40993958,16.93345653,Talakondapalle,Padakal, ,0.0
78.42942175,16.97270946,Kadthal,Ravichedu, ,0.0
78.46365778,16.94809049,Kadthal,Chellampalle, ,0.0
78.3441921,16.83432785,Talakondapalle,Antharam, ,0.0
78.4484715,16.80636603,Talakondapalle,Gattu Ippalapalle, ,0.0
78.42326415,16.90062251,Talakondapalle,Talakondapalle, ,0.0
78.42712789,16.89454521,Talakondapalle,Talakondapalle, ,0.0
78.48588301,16.953861,Kadthal,Vampuguda, ,0.0
78.4819874,16.89387823,Talakondapalle,Yadavalli, ,0.0
78.48536283,16.95716476,Kadthal,Vampuguda, ,0.0
78.47982138,16.8358807,Talakondapalle,Garvipalle, ,0.0
78.46399245,16.8046897,Talakondapalle,Gattu Ippalapalle, ,0.0
78.46714066,16.80737653,Talakondapalle,Gattu Ippalapalle, ,0.0
78.42144714,16.95765912,Talakondapalle,Padakal, ,0.0
78.41938013,16.82668305,Talakondapalle,Medakpalle, ,0.0
